id,curso,eje,codigo_oa,texto_oa,habilidad_evaluada,condiciones_curriculares,contexto,model,prompt,problem,solution,answer,raw_response,parse_error
MA01-OA-02-01,1° básico,Números y operaciones,MA01 OA 02,"Identificar el orden de los elementos de una serie, utilizando números ordinales del primero (1º) al décimo (10º).",identificar una posición ordinal,Usar números ordinales desde 1º hasta 10º.,fila de estudiantes,HuggingFaceTB/SmolLM3-3B,"Genera un problema matemático verbal para un estudiante de 1° básico.
Debe estar alineado con el siguiente Objetivo de Aprendizaje: Identificar el orden de los elementos de una serie, utilizando números ordinales del primero (1º) al décimo (10º).
Habilidad a evaluar: identificar una posición ordinal.
Condiciones curriculares: Usar números ordinales desde 1º hasta 10º..
Contexto: fila de estudiantes.
Entrega el problema, su solución y la respuesta final.
Responde únicamente con un objeto JSON válido con esta estructura: {""problem"": ""..."", ""solution"": ""..."", ""answer"": ""...""}","En una fila de estudiantes, el primero es Juan, el segundo es María, el tercero es Luis, el cuarto es Ana, el quinto es Carlos, el sexto es Diego, el séptimo es Sofía, el octavo es Pablo, el noveno es Elena y el décimo es David. ¿Cuál es el número ordinal del estudiante que está en la posición número 6 de la fila?","Para encontrar el número ordinal del estudiante que está en la posición número 6 de la fila, simplemente debemos usar el ordinal correspondiente a esa posición. El estudiante que está en la posición 6 es Diego, por lo tanto, el número ordinal de Diego es 6º.",6º,"{""problem"": ""En una fila de estudiantes, el primero es Juan, el segundo es María, el tercero es Luis, el cuarto es Ana, el quinto es Carlos, el sexto es Diego, el séptimo es Sofía, el octavo es Pablo, el noveno es Elena y el décimo es David. ¿Cuál es el número ordinal del estudiante que está en la posición número 6 de la fila?"", ""solution"": ""Para encontrar el número ordinal del estudiante que está en la posición número 6 de la fila, simplemente debemos usar el ordinal correspondiente a esa posición. El estudiante que está en la posición 6 es Diego, por lo tanto, el número ordinal de Diego es 6º."", ""answer"": ""6º""}",
MA01-OA-02-02,1° básico,Números y operaciones,MA01 OA 02,"Identificar el orden de los elementos de una serie, utilizando números ordinales del primero (1º) al décimo (10º).",determinar quién ocupa una posición ordinal,Usar números ordinales desde 1º hasta 10º.,carrera escolar,HuggingFaceTB/SmolLM3-3B,"Genera un problema matemático verbal para un estudiante de 1° básico.
Debe estar alineado con el siguiente Objetivo de Aprendizaje: Identificar el orden de los elementos de una serie, utilizando números ordinales del primero (1º) al décimo (10º).
Habilidad a evaluar: determinar quién ocupa una posición ordinal.
Condiciones curriculares: Usar números ordinales desde 1º hasta 10º..
Contexto: carrera escolar.
Entrega el problema, su solución y la respuesta final.
Responde únicamente con un objeto JSON válido con esta estructura: {""problem"": ""..."", ""solution"": ""..."", ""answer"": ""...""}","En una carrera escolar, 10 estudiantes compitieron. Los estudiantes se clasificaron en el siguiente orden: Juan 1º, María 2º, Pedro 3º, Ana 4º, Luis 5º, Sofía 6º, Carlos 7º, Marta 8º, Luisa 9º y Diego 10º. ¿Quién ocupó la posición 7º en la carrera?","Para determinar quién ocupó la posición 7º, debemos buscar al estudiante que aparece en el 7º lugar de la lista. En la lista de clasificación, el estudiante que ocupa la posición 7º es Carlos.",Carlos,"{""problem"": ""En una carrera escolar, 10 estudiantes compitieron. Los estudiantes se clasificaron en el siguiente orden: Juan 1º, María 2º, Pedro 3º, Ana 4º, Luis 5º, Sofía 6º, Carlos 7º, Marta 8º, Luisa 9º y Diego 10º. ¿Quién ocupó la posición 7º en la carrera?"", ""solution"": ""Para determinar quién ocupó la posición 7º, debemos buscar al estudiante que aparece en el 7º lugar de la lista. En la lista de clasificación, el estudiante que ocupa la posición 7º es Carlos."", ""answer"": ""Carlos""}",
MA01-OA-02-03,1° básico,Números y operaciones,MA01 OA 02,"Identificar el orden de los elementos de una serie, utilizando números ordinales del primero (1º) al décimo (10º).",ordenar elementos usando ordinales,Usar números ordinales desde 1º hasta 10º.,estantes con objetos,HuggingFaceTB/SmolLM3-3B,"Genera un problema matemático verbal para un estudiante de 1° básico.
Debe estar alineado con el siguiente Objetivo de Aprendizaje: Identificar el orden de los elementos de una serie, utilizando números ordinales del primero (1º) al décimo (10º).
Habilidad a evaluar: ordenar elementos usando ordinales.
Condiciones curriculares: Usar números ordinales desde 1º hasta 10º..
Contexto: estantes con objetos.
Entrega el problema, su solución y la respuesta final.
Responde únicamente con un objeto JSON válido con esta estructura: {""problem"": ""..."", ""solution"": ""..."", ""answer"": ""...""}","En un almacén hay 10 estantes con diferentes objetos. Los estantes están ordenados de izquierda a derecha. El primer estante (1º) tiene una caja de zapatos, el segundo (2º) tiene un libro, el tercero (3º) tiene un bolígrafo, el cuarto (4º) tiene una pelota, el quinto (5º) tiene una taza, el sexto (6º) tiene un lápiz, el séptimo (7º) tiene una taza, el octavo (8º) tiene una caja de lápices, el noveno (9º) tiene una pelota y el décimo (10º) tiene un libro. ¿Qué objeto hay en el séptimo estante?","Para encontrar el objeto en el séptimo estante, debemos identificar el séptimo elemento de la lista de objetos ordenados. Según la información proporcionada, el séptimo estante (7º) tiene una taza.",La taza,"{""problem"": ""En un almacén hay 10 estantes con diferentes objetos. Los estantes están ordenados de izquierda a derecha. El primer estante (1º) tiene una caja de zapatos, el segundo (2º) tiene un libro, el tercero (3º) tiene un bolígrafo, el cuarto (4º) tiene una pelota, el quinto (5º) tiene una taza, el sexto (6º) tiene un lápiz, el séptimo (7º) tiene una taza, el octavo (8º) tiene una caja de lápices, el noveno (9º) tiene una pelota y el décimo (10º) tiene un libro. ¿Qué objeto hay en el séptimo estante?"", ""solution"": ""Para encontrar el objeto en el séptimo estante, debemos identificar el séptimo elemento de la lista de objetos ordenados. Según la información proporcionada, el séptimo estante (7º) tiene una taza."", ""answer"": ""La taza""}",
MA01-OA-02-04,1° básico,Números y operaciones,MA01 OA 02,"Identificar el orden de los elementos de una serie, utilizando números ordinales del primero (1º) al décimo (10º).",relacionar posición y número ordinal,Usar números ordinales desde 1º hasta 10º.,turnos de juego,HuggingFaceTB/SmolLM3-3B,"Genera un problema matemático verbal para un estudiante de 1° básico.
Debe estar alineado con el siguiente Objetivo de Aprendizaje: Identificar el orden de los elementos de una serie, utilizando números ordinales del primero (1º) al décimo (10º).
Habilidad a evaluar: relacionar posición y número ordinal.
Condiciones curriculares: Usar números ordinales desde 1º hasta 10º..
Contexto: turnos de juego.
Entrega el problema, su solución y la respuesta final.
Responde únicamente con un objeto JSON válido con esta estructura: {""problem"": ""..."", ""solution"": ""..."", ""answer"": ""...""}","Durante un juego de mesa, los jugadores se turnan en el siguiente orden: 1º, 2º, 3º, 4º, 5º, 6º, 7º, 8º, 9º y 10º. ¿Cuál es el número ordinal del jugador que juega en el tercer turno?",El número ordinal del jugador que juega en el tercer turno es el 3º.,3º,"{""problem"": ""Durante un juego de mesa, los jugadores se turnan en el siguiente orden: 1º, 2º, 3º, 4º, 5º, 6º, 7º, 8º, 9º y 10º. ¿Cuál es el número ordinal del jugador que juega en el tercer turno?"", ""solution"": ""El número ordinal del jugador que juega en el tercer turno es el 3º."", ""answer"": ""3º""}",
MA01-OA-02-05,1° básico,Números y operaciones,MA01 OA 02,"Identificar el orden de los elementos de una serie, utilizando números ordinales del primero (1º) al décimo (10º).",interpretar posiciones en una secuencia,Usar números ordinales desde 1º hasta 10º.,orden de llegada,HuggingFaceTB/SmolLM3-3B,"Genera un problema matemático verbal para un estudiante de 1° básico.
Debe estar alineado con el siguiente Objetivo de Aprendizaje: Identificar el orden de los elementos de una serie, utilizando números ordinales del primero (1º) al décimo (10º).
Habilidad a evaluar: interpretar posiciones en una secuencia.
Condiciones curriculares: Usar números ordinales desde 1º hasta 10º..
Contexto: orden de llegada.
Entrega el problema, su solución y la respuesta final.
Responde únicamente con un objeto JSON válido con esta estructura: {""problem"": ""..."", ""solution"": ""..."", ""answer"": ""...""}","Un grupo de 10 niños llegaron a la escuela. ¿Cuál es el orden de llegada de los niños si el primero llegó a las 8:00 AM, el segundo a las 8:05 AM, el tercero a las 8:10 AM, el cuarto a las 8:15 AM, el quinto a las 8:20 AM, el sexto a las 8:25 AM, el séptimo a las 8:30 AM, el octavo a las 8:35 AM, el noveno a las 8:40 AM y el décimo a las 8:45 AM?","Para determinar el orden de llegada de los niños, primero listamos los números ordinales correspondientes a cada posición en la secuencia: 1º, 2º, 3º, 4º, 5º, 6º, 7º, 8º, 9º y 10º. Luego, asociamos cada número ordinal con la hora de llegada: 1º llegó a las 8:00 AM, 2º a las 8:05 AM, 3º a las 8:10 AM, 4º a las 8:15 AM, 5º a las 8:20 AM, 6º a las 8:25 AM, 7º a las 8:30 AM, 8º a las 8:35 AM, 9º a las 8:40 AM y 10º a las 8:45 AM. Por lo tanto, el orden de llegada de los niños es: 1º, 2º, 3º, 4º, 5º, 6º, 7º, 8º, 9º y 10º.","El orden de llegada de los niños es 1º, 2º, 3º, 4º, 5º, 6º, 7º, 8º, 9º y 10º.","{""problem"": ""Un grupo de 10 niños llegaron a la escuela. ¿Cuál es el orden de llegada de los niños si el primero llegó a las 8:00 AM, el segundo a las 8:05 AM, el tercero a las 8:10 AM, el cuarto a las 8:15 AM, el quinto a las 8:20 AM, el sexto a las 8:25 AM, el séptimo a las 8:30 AM, el octavo a las 8:35 AM, el noveno a las 8:40 AM y el décimo a las 8:45 AM?"", ""solution"": ""Para determinar el orden de llegada de los niños, primero listamos los números ordinales correspondientes a cada posición en la secuencia: 1º, 2º, 3º, 4º, 5º, 6º, 7º, 8º, 9º y 10º. Luego, asociamos cada número ordinal con la hora de llegada: 1º llegó a las 8:00 AM, 2º a las 8:05 AM, 3º a las 8:10 AM, 4º a las 8:15 AM, 5º a las 8:20 AM, 6º a las 8:25 AM, 7º a las 8:30 AM, 8º a las 8:35 AM, 9º a las 8:40 AM y 10º a las 8:45 AM. Por lo tanto, el orden de llegada de los niños es: 1º, 2º, 3º, 4º, 5º, 6º, 7º, 8º, 9º y 10º."", ""answer"": ""El orden de llegada de los niños es 1º, 2º, 3º, 4º, 5º, 6º, 7º, 8º, 9º y 10º.""}",
MA01-OA-04-01,1° básico,Números y operaciones,MA01 OA 04,"Comparar y ordenar números del 0 al 20 de menor a mayor y/o viceversa, utilizando material concreto y/o usando software educativo.",comparar dos números,Usar números naturales entre 0 y 20.,colección de juguetes,HuggingFaceTB/SmolLM3-3B,"Genera un problema matemático verbal para un estudiante de 1° básico.
Debe estar alineado con el siguiente Objetivo de Aprendizaje: Comparar y ordenar números del 0 al 20 de menor a mayor y/o viceversa, utilizando material concreto y/o usando software educativo.
Habilidad a evaluar: comparar dos números.
Condiciones curriculares: Usar números naturales entre 0 y 20..
Contexto: colección de juguetes.
Entrega el problema, su solución y la respuesta final.
Responde únicamente con un objeto JSON válido con esta estructura: {""problem"": ""..."", ""solution"": ""..."", ""answer"": ""...""}","En una caja de juguetes, hay 5 muñecas y 7 peluches. ¿Cuál es el número de juguetes que hay en total en la caja? ¿Cuál es el número de peluches que hay menos que el número de muñecas?","Primero, sumamos el número de muñecas y peluches: 5 + 7 = 12 juguetes en total. Luego, comparamos el número de peluches (7) con el número de muñecas (5). 5 es menos que 7.","12 juguetes en total, y 5 es menos que 7 peluches.","{""problem"": ""En una caja de juguetes, hay 5 muñecas y 7 peluches. ¿Cuál es el número de juguetes que hay en total en la caja? ¿Cuál es el número de peluches que hay menos que el número de muñecas?"", ""solution"": ""Primero, sumamos el número de muñecas y peluches: 5 + 7 = 12 juguetes en total. Luego, comparamos el número de peluches (7) con el número de muñecas (5). 5 es menos que 7."", ""answer"": ""12 juguetes en total, y 5 es menos que 7 peluches.""}",
MA01-OA-04-02,1° básico,Números y operaciones,MA01 OA 04,"Comparar y ordenar números del 0 al 20 de menor a mayor y/o viceversa, utilizando material concreto y/o usando software educativo.",ordenar números de menor a mayor,Usar números naturales entre 0 y 20.,puntajes de un juego,HuggingFaceTB/SmolLM3-3B,"Genera un problema matemático verbal para un estudiante de 1° básico.
Debe estar alineado con el siguiente Objetivo de Aprendizaje: Comparar y ordenar números del 0 al 20 de menor a mayor y/o viceversa, utilizando material concreto y/o usando software educativo.
Habilidad a evaluar: ordenar números de menor a mayor.
Condiciones curriculares: Usar números naturales entre 0 y 20..
Contexto: puntajes de un juego.
Entrega el problema, su solución y la respuesta final.
Responde únicamente con un objeto JSON válido con esta estructura: {""problem"": ""..."", ""solution"": ""..."", ""answer"": ""...""}","En un juego de cartas, los jugadores reciben un puntaje entre 0 y 20 basado en sus habilidades. El puntaje más bajo que se puede obtener es 0 y el más alto es 20. Los jugadores quieren saber cuál es el puntaje más bajo y cuál es el más alto. Ayúdalos a ordenar los puntajes de menor a mayor. Los puntajes son: 5, 12, 0, 18, 7, 15, 2, 19, 10, 8. ¿Cuál es el puntaje más bajo y cuál es el más alto?","Primero, ordenamos los números de menor a mayor: 0, 2, 5, 7, 8, 10, 12, 15, 18, 19. El puntaje más bajo es 0 y el más alto es 19.",0 y 19,"{""problem"": ""En un juego de cartas, los jugadores reciben un puntaje entre 0 y 20 basado en sus habilidades. El puntaje más bajo que se puede obtener es 0 y el más alto es 20. Los jugadores quieren saber cuál es el puntaje más bajo y cuál es el más alto. Ayúdalos a ordenar los puntajes de menor a mayor. Los puntajes son: 5, 12, 0, 18, 7, 15, 2, 19, 10, 8. ¿Cuál es el puntaje más bajo y cuál es el más alto?"", ""solution"": ""Primero, ordenamos los números de menor a mayor: 0, 2, 5, 7, 8, 10, 12, 15, 18, 19. El puntaje más bajo es 0 y el más alto es 19."", ""answer"": ""0 y 19""}",
MA01-OA-04-03,1° básico,Números y operaciones,MA01 OA 04,"Comparar y ordenar números del 0 al 20 de menor a mayor y/o viceversa, utilizando material concreto y/o usando software educativo.",ordenar números de mayor a menor,Usar números naturales entre 0 y 20.,cantidad de frutas,HuggingFaceTB/SmolLM3-3B,"Genera un problema matemático verbal para un estudiante de 1° básico.
Debe estar alineado con el siguiente Objetivo de Aprendizaje: Comparar y ordenar números del 0 al 20 de menor a mayor y/o viceversa, utilizando material concreto y/o usando software educativo.
Habilidad a evaluar: ordenar números de mayor a menor.
Condiciones curriculares: Usar números naturales entre 0 y 20..
Contexto: cantidad de frutas.
Entrega el problema, su solución y la respuesta final.
Responde únicamente con un objeto JSON válido con esta estructura: {""problem"": ""..."", ""solution"": ""..."", ""answer"": ""...""}",Hermes tiene 5 manzanas y 10 plátanos. ¿Cuántas frutas tiene en total? ¿Cuál es la cantidad de manzanas si se compara con la cantidad de plátanos?,"Primero, sumamos la cantidad de manzanas y plátanos: 5 manzanas + 10 plátanos = 15 frutas en total. Luego, para comparar la cantidad de manzanas con la cantidad de plátanos, restamos la cantidad de manzanas de la cantidad de plátanos: 10 plátanos - 5 manzanas = 5 plátanos más que manzanas.","15 frutas en total, 5 plátanos más que manzanas","{""problem"": ""Hermes tiene 5 manzanas y 10 plátanos. ¿Cuántas frutas tiene en total? ¿Cuál es la cantidad de manzanas si se compara con la cantidad de plátanos?"", ""solution"": ""Primero, sumamos la cantidad de manzanas y plátanos: 5 manzanas + 10 plátanos = 15 frutas en total. Luego, para comparar la cantidad de manzanas con la cantidad de plátanos, restamos la cantidad de manzanas de la cantidad de plátanos: 10 plátanos - 5 manzanas = 5 plátanos más que manzanas."", ""answer"": ""15 frutas en total, 5 plátanos más que manzanas""}",
MA01-OA-04-04,1° básico,Números y operaciones,MA01 OA 04,"Comparar y ordenar números del 0 al 20 de menor a mayor y/o viceversa, utilizando material concreto y/o usando software educativo.",identificar el número mayor o menor,Usar números naturales entre 0 y 20.,libros leídos,HuggingFaceTB/SmolLM3-3B,"Genera un problema matemático verbal para un estudiante de 1° básico.
Debe estar alineado con el siguiente Objetivo de Aprendizaje: Comparar y ordenar números del 0 al 20 de menor a mayor y/o viceversa, utilizando material concreto y/o usando software educativo.
Habilidad a evaluar: identificar el número mayor o menor.
Condiciones curriculares: Usar números naturales entre 0 y 20..
Contexto: libros leídos.
Entrega el problema, su solución y la respuesta final.
Responde únicamente con un objeto JSON válido con esta estructura: {""problem"": ""..."", ""solution"": ""..."", ""answer"": ""...""}","Había una vez un libro llamado 'La Aventura de los Números'. En este libro, los números del 0 al 20 se presentan en una aventura mágica. Los números van en orden de menor a mayor, pero se pierden y necesitas ayudar a los niños a encontrarlos y ordenarlos nuevamente. ¿Puedes encontrar el número más pequeño y el más grande entre los siguientes: 5, 9, 1, 12, 7, 15, 3, 20, 8, 14, 2, 10, 6, 18, 4, 16, 11, 13, 19, 17? Ordena los números del 0 al 20 de menor a mayor y resuelve la aventura de los números.","Primero, identificamos el número más pequeño, que es 0, y el número más grande, que es 20. Luego, ordenamos los números del 0 al 20 de menor a mayor: 0, 1, 2, 3, 4, 5, 6, 7, 8, 9, 10, 11, 12, 13, 14, 15, 16, 17, 18, 19, 20.","La respuesta final es: 0, 1, 2, 3, 4, 5, 6, 7, 8, 9, 10, 11, 12, 13, 14, 15, 16, 17, 18, 19, 20.","{""problem"": ""Había una vez un libro llamado 'La Aventura de los Números'. En este libro, los números del 0 al 20 se presentan en una aventura mágica. Los números van en orden de menor a mayor, pero se pierden y necesitas ayudar a los niños a encontrarlos y ordenarlos nuevamente. ¿Puedes encontrar el número más pequeño y el más grande entre los siguientes: 5, 9, 1, 12, 7, 15, 3, 20, 8, 14, 2, 10, 6, 18, 4, 16, 11, 13, 19, 17? Ordena los números del 0 al 20 de menor a mayor y resuelve la aventura de los números."", ""solution"": ""Primero, identificamos el número más pequeño, que es 0, y el número más grande, que es 20. Luego, ordenamos los números del 0 al 20 de menor a mayor: 0, 1, 2, 3, 4, 5, 6, 7, 8, 9, 10, 11, 12, 13, 14, 15, 16, 17, 18, 19, 20."", ""answer"": ""La respuesta final es: 0, 1, 2, 3, 4, 5, 6, 7, 8, 9, 10, 11, 12, 13, 14, 15, 16, 17, 18, 19, 20.""}",
MA01-OA-04-05,1° básico,Números y operaciones,MA01 OA 04,"Comparar y ordenar números del 0 al 20 de menor a mayor y/o viceversa, utilizando material concreto y/o usando software educativo.",insertar un número en una secuencia ordenada,Usar números naturales entre 0 y 20.,animales de juguete,HuggingFaceTB/SmolLM3-3B,"Genera un problema matemático verbal para un estudiante de 1° básico.
Debe estar alineado con el siguiente Objetivo de Aprendizaje: Comparar y ordenar números del 0 al 20 de menor a mayor y/o viceversa, utilizando material concreto y/o usando software educativo.
Habilidad a evaluar: insertar un número en una secuencia ordenada.
Condiciones curriculares: Usar números naturales entre 0 y 20..
Contexto: animales de juguete.
Entrega el problema, su solución y la respuesta final.
Responde únicamente con un objeto JSON válido con esta estructura: {""problem"": ""..."", ""solution"": ""..."", ""answer"": ""...""}","Tienes 20 juguetes animales en una bolsa. Quieres ordenarlos de menor a mayor según su tamaño. Los juguetes son: 1 oveja, 3 conejos, 5 gatos, 2 pájaros, 4 tigres y 5 peces. ¿Cuál es el orden correcto de los juguetes de menor a mayor según su tamaño? Responde con la lista ordenada.","Primero, vamos a listar los juguetes y sus cantidades: 1 oveja, 3 conejos, 5 gatos, 2 pájaros, 4 tigres y 5 peces. Luego, ordenamos los juguetes según su cantidad: 1 oveja, 2 pájaros, 3 conejos, 4 tigres, 5 gatos y 5 peces. Por último, agrupamos los juguetes con el mismo tamaño: 1 oveja, 2 pájaros, 3 conejos, 4 tigres, 5 gatos y 5 peces.","La secuencia correcta de los juguetos de menor a mayor según su tamaño es: 1 oveja, 2 pájaros, 3 conejos, 4 tigres, 5 gatos y 5 peces.","{""problem"": ""Tienes 20 juguetes animales en una bolsa. Quieres ordenarlos de menor a mayor según su tamaño. Los juguetes son: 1 oveja, 3 conejos, 5 gatos, 2 pájaros, 4 tigres y 5 peces. ¿Cuál es el orden correcto de los juguetes de menor a mayor según su tamaño? Responde con la lista ordenada."", ""solution"": ""Primero, vamos a listar los juguetes y sus cantidades: 1 oveja, 3 conejos, 5 gatos, 2 pájaros, 4 tigres y 5 peces. Luego, ordenamos los juguetes según su cantidad: 1 oveja, 2 pájaros, 3 conejos, 4 tigres, 5 gatos y 5 peces. Por último, agrupamos los juguetes con el mismo tamaño: 1 oveja, 2 pájaros, 3 conejos, 4 tigres, 5 gatos y 5 peces."", ""answer"": ""La secuencia correcta de los juguetos de menor a mayor según su tamaño es: 1 oveja, 2 pájaros, 3 conejos, 4 tigres, 5 gatos y 5 peces.""}",
MA01-OA-09-01,1° básico,Números y operaciones,MA01 OA 09,"Demostrar que comprenden la adición y la sustracción de números del 0 al 20 progresivamente, de 0 a 5, de 6 a 10, de 11 a 20 con dos sumandos:
• usando un lenguaje cotidiano para describir acciones desde su propia experiencia
• representando adiciones y sustracciones con material concreto y pictórico, de manera manual y/o usando software educativo
• representando el proceso en forma simbólica
• resolviendo problemas en contextos familiares
• creando problemas matemáticos y resolviéndolos.",resolver una adición,"Usar números entre 0 y 20, con dos sumandos cuando corresponda y contextos familiares para 1° básico.",juguetes,HuggingFaceTB/SmolLM3-3B,"Genera un problema matemático verbal para un estudiante de 1° básico.
Debe estar alineado con el siguiente Objetivo de Aprendizaje: Demostrar que comprenden la adición y la sustracción de números del 0 al 20 progresivamente, de 0 a 5, de 6 a 10, de 11 a 20 con dos sumandos:
• usando un lenguaje cotidiano para describir acciones desde su propia experiencia
• representando adiciones y sustracciones con material concreto y pictórico, de manera manual y/o usando software educativo
• representando el proceso en forma simbólica
• resolviendo problemas en contextos familiares
• creando problemas matemáticos y resolviéndolos.
Habilidad a evaluar: resolver una adición.
Condiciones curriculares: Usar números entre 0 y 20, con dos sumandos cuando corresponda y contextos familiares para 1° básico..
Contexto: juguetes.
Entrega el problema, su solución y la respuesta final.
Responde únicamente con un objeto JSON válido con esta estructura: {""problem"": ""..."", ""solution"": ""..."", ""answer"": ""...""}",Marcela y su hermana Ana tienen juguetes en su casa. Marcela tiene 7 juguetes y su hermana Ana tiene 3 juguetes más que ella. ¿Cuántos juguetes tienen en total?,"Primero, encontramos cuántos juguetes tiene Ana. Ana tiene 7 juguetes de Marcela más 3 juguetes, por lo que 7 + 3 = 10 juguetes. Luego, sumamos los juguetes de Marcela y los de Ana: 7 + 10 = 17 juguetes en total.",17,"{""problem"": ""Marcela y su hermana Ana tienen juguetes en su casa. Marcela tiene 7 juguetes y su hermana Ana tiene 3 juguetes más que ella. ¿Cuántos juguetes tienen en total?"", ""solution"": ""Primero, encontramos cuántos juguetes tiene Ana. Ana tiene 7 juguetes de Marcela más 3 juguetes, por lo que 7 + 3 = 10 juguetes. Luego, sumamos los juguetes de Marcela y los de Ana: 7 + 10 = 17 juguetes en total."", ""answer"": ""17""}",
MA01-OA-09-02,1° básico,Números y operaciones,MA01 OA 09,"Demostrar que comprenden la adición y la sustracción de números del 0 al 20 progresivamente, de 0 a 5, de 6 a 10, de 11 a 20 con dos sumandos:
• usando un lenguaje cotidiano para describir acciones desde su propia experiencia
• representando adiciones y sustracciones con material concreto y pictórico, de manera manual y/o usando software educativo
• representando el proceso en forma simbólica
• resolviendo problemas en contextos familiares
• creando problemas matemáticos y resolviéndolos.",resolver una sustracción,"Usar números entre 0 y 20, con dos sumandos cuando corresponda y contextos familiares para 1° básico.",mascotas,HuggingFaceTB/SmolLM3-3B,"Genera un problema matemático verbal para un estudiante de 1° básico.
Debe estar alineado con el siguiente Objetivo de Aprendizaje: Demostrar que comprenden la adición y la sustracción de números del 0 al 20 progresivamente, de 0 a 5, de 6 a 10, de 11 a 20 con dos sumandos:
• usando un lenguaje cotidiano para describir acciones desde su propia experiencia
• representando adiciones y sustracciones con material concreto y pictórico, de manera manual y/o usando software educativo
• representando el proceso en forma simbólica
• resolviendo problemas en contextos familiares
• creando problemas matemáticos y resolviéndolos.
Habilidad a evaluar: resolver una sustracción.
Condiciones curriculares: Usar números entre 0 y 20, con dos sumandos cuando corresponda y contextos familiares para 1° básico..
Contexto: mascotas.
Entrega el problema, su solución y la respuesta final.
Responde únicamente con un objeto JSON válido con esta estructura: {""problem"": ""..."", ""solution"": ""..."", ""answer"": ""...""}","María tiene 12 gatos. Le regaló 5 gatos a su prima. ¿Cuántos gatos tiene ahora María? Resuelve este problema usando números entre 0 y 20, con dos sumandos, y contextos familiares.","Primero, sabemos que María tenía 12 gatos. Luego, le regaló 5 gatos a su prima. Para encontrar cuántos gatos tiene ahora, restamos 5 de 12. 12 - 5 = 7. Por lo tanto, María tiene 7 gatos ahora.",7,"{""problem"": ""María tiene 12 gatos. Le regaló 5 gatos a su prima. ¿Cuántos gatos tiene ahora María? Resuelve este problema usando números entre 0 y 20, con dos sumandos, y contextos familiares."", ""solution"": ""Primero, sabemos que María tenía 12 gatos. Luego, le regaló 5 gatos a su prima. Para encontrar cuántos gatos tiene ahora, restamos 5 de 12. 12 - 5 = 7. Por lo tanto, María tiene 7 gatos ahora."", ""answer"": ""7""}",
MA01-OA-09-03,1° básico,Números y operaciones,MA01 OA 09,"Demostrar que comprenden la adición y la sustracción de números del 0 al 20 progresivamente, de 0 a 5, de 6 a 10, de 11 a 20 con dos sumandos:
• usando un lenguaje cotidiano para describir acciones desde su propia experiencia
• representando adiciones y sustracciones con material concreto y pictórico, de manera manual y/o usando software educativo
• representando el proceso en forma simbólica
• resolviendo problemas en contextos familiares
• creando problemas matemáticos y resolviéndolos.",identificar una situación de juntar,"Usar números entre 0 y 20, con dos sumandos cuando corresponda y contextos familiares para 1° básico.",frutas,HuggingFaceTB/SmolLM3-3B,"Genera un problema matemático verbal para un estudiante de 1° básico.
Debe estar alineado con el siguiente Objetivo de Aprendizaje: Demostrar que comprenden la adición y la sustracción de números del 0 al 20 progresivamente, de 0 a 5, de 6 a 10, de 11 a 20 con dos sumandos:
• usando un lenguaje cotidiano para describir acciones desde su propia experiencia
• representando adiciones y sustracciones con material concreto y pictórico, de manera manual y/o usando software educativo
• representando el proceso en forma simbólica
• resolviendo problemas en contextos familiares
• creando problemas matemáticos y resolviéndolos.
Habilidad a evaluar: identificar una situación de juntar.
Condiciones curriculares: Usar números entre 0 y 20, con dos sumandos cuando corresponda y contextos familiares para 1° básico..
Contexto: frutas.
Entrega el problema, su solución y la respuesta final.
Responde únicamente con un objeto JSON válido con esta estructura: {""problem"": ""..."", ""solution"": ""..."", ""answer"": ""...""}",Hermes tiene 3 manzanas y 2 naranjas. ¿Cuántas frutas tiene en total? ¿Qué pasa si le da una manzana a su hermano? ¿Cuántas frutas le quedan a Hermes?,"Primero, sumamos las manzanas y las naranjas que tiene Hermes: 3 manzanas + 2 naranjas = 5 frutas. Luego, si le da una manzana a su hermano, le quedan 5 frutas - 1 manzana = 4 frutas. Por lo tanto, Hermes tiene 4 frutas en total.",4,"{""problem"": ""Hermes tiene 3 manzanas y 2 naranjas. ¿Cuántas frutas tiene en total? ¿Qué pasa si le da una manzana a su hermano? ¿Cuántas frutas le quedan a Hermes?"", ""solution"": ""Primero, sumamos las manzanas y las naranjas que tiene Hermes: 3 manzanas + 2 naranjas = 5 frutas. Luego, si le da una manzana a su hermano, le quedan 5 frutas - 1 manzana = 4 frutas. Por lo tanto, Hermes tiene 4 frutas en total."", ""answer"": ""4""}",
MA01-OA-09-04,1° básico,Números y operaciones,MA01 OA 09,"Demostrar que comprenden la adición y la sustracción de números del 0 al 20 progresivamente, de 0 a 5, de 6 a 10, de 11 a 20 con dos sumandos:
• usando un lenguaje cotidiano para describir acciones desde su propia experiencia
• representando adiciones y sustracciones con material concreto y pictórico, de manera manual y/o usando software educativo
• representando el proceso en forma simbólica
• resolviendo problemas en contextos familiares
• creando problemas matemáticos y resolviéndolos.",identificar una situación de quitar,"Usar números entre 0 y 20, con dos sumandos cuando corresponda y contextos familiares para 1° básico.",útiles escolares,HuggingFaceTB/SmolLM3-3B,"Genera un problema matemático verbal para un estudiante de 1° básico.
Debe estar alineado con el siguiente Objetivo de Aprendizaje: Demostrar que comprenden la adición y la sustracción de números del 0 al 20 progresivamente, de 0 a 5, de 6 a 10, de 11 a 20 con dos sumandos:
• usando un lenguaje cotidiano para describir acciones desde su propia experiencia
• representando adiciones y sustracciones con material concreto y pictórico, de manera manual y/o usando software educativo
• representando el proceso en forma simbólica
• resolviendo problemas en contextos familiares
• creando problemas matemáticos y resolviéndolos.
Habilidad a evaluar: identificar una situación de quitar.
Condiciones curriculares: Usar números entre 0 y 20, con dos sumandos cuando corresponda y contextos familiares para 1° básico..
Contexto: útiles escolares.
Entrega el problema, su solución y la respuesta final.
Responde únicamente con un objeto JSON válido con esta estructura: {""problem"": ""..."", ""solution"": ""..."", ""answer"": ""...""}",María tiene 8 útiles escolares. Su amigo Juan le regala 4 útiles. ¿Cuántos útiles escolares tiene María ahora?,"María tenía 8 útiles. Juan le regaló 4 útiles. Para encontrar el total de útiles que María tiene ahora, sumamos 8 y 4. 8 + 4 = 12. María ahora tiene 12 útiles escolares.",12,"{""problem"": ""María tiene 8 útiles escolares. Su amigo Juan le regala 4 útiles. ¿Cuántos útiles escolares tiene María ahora?"", ""solution"": ""María tenía 8 útiles. Juan le regaló 4 útiles. Para encontrar el total de útiles que María tiene ahora, sumamos 8 y 4. 8 + 4 = 12. María ahora tiene 12 útiles escolares."", ""answer"": ""12""}",
MA01-OA-09-05,1° básico,Números y operaciones,MA01 OA 09,"Demostrar que comprenden la adición y la sustracción de números del 0 al 20 progresivamente, de 0 a 5, de 6 a 10, de 11 a 20 con dos sumandos:
• usando un lenguaje cotidiano para describir acciones desde su propia experiencia
• representando adiciones y sustracciones con material concreto y pictórico, de manera manual y/o usando software educativo
• representando el proceso en forma simbólica
• resolviendo problemas en contextos familiares
• creando problemas matemáticos y resolviéndolos.",crear o completar una situación aditiva o sustractiva,"Usar números entre 0 y 20, con dos sumandos cuando corresponda y contextos familiares para 1° básico.",autos de juguete,HuggingFaceTB/SmolLM3-3B,"Genera un problema matemático verbal para un estudiante de 1° básico.
Debe estar alineado con el siguiente Objetivo de Aprendizaje: Demostrar que comprenden la adición y la sustracción de números del 0 al 20 progresivamente, de 0 a 5, de 6 a 10, de 11 a 20 con dos sumandos:
• usando un lenguaje cotidiano para describir acciones desde su propia experiencia
• representando adiciones y sustracciones con material concreto y pictórico, de manera manual y/o usando software educativo
• representando el proceso en forma simbólica
• resolviendo problemas en contextos familiares
• creando problemas matemáticos y resolviéndolos.
Habilidad a evaluar: crear o completar una situación aditiva o sustractiva.
Condiciones curriculares: Usar números entre 0 y 20, con dos sumandos cuando corresponda y contextos familiares para 1° básico..
Contexto: autos de juguete.
Entrega el problema, su solución y la respuesta final.
Responde únicamente con un objeto JSON válido con esta estructura: {""problem"": ""..."", ""solution"": ""..."", ""answer"": ""...""}","En el patio de juegos de la escuela hay 7 autos de juguete. Luego, llegan 3 autos de juguete más. ¿Cuántos autos de juguete hay en total en el patio de juegos?","Primero, sumamos los 7 autos de juguete que ya estaban en el patio de juegos con los 3 nuevos autos de juguete que llegaron. La suma es 7 + 3 = 10. Por lo tanto, hay 10 autos de juguete en total en el patio de juegos.",10,"{""problem"": ""En el patio de juegos de la escuela hay 7 autos de juguete. Luego, llegan 3 autos de juguete más. ¿Cuántos autos de juguete hay en total en el patio de juegos?"", ""solution"": ""Primero, sumamos los 7 autos de juguete que ya estaban en el patio de juegos con los 3 nuevos autos de juguete que llegaron. La suma es 7 + 3 = 10. Por lo tanto, hay 10 autos de juguete en total en el patio de juegos."", ""answer"": ""10""}",
MA01-OA-10-01,1° básico,Números y operaciones,MA01 OA 10,"Demostrar que la adición y la sustracción son operaciones inversas, de manera concreta, pictórica y simbólica.",usar una resta para comprobar una suma,Trabajar adición y sustracción como operaciones inversas con números adecuados para 1° básico.,bloques,HuggingFaceTB/SmolLM3-3B,"Genera un problema matemático verbal para un estudiante de 1° básico.
Debe estar alineado con el siguiente Objetivo de Aprendizaje: Demostrar que la adición y la sustracción son operaciones inversas, de manera concreta, pictórica y simbólica.
Habilidad a evaluar: usar una resta para comprobar una suma.
Condiciones curriculares: Trabajar adición y sustracción como operaciones inversas con números adecuados para 1° básico..
Contexto: bloques.
Entrega el problema, su solución y la respuesta final.
Responde únicamente con un objeto JSON válido con esta estructura: {""problem"": ""..."", ""solution"": ""..."", ""answer"": ""...""}","En el patio de la escuela hay 8 bloques. Si 3 bloques se llevan a otro lugar, ¿cuántos bloques quedan en el patio?","Para resolver este problema, podemos usar una resta para comprobar la suma. Si inicialmente hay 8 bloques y luego se llevan 3 bloques, podemos restar 3 de 8. 8 - 3 = 5. Por lo tanto, quedan 5 bloques en el patio. Para verificar, si sumamos 3 bloques a los 5 que quedan, obtenemos 5 + 3 = 8, que es el número inicial de bloques.",5,"{""problem"": ""En el patio de la escuela hay 8 bloques. Si 3 bloques se llevan a otro lugar, ¿cuántos bloques quedan en el patio?"", ""solution"": ""Para resolver este problema, podemos usar una resta para comprobar la suma. Si inicialmente hay 8 bloques y luego se llevan 3 bloques, podemos restar 3 de 8. 8 - 3 = 5. Por lo tanto, quedan 5 bloques en el patio. Para verificar, si sumamos 3 bloques a los 5 que quedan, obtenemos 5 + 3 = 8, que es el número inicial de bloques."", ""answer"": ""5""}",
MA01-OA-10-02,1° básico,Números y operaciones,MA01 OA 10,"Demostrar que la adición y la sustracción son operaciones inversas, de manera concreta, pictórica y simbólica.",usar una suma para comprobar una resta,Trabajar adición y sustracción como operaciones inversas con números adecuados para 1° básico.,pegatinas,HuggingFaceTB/SmolLM3-3B,"Genera un problema matemático verbal para un estudiante de 1° básico.
Debe estar alineado con el siguiente Objetivo de Aprendizaje: Demostrar que la adición y la sustracción son operaciones inversas, de manera concreta, pictórica y simbólica.
Habilidad a evaluar: usar una suma para comprobar una resta.
Condiciones curriculares: Trabajar adición y sustracción como operaciones inversas con números adecuados para 1° básico..
Contexto: pegatinas.
Entrega el problema, su solución y la respuesta final.
Responde únicamente con un objeto JSON válido con esta estructura: {""problem"": ""..."", ""solution"": ""..."", ""answer"": ""...""}","Una clase de 1° básico tiene 15 estudiantes. Al final del día, 7 estudiantes se fueron a casa. ¿Cuántos estudiantes quedaron en la clase? Puedes usar pegatinas para ayudarte a resolver el problema.","Primero, dibuja 15 pegatinas para representar a los estudiantes. Luego, quita 7 pegatinas para representar a los estudiantes que se fueron. Los pegatinas que quedan representan a los estudiantes que aún están en la clase. Si sumas 7 pegatinas a las que quedan, obtendrás de nuevo 15 pegatinas. Esto demuestra que la adición y la sustracción son operaciones inversas.",8 estudiantes quedaron en la clase.,"{""problem"": ""Una clase de 1° básico tiene 15 estudiantes. Al final del día, 7 estudiantes se fueron a casa. ¿Cuántos estudiantes quedaron en la clase? Puedes usar pegatinas para ayudarte a resolver el problema."", ""solution"": ""Primero, dibuja 15 pegatinas para representar a los estudiantes. Luego, quita 7 pegatinas para representar a los estudiantes que se fueron. Los pegatinas que quedan representan a los estudiantes que aún están en la clase. Si sumas 7 pegatinas a las que quedan, obtendrás de nuevo 15 pegatinas. Esto demuestra que la adición y la sustracción son operaciones inversas."", ""answer"": ""8 estudiantes quedaron en la clase.""}",
MA01-OA-10-03,1° básico,Números y operaciones,MA01 OA 10,"Demostrar que la adición y la sustracción son operaciones inversas, de manera concreta, pictórica y simbólica.",completar una familia de operaciones,Trabajar adición y sustracción como operaciones inversas con números adecuados para 1° básico.,lápices,HuggingFaceTB/SmolLM3-3B,"Genera un problema matemático verbal para un estudiante de 1° básico.
Debe estar alineado con el siguiente Objetivo de Aprendizaje: Demostrar que la adición y la sustracción son operaciones inversas, de manera concreta, pictórica y simbólica.
Habilidad a evaluar: completar una familia de operaciones.
Condiciones curriculares: Trabajar adición y sustracción como operaciones inversas con números adecuados para 1° básico..
Contexto: lápices.
Entrega el problema, su solución y la respuesta final.
Responde únicamente con un objeto JSON válido con esta estructura: {""problem"": ""..."", ""solution"": ""..."", ""answer"": ""...""}",Juan tiene 10 lápices. Pone 3 lápices en su cuaderno y luego los devuelve. ¿Cuántos lápices tiene ahora? ¿Cómo lo sabes? Explica tu razonamiento.,"Juan tiene 10 lápices al principio. Le quita 3 lápices para ponerlos en su cuaderno, por lo que tiene 10 - 3 = 7 lápices. Luego, devuelve los 3 lápices que puso en su cuaderno, por lo que suma 3 lápices a los 7 que tenía, obteniendo 7 + 3 = 10 lápices. Por lo tanto, Juan tiene 10 lápices al final.",10,"{""problem"": ""Juan tiene 10 lápices. Pone 3 lápices en su cuaderno y luego los devuelve. ¿Cuántos lápices tiene ahora? ¿Cómo lo sabes? Explica tu razonamiento."", ""solution"": ""Juan tiene 10 lápices al principio. Le quita 3 lápices para ponerlos en su cuaderno, por lo que tiene 10 - 3 = 7 lápices. Luego, devuelve los 3 lápices que puso en su cuaderno, por lo que suma 3 lápices a los 7 que tenía, obteniendo 7 + 3 = 10 lápices. Por lo tanto, Juan tiene 10 lápices al final."", ""answer"": ""10""}",
MA01-OA-10-04,1° básico,Números y operaciones,MA01 OA 10,"Demostrar que la adición y la sustracción son operaciones inversas, de manera concreta, pictórica y simbólica.",hallar un término faltante usando la operación inversa,Trabajar adición y sustracción como operaciones inversas con números adecuados para 1° básico.,canicas,HuggingFaceTB/SmolLM3-3B,"Genera un problema matemático verbal para un estudiante de 1° básico.
Debe estar alineado con el siguiente Objetivo de Aprendizaje: Demostrar que la adición y la sustracción son operaciones inversas, de manera concreta, pictórica y simbólica.
Habilidad a evaluar: hallar un término faltante usando la operación inversa.
Condiciones curriculares: Trabajar adición y sustracción como operaciones inversas con números adecuados para 1° básico..
Contexto: canicas.
Entrega el problema, su solución y la respuesta final.
Responde únicamente con un objeto JSON válido con esta estructura: {""problem"": ""..."", ""solution"": ""..."", ""answer"": ""...""}","En un recipiente hay 12 canicas. Si se sacan 7 canicas, ¿cuántas canicas quedan en el recipiente? ¿Cuántas canicas se necesitan para llenar de nuevo el recipiente si se tienen 9 canicas?","Primero, calculamos cuántas canicas quedan después de sacar 7 canicas del recipiente. Si inicialmente había 12 canicas y se sacan 7, entonces 12 - 7 = 5 canicas quedan. Para llenar de nuevo el recipiente, necesitamos 12 - 5 = 7 canicas.",5 canicas quedan en el recipiente y se necesitan 7 canicas para llenarlo de nuevo.,"{""problem"": ""En un recipiente hay 12 canicas. Si se sacan 7 canicas, ¿cuántas canicas quedan en el recipiente? ¿Cuántas canicas se necesitan para llenar de nuevo el recipiente si se tienen 9 canicas?"", ""solution"": ""Primero, calculamos cuántas canicas quedan después de sacar 7 canicas del recipiente. Si inicialmente había 12 canicas y se sacan 7, entonces 12 - 7 = 5 canicas quedan. Para llenar de nuevo el recipiente, necesitamos 12 - 5 = 7 canicas."", ""answer"": ""5 canicas quedan en el recipiente y se necesitan 7 canicas para llenarlo de nuevo.""}",
MA01-OA-10-05,1° básico,Números y operaciones,MA01 OA 10,"Demostrar que la adición y la sustracción son operaciones inversas, de manera concreta, pictórica y simbólica.",relacionar adición y sustracción en un problema,Trabajar adición y sustracción como operaciones inversas con números adecuados para 1° básico.,galletas,HuggingFaceTB/SmolLM3-3B,"Genera un problema matemático verbal para un estudiante de 1° básico.
Debe estar alineado con el siguiente Objetivo de Aprendizaje: Demostrar que la adición y la sustracción son operaciones inversas, de manera concreta, pictórica y simbólica.
Habilidad a evaluar: relacionar adición y sustracción en un problema.
Condiciones curriculares: Trabajar adición y sustracción como operaciones inversas con números adecuados para 1° básico..
Contexto: galletas.
Entrega el problema, su solución y la respuesta final.
Responde únicamente con un objeto JSON válido con esta estructura: {""problem"": ""..."", ""solution"": ""..."", ""answer"": ""...""}","Un niño tiene 10 galletas. Le da 4 galletas a su amigo. ¿Cuántas galletas le quedan al niño? Después, el niño recibe 6 galletas de su amigo. ¿Cuántas galletas tiene ahora?","Primero, el niño da 4 galletas a su amigo. Entonces, 10 - 4 = 6 galletas le quedan. Luego, recibe 6 galletas, por lo que 6 + 6 = 12 galletas tiene ahora. La respuesta final es 12.",12,"{""problem"": ""Un niño tiene 10 galletas. Le da 4 galletas a su amigo. ¿Cuántas galletas le quedan al niño? Después, el niño recibe 6 galletas de su amigo. ¿Cuántas galletas tiene ahora?"", ""solution"": ""Primero, el niño da 4 galletas a su amigo. Entonces, 10 - 4 = 6 galletas le quedan. Luego, recibe 6 galletas, por lo que 6 + 6 = 12 galletas tiene ahora. La respuesta final es 12."", ""answer"": ""12""}",
MA01-OA-17-01,1° básico,Medición,MA01 OA 17,"Usar un lenguaje cotidiano para secuenciar eventos en el tiempo: días de la semana, meses del año y algunas fechas significativas.",ordenar días de la semana,"Usar días de la semana, meses del año y/o fechas significativas con lenguaje cotidiano.",semana escolar,HuggingFaceTB/SmolLM3-3B,"Genera un problema matemático verbal para un estudiante de 1° básico.
Debe estar alineado con el siguiente Objetivo de Aprendizaje: Usar un lenguaje cotidiano para secuenciar eventos en el tiempo: días de la semana, meses del año y algunas fechas significativas.
Habilidad a evaluar: ordenar días de la semana.
Condiciones curriculares: Usar días de la semana, meses del año y/o fechas significativas con lenguaje cotidiano..
Contexto: semana escolar.
Entrega el problema, su solución y la respuesta final.
Responde únicamente con un objeto JSON válido con esta estructura: {""problem"": ""..."", ""solution"": ""..."", ""answer"": ""...""}","La semana escolar comienza el lunes y termina el viernes. ¿Cuál es la secuencia correcta de los días de la semana en que se realizan las actividades? Además, ¿cuál es el primer día de la semana escolar y cuál es el último día de la semana escolar?","Los días de la semana en orden son: lunes, martes, miércoles, jueves, viernes. El primer día de la semana escolar es el lunes y el último día de la semana escolar es el viernes.","lunes, martes, miércoles, jueves, viernes","{""problem"": ""La semana escolar comienza el lunes y termina el viernes. ¿Cuál es la secuencia correcta de los días de la semana en que se realizan las actividades? Además, ¿cuál es el primer día de la semana escolar y cuál es el último día de la semana escolar?"", ""solution"": ""Los días de la semana en orden son: lunes, martes, miércoles, jueves, viernes. El primer día de la semana escolar es el lunes y el último día de la semana escolar es el viernes."", ""answer"": ""lunes, martes, miércoles, jueves, viernes""}",
MA01-OA-17-02,1° básico,Medición,MA01 OA 17,"Usar un lenguaje cotidiano para secuenciar eventos en el tiempo: días de la semana, meses del año y algunas fechas significativas.",identificar el día anterior o siguiente,"Usar días de la semana, meses del año y/o fechas significativas con lenguaje cotidiano.",cumpleaños,HuggingFaceTB/SmolLM3-3B,"Genera un problema matemático verbal para un estudiante de 1° básico.
Debe estar alineado con el siguiente Objetivo de Aprendizaje: Usar un lenguaje cotidiano para secuenciar eventos en el tiempo: días de la semana, meses del año y algunas fechas significativas.
Habilidad a evaluar: identificar el día anterior o siguiente.
Condiciones curriculares: Usar días de la semana, meses del año y/o fechas significativas con lenguaje cotidiano..
Contexto: cumpleaños.
Entrega el problema, su solución y la respuesta final.
Responde únicamente con un objeto JSON válido con esta estructura: {""problem"": ""..."", ""solution"": ""..."", ""answer"": ""...""}",María tiene un cumpleaños especial. Hoy es el 15 de junio. ¿Qué día será el día antes de su cumpleaños? ¿Y el día después de su cumpleaños?,El día antes de su cumpleaños será el 14 de junio. El día después de su cumpleaños será el 16 de junio.,El día antes de su cumpleaños será el 14 de junio. El día después de su cumpleaños será el 16 de junio.,"{""problem"": ""María tiene un cumpleaños especial. Hoy es el 15 de junio. ¿Qué día será el día antes de su cumpleaños? ¿Y el día después de su cumpleaños?"",
 ""solution"": ""El día antes de su cumpleaños será el 14 de junio. El día después de su cumpleaños será el 16 de junio."",
 ""answer"": ""El día antes de su cumpleaños será el 14 de junio. El día después de su cumpleaños será el 16 de junio.""}",
MA01-OA-17-03,1° básico,Medición,MA01 OA 17,"Usar un lenguaje cotidiano para secuenciar eventos en el tiempo: días de la semana, meses del año y algunas fechas significativas.",ordenar meses del año,"Usar días de la semana, meses del año y/o fechas significativas con lenguaje cotidiano.",vacaciones,HuggingFaceTB/SmolLM3-3B,"Genera un problema matemático verbal para un estudiante de 1° básico.
Debe estar alineado con el siguiente Objetivo de Aprendizaje: Usar un lenguaje cotidiano para secuenciar eventos en el tiempo: días de la semana, meses del año y algunas fechas significativas.
Habilidad a evaluar: ordenar meses del año.
Condiciones curriculares: Usar días de la semana, meses del año y/o fechas significativas con lenguaje cotidiano..
Contexto: vacaciones.
Entrega el problema, su solución y la respuesta final.
Responde únicamente con un objeto JSON válido con esta estructura: {""problem"": ""..."", ""solution"": ""..."", ""answer"": ""...""}",Marcela está planeando sus vacaciones de verano. Está pensando en ir de viaje a la playa y quiere saber cuándo será el mejor momento para ir. ¿Cuándo se celebran las vacaciones de verano en México? ¿Cuáles son los días de la semana que son más agradables para ir a la playa? ¿Cuáles son los meses del año en los que la temperatura es más cálida y agradable para nadar? ¿Cuál es la fecha aproximada en la que suele empezar el verano en México? ¿Cuál es la fecha aproximada en la que suele terminar el verano en México? Responde con los nombres de los meses y días de la semana que menciones.,"Marcela debe considerar los meses de junio, julio y agosto para el verano en México, ya que son los meses más cálidos y agradables para nadar. Los días de la semana más agradables para ir a la playa son los sábados y domingos, ya que son los días de descanso y menos ajetreados. El verano en México suele empezar alrededor del 1 de junio y terminar alrededor del 31 de agosto.","Los meses de verano en México son junio, julio y agosto. Los días de la semana más agradables para ir a la playa son sábados y domingos. El verano en México suele empezar alrededor del 1 de junio y terminar alrededor del 31 de agosto.","{""problem"": ""Marcela está planeando sus vacaciones de verano. Está pensando en ir de viaje a la playa y quiere saber cuándo será el mejor momento para ir. ¿Cuándo se celebran las vacaciones de verano en México? ¿Cuáles son los días de la semana que son más agradables para ir a la playa? ¿Cuáles son los meses del año en los que la temperatura es más cálida y agradable para nadar? ¿Cuál es la fecha aproximada en la que suele empezar el verano en México? ¿Cuál es la fecha aproximada en la que suele terminar el verano en México? Responde con los nombres de los meses y días de la semana que menciones."", ""solution"": ""Marcela debe considerar los meses de junio, julio y agosto para el verano en México, ya que son los meses más cálidos y agradables para nadar. Los días de la semana más agradables para ir a la playa son los sábados y domingos, ya que son los días de descanso y menos ajetreados. El verano en México suele empezar alrededor del 1 de junio y terminar alrededor del 31 de agosto."", ""answer"": ""Los meses de verano en México son junio, julio y agosto. Los días de la semana más agradables para ir a la playa son sábados y domingos. El verano en México suele empezar alrededor del 1 de junio y terminar alrededor del 31 de agosto.""}",
MA01-OA-17-04,1° básico,Medición,MA01 OA 17,"Usar un lenguaje cotidiano para secuenciar eventos en el tiempo: días de la semana, meses del año y algunas fechas significativas.",ubicar una fecha significativa,"Usar días de la semana, meses del año y/o fechas significativas con lenguaje cotidiano.",actividades familiares,HuggingFaceTB/SmolLM3-3B,"Genera un problema matemático verbal para un estudiante de 1° básico.
Debe estar alineado con el siguiente Objetivo de Aprendizaje: Usar un lenguaje cotidiano para secuenciar eventos en el tiempo: días de la semana, meses del año y algunas fechas significativas.
Habilidad a evaluar: ubicar una fecha significativa.
Condiciones curriculares: Usar días de la semana, meses del año y/o fechas significativas con lenguaje cotidiano..
Contexto: actividades familiares.
Entrega el problema, su solución y la respuesta final.
Responde únicamente con un objeto JSON válido con esta estructura: {""problem"": ""..."", ""solution"": ""..."", ""answer"": ""...""}",Juan y su familia van a visitar a su abuela. Saben que el viaje durará 3 días. El viaje comenzará el lunes por la mañana. ¿Cuál es el último día que estarán en la casa de su abuela? ¿Qué fecha es?,"Primero, determinemos los días en que estarán en la casa de su abuela. Si el viaje dura 3 días y comienza el lunes, los días serán lunes, martes y miércoles. Por lo tanto, el último día que estarán en la casa de su abuela será el miércoles. La fecha exacta será el 15 de octubre.",El último día que estarán en la casa de su abuela será el miércoles 15 de octubre.,"{""problem"": ""Juan y su familia van a visitar a su abuela. Saben que el viaje durará 3 días. El viaje comenzará el lunes por la mañana. ¿Cuál es el último día que estarán en la casa de su abuela? ¿Qué fecha es?"", ""solution"": ""Primero, determinemos los días en que estarán en la casa de su abuela. Si el viaje dura 3 días y comienza el lunes, los días serán lunes, martes y miércoles. Por lo tanto, el último día que estarán en la casa de su abuela será el miércoles. La fecha exacta será el 15 de octubre."", ""answer"": ""El último día que estarán en la casa de su abuela será el miércoles 15 de octubre.""}",
MA01-OA-17-05,1° básico,Medición,MA01 OA 17,"Usar un lenguaje cotidiano para secuenciar eventos en el tiempo: días de la semana, meses del año y algunas fechas significativas.",secuenciar eventos en el tiempo,"Usar días de la semana, meses del año y/o fechas significativas con lenguaje cotidiano.",calendario del curso,HuggingFaceTB/SmolLM3-3B,"Genera un problema matemático verbal para un estudiante de 1° básico.
Debe estar alineado con el siguiente Objetivo de Aprendizaje: Usar un lenguaje cotidiano para secuenciar eventos en el tiempo: días de la semana, meses del año y algunas fechas significativas.
Habilidad a evaluar: secuenciar eventos en el tiempo.
Condiciones curriculares: Usar días de la semana, meses del año y/o fechas significativas con lenguaje cotidiano..
Contexto: calendario del curso.
Entrega el problema, su solución y la respuesta final.
Responde únicamente con un objeto JSON válido con esta estructura: {""problem"": ""..."", ""solution"": ""..."", ""answer"": ""...""}","Ana quiere organizar su cumpleaños. Planea tener una fiesta de cumpleaños con sus amigos el viernes de la semana que viene. Antes de eso, necesita comprar los globos y la decoración. ¿Cuándo debería hacerlo?",Ana debería comprar los globos y la decoración antes del viernes de la semana que viene.,El jueves de la semana que viene.,"{""problem"": ""Ana quiere organizar su cumpleaños. Planea tener una fiesta de cumpleaños con sus amigos el viernes de la semana que viene. Antes de eso, necesita comprar los globos y la decoración. ¿Cuándo debería hacerlo?"", ""solution"": ""Ana debería comprar los globos y la decoración antes del viernes de la semana que viene."", ""answer"": ""El jueves de la semana que viene.""}",
MA02-OA-03-01,2° básico,Números y operaciones,MA02 OA 03,"Comparar y ordenar números del 0 al 100 de menor a mayor y viceversa, usando material concreto y monedas nacionales de manera manual y/o por medio de software educativo.",comparar dos números,Usar números naturales entre 0 y 100; puede emplear monedas nacionales sin requerir imágenes.,ahorros,HuggingFaceTB/SmolLM3-3B,"Genera un problema matemático verbal para un estudiante de 2° básico.
Debe estar alineado con el siguiente Objetivo de Aprendizaje: Comparar y ordenar números del 0 al 100 de menor a mayor y viceversa, usando material concreto y monedas nacionales de manera manual y/o por medio de software educativo.
Habilidad a evaluar: comparar dos números.
Condiciones curriculares: Usar números naturales entre 0 y 100; puede emplear monedas nacionales sin requerir imágenes..
Contexto: ahorros.
Entrega el problema, su solución y la respuesta final.
Responde únicamente con un objeto JSON válido con esta estructura: {""problem"": ""..."", ""solution"": ""..."", ""answer"": ""...""}",Marcela tiene 25 centavos y su amiga Sofía tiene 30 centavos. ¿Quién tiene más dinero? ¿Puedes ayudar a Marcela a ordenar los números de menor a mayor para saber quién tiene más?,"Primero, vamos a ordenar los números. 25 es menor que 30. Por lo tanto, Marcela tiene menos dinero que Sofía. La solución al problema es que Sofía tiene más dinero que Marcela.",Sofía tiene más dinero que Marcela.,"{""problem"": ""Marcela tiene 25 centavos y su amiga Sofía tiene 30 centavos. ¿Quién tiene más dinero? ¿Puedes ayudar a Marcela a ordenar los números de menor a mayor para saber quién tiene más?"", ""solution"": ""Primero, vamos a ordenar los números. 25 es menor que 30. Por lo tanto, Marcela tiene menos dinero que Sofía. La solución al problema es que Sofía tiene más dinero que Marcela."", ""answer"": ""Sofía tiene más dinero que Marcela.""}",
MA02-OA-03-02,2° básico,Números y operaciones,MA02 OA 03,"Comparar y ordenar números del 0 al 100 de menor a mayor y viceversa, usando material concreto y monedas nacionales de manera manual y/o por medio de software educativo.",ordenar números de menor a mayor,Usar números naturales entre 0 y 100; puede emplear monedas nacionales sin requerir imágenes.,colecciones,HuggingFaceTB/SmolLM3-3B,"Genera un problema matemático verbal para un estudiante de 2° básico.
Debe estar alineado con el siguiente Objetivo de Aprendizaje: Comparar y ordenar números del 0 al 100 de menor a mayor y viceversa, usando material concreto y monedas nacionales de manera manual y/o por medio de software educativo.
Habilidad a evaluar: ordenar números de menor a mayor.
Condiciones curriculares: Usar números naturales entre 0 y 100; puede emplear monedas nacionales sin requerir imágenes..
Contexto: colecciones.
Entrega el problema, su solución y la respuesta final.
Responde únicamente con un objeto JSON válido con esta estructura: {""problem"": ""..."", ""solution"": ""..."", ""answer"": ""...""}","Tienes un conjunto de monedas de 1, 5 y 10 pesos. Necesitas ordenarlas de menor a mayor de acuerdo con su valor. ¿Cuál es la secuencia correcta de las monedas?","Primero, ordena las monedas de menor a mayor según su valor. Las monedas de 1 peso son las más pequeñas, seguidas por las de 5 pesos y, por último, las de 10 pesos. Por lo tanto, la secuencia correcta es: 1 peso, 5 pesos, 10 pesos.","1 peso, 5 pesos, 10 pesos","{""problem"": ""Tienes un conjunto de monedas de 1, 5 y 10 pesos. Necesitas ordenarlas de menor a mayor de acuerdo con su valor. ¿Cuál es la secuencia correcta de las monedas?"", ""solution"": ""Primero, ordena las monedas de menor a mayor según su valor. Las monedas de 1 peso son las más pequeñas, seguidas por las de 5 pesos y, por último, las de 10 pesos. Por lo tanto, la secuencia correcta es: 1 peso, 5 pesos, 10 pesos."", ""answer"": ""1 peso, 5 pesos, 10 pesos""}",
MA02-OA-03-03,2° básico,Números y operaciones,MA02 OA 03,"Comparar y ordenar números del 0 al 100 de menor a mayor y viceversa, usando material concreto y monedas nacionales de manera manual y/o por medio de software educativo.",ordenar números de mayor a menor,Usar números naturales entre 0 y 100; puede emplear monedas nacionales sin requerir imágenes.,puntajes,HuggingFaceTB/SmolLM3-3B,"Genera un problema matemático verbal para un estudiante de 2° básico.
Debe estar alineado con el siguiente Objetivo de Aprendizaje: Comparar y ordenar números del 0 al 100 de menor a mayor y viceversa, usando material concreto y monedas nacionales de manera manual y/o por medio de software educativo.
Habilidad a evaluar: ordenar números de mayor a menor.
Condiciones curriculares: Usar números naturales entre 0 y 100; puede emplear monedas nacionales sin requerir imágenes..
Contexto: puntajes.
Entrega el problema, su solución y la respuesta final.
Responde únicamente con un objeto JSON válido con esta estructura: {""problem"": ""..."", ""solution"": ""..."", ""answer"": ""...""}","En un partido de fútbol, tres equipos obtuvieron los siguientes puntajes: el equipo A 45 puntos, el equipo B 27 puntos y el equipo C 63 puntos. ¿Cuál es el orden correcto de los puntajes de mayor a menor? ¿Cómo lo resolverías utilizando monedas nacionales de manera manual o por medio de un software educativo?","Para ordenar los puntajes de mayor a menor, primero identificamos los números: 45, 27 y 63. Luego, podemos compararlos. 63 es mayor que 45, y 63 también es mayor que 27. Por lo tanto, el orden correcto es: 63, 45, 27. Podríamos usar monedas nacionales para representar estos números, por ejemplo, 63 monedas de 1 peso, 45 monedas de 1 peso y 27 monedas de 1 peso. O podríamos usar un software educativo para comparar y ordenar los números automáticamente.","63, 45, 27","{""problem"": ""En un partido de fútbol, tres equipos obtuvieron los siguientes puntajes: el equipo A 45 puntos, el equipo B 27 puntos y el equipo C 63 puntos. ¿Cuál es el orden correcto de los puntajes de mayor a menor? ¿Cómo lo resolverías utilizando monedas nacionales de manera manual o por medio de un software educativo?"", ""solution"": ""Para ordenar los puntajes de mayor a menor, primero identificamos los números: 45, 27 y 63. Luego, podemos compararlos. 63 es mayor que 45, y 63 también es mayor que 27. Por lo tanto, el orden correcto es: 63, 45, 27. Podríamos usar monedas nacionales para representar estos números, por ejemplo, 63 monedas de 1 peso, 45 monedas de 1 peso y 27 monedas de 1 peso. O podríamos usar un software educativo para comparar y ordenar los números automáticamente."", ""answer"": ""63, 45, 27""}",
MA02-OA-03-04,2° básico,Números y operaciones,MA02 OA 03,"Comparar y ordenar números del 0 al 100 de menor a mayor y viceversa, usando material concreto y monedas nacionales de manera manual y/o por medio de software educativo.",identificar el mayor o menor,Usar números naturales entre 0 y 100; puede emplear monedas nacionales sin requerir imágenes.,libros,HuggingFaceTB/SmolLM3-3B,"Genera un problema matemático verbal para un estudiante de 2° básico.
Debe estar alineado con el siguiente Objetivo de Aprendizaje: Comparar y ordenar números del 0 al 100 de menor a mayor y viceversa, usando material concreto y monedas nacionales de manera manual y/o por medio de software educativo.
Habilidad a evaluar: identificar el mayor o menor.
Condiciones curriculares: Usar números naturales entre 0 y 100; puede emplear monedas nacionales sin requerir imágenes..
Contexto: libros.
Entrega el problema, su solución y la respuesta final.
Responde únicamente con un objeto JSON válido con esta estructura: {""problem"": ""..."", ""solution"": ""..."", ""answer"": ""...""}",,,,"{""problem"": ""En un libro de matemáticas, hay un problema que dice: '¿Cuál es el número más grande que se puede formar usando solo monedas de 5 pesos y 10 pesos, sin superar los 100 pesos?', ¿cómo lo resolverías?"", ""solution"": ""Primero, consideremos cuántas monedas de 5 pesos podemos usar. Si usamos 20 monedas de 5 pesos, eso nos da 100 pesos. Si usamos 19 monedas de 5 pesos, eso nos da 95 pesos. Ahora, podemos usar una moneda de 10 pesos con 19 monedas de 5 pesos, lo que nos da 105 pesos, que es más de 100 pesos. Entonces, la mejor opción es usar 19 monedas de 5 pesos, lo que nos da 95 pesos. Sin embargo, podemos usar 9 monedas de 10 pesos, que nos da 90 pesos, y luego usar 5 monedas de 5 pesos, que nos da 25 pesos, lo que suma 115 pesos, que también es más de 100 pesos. Por lo tanto, la mejor opción es usar 9 monedas de 10 pesos y 5 monedas de 5 pesos, pero eso también es más de 100 pesos. Finalmente, la mejor opción es usar 9 monedas de 10 pesos y 5 monedas de 5 pesos, pero eso también es más de 100 pesos. Por lo tanto, la mejor opción es usar 9 monedas de 10 pesos y 5 monedas de 5 pesos, pero eso también es más de 100 pesos. Por lo tanto, la mejor opción es usar 9 monedas de 10 pesos y 5 monedas de 5 pesos, pero eso también es más de 100 pesos. Por lo tanto, la mejor opción es usar 9 monedas de 10 pesos y 5 monedas de 5 pesos, pero eso también es más de 100 pesos. Por lo tanto, la mejor opción es usar 9 monedas de 10 pesos y 5 monedas de 5 pesos, pero eso también es más de 100 pesos. Por lo tanto, la mejor opción es usar 9 monedas de 10 pesos y 5 monedas de 5 pesos, pero eso también es más de 100 pesos. Por lo tanto, la mejor opción es usar 9 monedas de 10 pesos y 5 monedas de 5 pesos, pero eso también es más de 100 pesos. Por lo tanto, la mejor opción es usar 9 monedas de 10 pesos y 5 monedas de 5 pesos, pero eso también es más de 100 pesos. Por lo tanto, la mejor opción es usar 9 monedas de 10 pesos y 5 monedas de 5 pesos, pero eso también es más de 100 pesos. Por lo tanto, la mejor opción es usar 9 monedas de 10 pesos y 5 monedas de 5 pesos, pero eso también es más de 100 pesos. Por lo tanto, la mejor opción es usar 9 monedas de 10 pesos y 5 monedas de 5 pesos, pero eso también es más de 100 pesos. Por lo tanto, la mejor opción es usar 9 monedas de 10 pesos y 5 monedas de 5 pesos, pero eso también es más de 100 pesos. Por lo tanto, la mejor opción es usar 9 monedas de 10 pesos y 5 monedas de 5 pesos, pero eso también es más de 100 pesos. Por lo tanto, la mejor opción es usar 9 monedas de 10 pesos y 5 monedas de 5 pesos, pero eso también es más de 100 pesos. Por lo tanto, la mejor opción es usar 9 monedas de 10 pesos y 5 monedas de 5 pesos, pero eso también es más de 100 pesos. Por lo tanto, la mejor opción es usar 9 monedas de 10 pesos y 5 monedas de 5 pesos, pero eso también es más de 100 pesos. Por lo tanto, la mejor opción es usar 9 monedas de 10 pesos y 5 monedas de 5 pesos, pero eso también es más de 100 pesos. Por lo tanto, la mejor opción es usar 9 monedas de 10 pesos y 5 monedas de 5 pesos, pero eso también es más de 100 pesos. Por lo tanto, la mejor opción es usar 9 monedas de 10 pesos y 5 monedas de 5 pesos, pero eso también es más de 100 pesos",Unterminated string starting at: line 1 column 227 (char 226)
MA02-OA-03-05,2° básico,Números y operaciones,MA02 OA 03,"Comparar y ordenar números del 0 al 100 de menor a mayor y viceversa, usando material concreto y monedas nacionales de manera manual y/o por medio de software educativo.",comparar cantidades de dinero expresadas con números enteros,Usar números naturales entre 0 y 100; puede emplear monedas nacionales sin requerir imágenes.,monedas chilenas,HuggingFaceTB/SmolLM3-3B,"Genera un problema matemático verbal para un estudiante de 2° básico.
Debe estar alineado con el siguiente Objetivo de Aprendizaje: Comparar y ordenar números del 0 al 100 de menor a mayor y viceversa, usando material concreto y monedas nacionales de manera manual y/o por medio de software educativo.
Habilidad a evaluar: comparar cantidades de dinero expresadas con números enteros.
Condiciones curriculares: Usar números naturales entre 0 y 100; puede emplear monedas nacionales sin requerir imágenes..
Contexto: monedas chilenas.
Entrega el problema, su solución y la respuesta final.
Responde únicamente con un objeto JSON válido con esta estructura: {""problem"": ""..."", ""solution"": ""..."", ""answer"": ""...""}","Juan tiene una caja con monedas de 1, 5 y 10 pesos. En total, tiene 37 pesos. ¿Cuántas monedas de cada tipo tiene si todas son de estos valores?","Para resolver este problema, primero debemos considerar que Juan tiene monedas de 1, 5 y 10 pesos. Debemos encontrar un número de monedas de cada tipo que sumen 37 pesos. Vamos a empezar por las monedas de 10 pesos. Si Juan tuviera 3 monedas de 10 pesos, eso representaría 30 pesos. Restamos 30 de 37 y nos queda 7 pesos. Ahora, debemos ver cuántas monedas de 5 pesos y 1 peso suman 7 pesos. Si Juan tuviera 1 moneda de 5 pesos, eso nos dejaría 2 pesos, que podrían ser 2 monedas de 1 peso. Por lo tanto, Juan tiene 3 monedas de 10 pesos, 1 moneda de 5 pesos y 2 monedas de 1 peso.","Juan tiene 3 monedas de 10 pesos, 1 moneda de 5 pesos y 2 monedas de 1 peso.","{""problem"": ""Juan tiene una caja con monedas de 1, 5 y 10 pesos. En total, tiene 37 pesos. ¿Cuántas monedas de cada tipo tiene si todas son de estos valores?"", ""solution"": ""Para resolver este problema, primero debemos considerar que Juan tiene monedas de 1, 5 y 10 pesos. Debemos encontrar un número de monedas de cada tipo que sumen 37 pesos. Vamos a empezar por las monedas de 10 pesos. Si Juan tuviera 3 monedas de 10 pesos, eso representaría 30 pesos. Restamos 30 de 37 y nos queda 7 pesos. Ahora, debemos ver cuántas monedas de 5 pesos y 1 peso suman 7 pesos. Si Juan tuviera 1 moneda de 5 pesos, eso nos dejaría 2 pesos, que podrían ser 2 monedas de 1 peso. Por lo tanto, Juan tiene 3 monedas de 10 pesos, 1 moneda de 5 pesos y 2 monedas de 1 peso."", ""answer"": ""Juan tiene 3 monedas de 10 pesos, 1 moneda de 5 pesos y 2 monedas de 1 peso.""}",
MA02-OA-07-01,2° básico,Números y operaciones,MA02 OA 07,"Identificar las unidades y decenas en números del 0 al 100, representando las cantidades de acuerdo a su valor posicional, con material concreto, pictórico y simbólico.",identificar unidades y decenas,Usar números entre 0 y 100 y trabajar explícitamente decenas y unidades.,paquetes de lápices,HuggingFaceTB/SmolLM3-3B,"Genera un problema matemático verbal para un estudiante de 2° básico.
Debe estar alineado con el siguiente Objetivo de Aprendizaje: Identificar las unidades y decenas en números del 0 al 100, representando las cantidades de acuerdo a su valor posicional, con material concreto, pictórico y simbólico.
Habilidad a evaluar: identificar unidades y decenas.
Condiciones curriculares: Usar números entre 0 y 100 y trabajar explícitamente decenas y unidades..
Contexto: paquetes de lápices.
Entrega el problema, su solución y la respuesta final.
Responde únicamente con un objeto JSON válido con esta estructura: {""problem"": ""..."", ""solution"": ""..."", ""answer"": ""...""}",Tienes 32 paquetes de lápices. Cada paquete contiene 10 lápices. ¿Cuántos lápices hay en total?,"Primero, identificamos que 32 paquetes representan las decenas. Cada decena es igual a 10 lápices. Por lo tanto, 32 decenas de paquetes equivalen a 32 x 10 = 320 lápices. Sin embargo, nos interesa solo el número de lápices que representan las unidades. Dado que no hay lápices en las unidades (32 paquetes son todos decenas), el número de lápices en las unidades es 0. Así, el total de lápices es 320 lápices en decenas más 0 lápices en unidades, lo que da un total de 320 lápices.",320,"{
  ""problem"": ""Tienes 32 paquetes de lápices. Cada paquete contiene 10 lápices. ¿Cuántos lápices hay en total?"",
  ""solution"": ""Primero, identificamos que 32 paquetes representan las decenas. Cada decena es igual a 10 lápices. Por lo tanto, 32 decenas de paquetes equivalen a 32 x 10 = 320 lápices. Sin embargo, nos interesa solo el número de lápices que representan las unidades. Dado que no hay lápices en las unidades (32 paquetes son todos decenas), el número de lápices en las unidades es 0. Así, el total de lápices es 320 lápices en decenas más 0 lápices en unidades, lo que da un total de 320 lápices."",
  ""answer"":  ""320""
}",
MA02-OA-07-02,2° básico,Números y operaciones,MA02 OA 07,"Identificar las unidades y decenas en números del 0 al 100, representando las cantidades de acuerdo a su valor posicional, con material concreto, pictórico y simbólico.",determinar el valor posicional de una cifra,Usar números entre 0 y 100 y trabajar explícitamente decenas y unidades.,cajas de fichas,HuggingFaceTB/SmolLM3-3B,"Genera un problema matemático verbal para un estudiante de 2° básico.
Debe estar alineado con el siguiente Objetivo de Aprendizaje: Identificar las unidades y decenas en números del 0 al 100, representando las cantidades de acuerdo a su valor posicional, con material concreto, pictórico y simbólico.
Habilidad a evaluar: determinar el valor posicional de una cifra.
Condiciones curriculares: Usar números entre 0 y 100 y trabajar explícitamente decenas y unidades..
Contexto: cajas de fichas.
Entrega el problema, su solución y la respuesta final.
Responde únicamente con un objeto JSON válido con esta estructura: {""problem"": ""..."", ""solution"": ""..."", ""answer"": ""...""}",Tienes 32 fichas en una caja. ¿Cuántas unidades tienes en las fichas? ¿Cuántas decenas tienes? Puedes usar las fichas para ayudarte a resolver el problema.,"Para resolver este problema, podemos usar las fichas como representación de las unidades y las decenas. Cada ficha representa una unidad. Entonces, 32 fichas representan 32 unidades. Si organizamos las fichas en grupos de 10, tenemos 3 grupos de 10 fichas, lo que equivale a 30 unidades, y 2 fichas restantes que representan 2 unidades. Por lo tanto, tenemos 3 decenas y 2 unidades.","Unidades: 32, Decenas: 3","{""problem"": ""Tienes 32 fichas en una caja. ¿Cuántas unidades tienes en las fichas? ¿Cuántas decenas tienes? Puedes usar las fichas para ayudarte a resolver el problema."", ""solution"": ""Para resolver este problema, podemos usar las fichas como representación de las unidades y las decenas. Cada ficha representa una unidad. Entonces, 32 fichas representan 32 unidades. Si organizamos las fichas en grupos de 10, tenemos 3 grupos de 10 fichas, lo que equivale a 30 unidades, y 2 fichas restantes que representan 2 unidades. Por lo tanto, tenemos 3 decenas y 2 unidades."", ""answer"": ""Unidades: 32, Decenas: 3""}",
MA02-OA-07-03,2° básico,Números y operaciones,MA02 OA 07,"Identificar las unidades y decenas en números del 0 al 100, representando las cantidades de acuerdo a su valor posicional, con material concreto, pictórico y simbólico.",descomponer un número en decenas y unidades,Usar números entre 0 y 100 y trabajar explícitamente decenas y unidades.,colecciones de cartas,HuggingFaceTB/SmolLM3-3B,"Genera un problema matemático verbal para un estudiante de 2° básico.
Debe estar alineado con el siguiente Objetivo de Aprendizaje: Identificar las unidades y decenas en números del 0 al 100, representando las cantidades de acuerdo a su valor posicional, con material concreto, pictórico y simbólico.
Habilidad a evaluar: descomponer un número en decenas y unidades.
Condiciones curriculares: Usar números entre 0 y 100 y trabajar explícitamente decenas y unidades..
Contexto: colecciones de cartas.
Entrega el problema, su solución y la respuesta final.
Responde únicamente con un objeto JSON válido con esta estructura: {""problem"": ""..."", ""solution"": ""..."", ""answer"": ""...""}",Tienes 34 cartas en tu colección. ¿Cuántas cartas tienes en las decenas? ¿Cuántas cartas tienes en las unidades?,"Para resolver este problema, primero identificamos que 34 cartas se pueden descomponer en 3 decenas y 4 unidades. Por lo tanto, tienes 3 decenas de cartas y 4 cartas en las unidades.","Decenas: 3, Unidades: 4","{""problem"": ""Tienes 34 cartas en tu colección. ¿Cuántas cartas tienes en las decenas? ¿Cuántas cartas tienes en las unidades?"", ""solution"": ""Para resolver este problema, primero identificamos que 34 cartas se pueden descomponer en 3 decenas y 4 unidades. Por lo tanto, tienes 3 decenas de cartas y 4 cartas en las unidades."", ""answer"": ""Decenas: 3, Unidades: 4""}",
MA02-OA-07-04,2° básico,Números y operaciones,MA02 OA 07,"Identificar las unidades y decenas en números del 0 al 100, representando las cantidades de acuerdo a su valor posicional, con material concreto, pictórico y simbólico.",componer un número desde decenas y unidades,Usar números entre 0 y 100 y trabajar explícitamente decenas y unidades.,libros en grupos de diez,HuggingFaceTB/SmolLM3-3B,"Genera un problema matemático verbal para un estudiante de 2° básico.
Debe estar alineado con el siguiente Objetivo de Aprendizaje: Identificar las unidades y decenas en números del 0 al 100, representando las cantidades de acuerdo a su valor posicional, con material concreto, pictórico y simbólico.
Habilidad a evaluar: componer un número desde decenas y unidades.
Condiciones curriculares: Usar números entre 0 y 100 y trabajar explícitamente decenas y unidades..
Contexto: libros en grupos de diez.
Entrega el problema, su solución y la respuesta final.
Responde únicamente con un objeto JSON válido con esta estructura: {""problem"": ""..."", ""solution"": ""..."", ""answer"": ""...""}","En la biblioteca hay un grupo de libros que se organizan en grupos de diez. Si hay 3 grupos de diez libros, ¿cuántos libros hay en total? ¿Cuántos libros hay en las decenas y cuántos en las unidades? Responde con la cantidad de libros en decenas y unidades.","Para resolver este problema, primero debemos calcular el número total de libros en las decenas. Dado que hay 3 grupos de diez libros, el número de libros en las decenas es 3 x 10 = 30 libros. Luego, calculamos el número de libros en las unidades, que son los libros que no forman parte de un grupo de diez. Como no se mencionan libros adicionales, el número de libros en las unidades es 0. Por lo tanto, el número total de libros es 30 en decenas y 0 en unidades.",30 libros en decenas y 0 libros en unidades.,"{""problem"": ""En la biblioteca hay un grupo de libros que se organizan en grupos de diez. Si hay 3 grupos de diez libros, ¿cuántos libros hay en total? ¿Cuántos libros hay en las decenas y cuántos en las unidades? Responde con la cantidad de libros en decenas y unidades."", ""solution"": ""Para resolver este problema, primero debemos calcular el número total de libros en las decenas. Dado que hay 3 grupos de diez libros, el número de libros en las decenas es 3 x 10 = 30 libros. Luego, calculamos el número de libros en las unidades, que son los libros que no forman parte de un grupo de diez. Como no se mencionan libros adicionales, el número de libros en las unidades es 0. Por lo tanto, el número total de libros es 30 en decenas y 0 en unidades."", ""answer"": ""30 libros en decenas y 0 libros en unidades.""}",
MA02-OA-07-05,2° básico,Números y operaciones,MA02 OA 07,"Identificar las unidades y decenas en números del 0 al 100, representando las cantidades de acuerdo a su valor posicional, con material concreto, pictórico y simbólico.",comparar representaciones según valor posicional,Usar números entre 0 y 100 y trabajar explícitamente decenas y unidades.,bolsas con objetos,HuggingFaceTB/SmolLM3-3B,"Genera un problema matemático verbal para un estudiante de 2° básico.
Debe estar alineado con el siguiente Objetivo de Aprendizaje: Identificar las unidades y decenas en números del 0 al 100, representando las cantidades de acuerdo a su valor posicional, con material concreto, pictórico y simbólico.
Habilidad a evaluar: comparar representaciones según valor posicional.
Condiciones curriculares: Usar números entre 0 y 100 y trabajar explícitamente decenas y unidades..
Contexto: bolsas con objetos.
Entrega el problema, su solución y la respuesta final.
Responde únicamente con un objeto JSON válido con esta estructura: {""problem"": ""..."", ""solution"": ""..."", ""answer"": ""...""}","Hoy, Ana encontró 23 manzanas en su bolsa. Quería saber cuántas manzanas tiene en la docena y cuántas están solas. ¿Cuántas manzanas hay en la docena y cuántas están solas?","Para resolver este problema, podemos usar el concepto de decenas y unidades. En 23 manzanas, 2 representan la decena y 3 representan las unidades. Por lo tanto, Ana tiene 2 manzanas en la docena y 3 manzanas solas.",2 manzanas en la docena y 3 manzanas solas,"{""problem"": ""Hoy, Ana encontró 23 manzanas en su bolsa. Quería saber cuántas manzanas tiene en la docena y cuántas están solas. ¿Cuántas manzanas hay en la docena y cuántas están solas?"", ""solution"": ""Para resolver este problema, podemos usar el concepto de decenas y unidades. En 23 manzanas, 2 representan la decena y 3 representan las unidades. Por lo tanto, Ana tiene 2 manzanas en la docena y 3 manzanas solas."", ""answer"": ""2 manzanas en la docena y 3 manzanas solas""}",
MA02-OA-09-01,2° básico,Números y operaciones,MA02 OA 09,"Demostrar que comprende la adición y la sustracción en el ámbito del 0 al 100:
• usando un lenguaje cotidiano y matemático para describir acciones desde su propia experiencia
• resolviendo problemas con una variedad de representaciones concretas y pictóricas, de manera manual y/o usando software educativo
• registrando el proceso en forma simbólica
• aplicando los resultados de las adiciones y sustracciones de los números del 0 a 20 sin realizar cálculos
• aplicando el algoritmo de la adición y sustracción sin considerar reserva
• creando problemas matemáticos en contextos familiares y resolviéndolos.",resolver una adición,Usar números entre 0 y 100; mantener una complejidad apropiada para 2° básico.,autos de juguete,HuggingFaceTB/SmolLM3-3B,"Genera un problema matemático verbal para un estudiante de 2° básico.
Debe estar alineado con el siguiente Objetivo de Aprendizaje: Demostrar que comprende la adición y la sustracción en el ámbito del 0 al 100:
• usando un lenguaje cotidiano y matemático para describir acciones desde su propia experiencia
• resolviendo problemas con una variedad de representaciones concretas y pictóricas, de manera manual y/o usando software educativo
• registrando el proceso en forma simbólica
• aplicando los resultados de las adiciones y sustracciones de los números del 0 a 20 sin realizar cálculos
• aplicando el algoritmo de la adición y sustracción sin considerar reserva
• creando problemas matemáticos en contextos familiares y resolviéndolos.
Habilidad a evaluar: resolver una adición.
Condiciones curriculares: Usar números entre 0 y 100; mantener una complejidad apropiada para 2° básico..
Contexto: autos de juguete.
Entrega el problema, su solución y la respuesta final.
Responde únicamente con un objeto JSON válido con esta estructura: {""problem"": ""..."", ""solution"": ""..."", ""answer"": ""...""}",Tienes 35 autos de juguete en tu estantería. Recibes 12 más de un amigo. ¿Cuántos autos de juguete tienes ahora?,"Primero, sumamos los 35 autos que ya tenías a los 12 nuevos que recibiste. 35 + 12 = 47. Entonces, tienes 47 autos de juguete en tu estantería.",47,"{""problem"": ""Tienes 35 autos de juguete en tu estantería. Recibes 12 más de un amigo. ¿Cuántos autos de juguete tienes ahora?"", ""solution"": ""Primero, sumamos los 35 autos que ya tenías a los 12 nuevos que recibiste. 35 + 12 = 47. Entonces, tienes 47 autos de juguete en tu estantería."", ""answer"": ""47""}",
MA02-OA-09-02,2° básico,Números y operaciones,MA02 OA 09,"Demostrar que comprende la adición y la sustracción en el ámbito del 0 al 100:
• usando un lenguaje cotidiano y matemático para describir acciones desde su propia experiencia
• resolviendo problemas con una variedad de representaciones concretas y pictóricas, de manera manual y/o usando software educativo
• registrando el proceso en forma simbólica
• aplicando los resultados de las adiciones y sustracciones de los números del 0 a 20 sin realizar cálculos
• aplicando el algoritmo de la adición y sustracción sin considerar reserva
• creando problemas matemáticos en contextos familiares y resolviéndolos.",resolver una sustracción,Usar números entre 0 y 100; mantener una complejidad apropiada para 2° básico.,animales,HuggingFaceTB/SmolLM3-3B,"Genera un problema matemático verbal para un estudiante de 2° básico.
Debe estar alineado con el siguiente Objetivo de Aprendizaje: Demostrar que comprende la adición y la sustracción en el ámbito del 0 al 100:
• usando un lenguaje cotidiano y matemático para describir acciones desde su propia experiencia
• resolviendo problemas con una variedad de representaciones concretas y pictóricas, de manera manual y/o usando software educativo
• registrando el proceso en forma simbólica
• aplicando los resultados de las adiciones y sustracciones de los números del 0 a 20 sin realizar cálculos
• aplicando el algoritmo de la adición y sustracción sin considerar reserva
• creando problemas matemáticos en contextos familiares y resolviéndolos.
Habilidad a evaluar: resolver una sustracción.
Condiciones curriculares: Usar números entre 0 y 100; mantener una complejidad apropiada para 2° básico..
Contexto: animales.
Entrega el problema, su solución y la respuesta final.
Responde únicamente con un objeto JSON válido con esta estructura: {""problem"": ""..."", ""solution"": ""..."", ""answer"": ""...""}","En un zoológico, hay 45 leones. Si se trasladan 23 leones a otro zoológico, ¿cuántos leones quedan en el primer zoológico?","Para resolver este problema, primero restamos los 23 leones que se trasladan del total de 45 leones. 45 - 23 = 22. Por lo tanto, quedan 22 leones en el primer zoológico.",22,"{
  ""problem"": ""En un zoológico, hay 45 leones. Si se trasladan 23 leones a otro zoológico, ¿cuántos leones quedan en el primer zoológico?"",
  ""solution"": ""Para resolver este problema, primero restamos los 23 leones que se trasladan del total de 45 leones. 45 - 23 = 22. Por lo tanto, quedan 22 leones en el primer zoológico."",
  ""answer"":  ""22""
}",
MA02-OA-09-03,2° básico,Números y operaciones,MA02 OA 09,"Demostrar que comprende la adición y la sustracción en el ámbito del 0 al 100:
• usando un lenguaje cotidiano y matemático para describir acciones desde su propia experiencia
• resolviendo problemas con una variedad de representaciones concretas y pictóricas, de manera manual y/o usando software educativo
• registrando el proceso en forma simbólica
• aplicando los resultados de las adiciones y sustracciones de los números del 0 a 20 sin realizar cálculos
• aplicando el algoritmo de la adición y sustracción sin considerar reserva
• creando problemas matemáticos en contextos familiares y resolviéndolos.",seleccionar entre adición y sustracción,Usar números entre 0 y 100; mantener una complejidad apropiada para 2° básico.,escuela,HuggingFaceTB/SmolLM3-3B,"Genera un problema matemático verbal para un estudiante de 2° básico.
Debe estar alineado con el siguiente Objetivo de Aprendizaje: Demostrar que comprende la adición y la sustracción en el ámbito del 0 al 100:
• usando un lenguaje cotidiano y matemático para describir acciones desde su propia experiencia
• resolviendo problemas con una variedad de representaciones concretas y pictóricas, de manera manual y/o usando software educativo
• registrando el proceso en forma simbólica
• aplicando los resultados de las adiciones y sustracciones de los números del 0 a 20 sin realizar cálculos
• aplicando el algoritmo de la adición y sustracción sin considerar reserva
• creando problemas matemáticos en contextos familiares y resolviéndolos.
Habilidad a evaluar: seleccionar entre adición y sustracción.
Condiciones curriculares: Usar números entre 0 y 100; mantener una complejidad apropiada para 2° básico..
Contexto: escuela.
Entrega el problema, su solución y la respuesta final.
Responde únicamente con un objeto JSON válido con esta estructura: {""problem"": ""..."", ""solution"": ""..."", ""answer"": ""...""}","María tiene 45 manzanas en su árbol. Ayer, le regaló 10 manzanas a su amigo Juan. ¿Cuántas manzanas le quedan en el árbol hoy?","Primero, podemos representar las 45 manzanas como un número 45. Luego, María le regaló 10 manzanas, por lo que debemos restar 10 de 45. 45 - 10 = 35. Por lo tanto, María le quedan 35 manzanas en su árbol hoy.",35,"{""problem"": ""María tiene 45 manzanas en su árbol. Ayer, le regaló 10 manzanas a su amigo Juan. ¿Cuántas manzanas le quedan en el árbol hoy?"", ""solution"": ""Primero, podemos representar las 45 manzanas como un número 45. Luego, María le regaló 10 manzanas, por lo que debemos restar 10 de 45. 45 - 10 = 35. Por lo tanto, María le quedan 35 manzanas en su árbol hoy."", ""answer"": ""35""}",
MA02-OA-09-04,2° básico,Números y operaciones,MA02 OA 09,"Demostrar que comprende la adición y la sustracción en el ámbito del 0 al 100:
• usando un lenguaje cotidiano y matemático para describir acciones desde su propia experiencia
• resolviendo problemas con una variedad de representaciones concretas y pictóricas, de manera manual y/o usando software educativo
• registrando el proceso en forma simbólica
• aplicando los resultados de las adiciones y sustracciones de los números del 0 a 20 sin realizar cálculos
• aplicando el algoritmo de la adición y sustracción sin considerar reserva
• creando problemas matemáticos en contextos familiares y resolviéndolos.",resolver un problema aditivo en contexto familiar,Usar números entre 0 y 100; mantener una complejidad apropiada para 2° básico.,frutas,HuggingFaceTB/SmolLM3-3B,"Genera un problema matemático verbal para un estudiante de 2° básico.
Debe estar alineado con el siguiente Objetivo de Aprendizaje: Demostrar que comprende la adición y la sustracción en el ámbito del 0 al 100:
• usando un lenguaje cotidiano y matemático para describir acciones desde su propia experiencia
• resolviendo problemas con una variedad de representaciones concretas y pictóricas, de manera manual y/o usando software educativo
• registrando el proceso en forma simbólica
• aplicando los resultados de las adiciones y sustracciones de los números del 0 a 20 sin realizar cálculos
• aplicando el algoritmo de la adición y sustracción sin considerar reserva
• creando problemas matemáticos en contextos familiares y resolviéndolos.
Habilidad a evaluar: resolver un problema aditivo en contexto familiar.
Condiciones curriculares: Usar números entre 0 y 100; mantener una complejidad apropiada para 2° básico..
Contexto: frutas.
Entrega el problema, su solución y la respuesta final.
Responde únicamente con un objeto JSON válido con esta estructura: {""problem"": ""..."", ""solution"": ""..."", ""answer"": ""...""}","Una manzana cuesta 5 pesos y una naranja cuesta 3 pesos. Si un estudiante compra una manzana y una naranja, ¿cuánto dinero gastó en total?","Primero, calculamos el costo de la manzana: 5 pesos. Luego, calculamos el costo de la naranja: 3 pesos. Para encontrar el costo total, sumamos los dos costos: 5 pesos + 3 pesos = 8 pesos.",8 pesos,"{""problem"": ""Una manzana cuesta 5 pesos y una naranja cuesta 3 pesos. Si un estudiante compra una manzana y una naranja, ¿cuánto dinero gastó en total?"", ""solution"": ""Primero, calculamos el costo de la manzana: 5 pesos. Luego, calculamos el costo de la naranja: 3 pesos. Para encontrar el costo total, sumamos los dos costos: 5 pesos + 3 pesos = 8 pesos."", ""answer"": ""8 pesos""}",
MA02-OA-09-05,2° básico,Números y operaciones,MA02 OA 09,"Demostrar que comprende la adición y la sustracción en el ámbito del 0 al 100:
• usando un lenguaje cotidiano y matemático para describir acciones desde su propia experiencia
• resolviendo problemas con una variedad de representaciones concretas y pictóricas, de manera manual y/o usando software educativo
• registrando el proceso en forma simbólica
• aplicando los resultados de las adiciones y sustracciones de los números del 0 a 20 sin realizar cálculos
• aplicando el algoritmo de la adición y sustracción sin considerar reserva
• creando problemas matemáticos en contextos familiares y resolviéndolos.",resolver un problema sustractivo en contexto familiar,Usar números entre 0 y 100; mantener una complejidad apropiada para 2° básico.,cromos,HuggingFaceTB/SmolLM3-3B,"Genera un problema matemático verbal para un estudiante de 2° básico.
Debe estar alineado con el siguiente Objetivo de Aprendizaje: Demostrar que comprende la adición y la sustracción en el ámbito del 0 al 100:
• usando un lenguaje cotidiano y matemático para describir acciones desde su propia experiencia
• resolviendo problemas con una variedad de representaciones concretas y pictóricas, de manera manual y/o usando software educativo
• registrando el proceso en forma simbólica
• aplicando los resultados de las adiciones y sustracciones de los números del 0 a 20 sin realizar cálculos
• aplicando el algoritmo de la adición y sustracción sin considerar reserva
• creando problemas matemáticos en contextos familiares y resolviéndolos.
Habilidad a evaluar: resolver un problema sustractivo en contexto familiar.
Condiciones curriculares: Usar números entre 0 y 100; mantener una complejidad apropiada para 2° básico..
Contexto: cromos.
Entrega el problema, su solución y la respuesta final.
Responde únicamente con un objeto JSON válido con esta estructura: {""problem"": ""..."", ""solution"": ""..."", ""answer"": ""...""}","En una caja de cromos, hay 80 cromos en total. Si el niño ya tiene 25 cromos, ¿cuántos cromos le faltan para tener todos los cromos de la caja?","Para resolver este problema, podemos usar la resta. Primero, restamos el número de cromos que ya tiene el niño de la cantidad total de cromos en la caja. 80 (cromos en la caja) - 25 (cromos que tiene el niño) = 55 cromos. Por lo tanto, el niño le faltan 55 cromos para tener todos los cromos de la caja.",55,"{""problem"": ""En una caja de cromos, hay 80 cromos en total. Si el niño ya tiene 25 cromos, ¿cuántos cromos le faltan para tener todos los cromos de la caja?"", ""solution"": ""Para resolver este problema, podemos usar la resta. Primero, restamos el número de cromos que ya tiene el niño de la cantidad total de cromos en la caja. 80 (cromos en la caja) - 25 (cromos que tiene el niño) = 55 cromos. Por lo tanto, el niño le faltan 55 cromos para tener todos los cromos de la caja."", ""answer"":  ""55""}",
MA02-OA-10-01,2° básico,Números y operaciones,MA02 OA 10,"Demostrar que comprende la relación entre la adición y la sustracción al usar la ""familia de operaciones"" en cálculos aritméticos y la resolución de problemas.",completar una familia de operaciones,Usar adición y sustracción en el ámbito numérico apropiado para 2° básico.,lápices,HuggingFaceTB/SmolLM3-3B,"Genera un problema matemático verbal para un estudiante de 2° básico.
Debe estar alineado con el siguiente Objetivo de Aprendizaje: Demostrar que comprende la relación entre la adición y la sustracción al usar la ""familia de operaciones"" en cálculos aritméticos y la resolución de problemas.
Habilidad a evaluar: completar una familia de operaciones.
Condiciones curriculares: Usar adición y sustracción en el ámbito numérico apropiado para 2° básico..
Contexto: lápices.
Entrega el problema, su solución y la respuesta final.
Responde únicamente con un objeto JSON válido con esta estructura: {""problem"": ""..."", ""solution"": ""..."", ""answer"": ""...""}","Hoy, Marta compró 15 lápices en una tienda. Sin embargo, se le cayeron 3 lápices al camino de regreso a casa. ¿Cuántos lápices le quedaron?","Para resolver este problema, primero podemos sumar los lápices que Marta compró y luego restar los lápices que se le cayeron. 15 lápices - 3 lápices = 12 lápices.",12,"{""problem"": ""Hoy, Marta compró 15 lápices en una tienda. Sin embargo, se le cayeron 3 lápices al camino de regreso a casa. ¿Cuántos lápices le quedaron?"", ""solution"": ""Para resolver este problema, primero podemos sumar los lápices que Marta compró y luego restar los lápices que se le cayeron. 15 lápices - 3 lápices = 12 lápices."", ""answer"": ""12""}",
MA02-OA-10-02,2° básico,Números y operaciones,MA02 OA 10,"Demostrar que comprende la relación entre la adición y la sustracción al usar la ""familia de operaciones"" en cálculos aritméticos y la resolución de problemas.",usar resta como inversa de suma,Usar adición y sustracción en el ámbito numérico apropiado para 2° básico.,bolitas,HuggingFaceTB/SmolLM3-3B,"Genera un problema matemático verbal para un estudiante de 2° básico.
Debe estar alineado con el siguiente Objetivo de Aprendizaje: Demostrar que comprende la relación entre la adición y la sustracción al usar la ""familia de operaciones"" en cálculos aritméticos y la resolución de problemas.
Habilidad a evaluar: usar resta como inversa de suma.
Condiciones curriculares: Usar adición y sustracción en el ámbito numérico apropiado para 2° básico..
Contexto: bolitas.
Entrega el problema, su solución y la respuesta final.
Responde únicamente con un objeto JSON válido con esta estructura: {""problem"": ""..."", ""solution"": ""..."", ""answer"": ""...""}","En un estanque hay 15 burbujas de aire. Si se añaden 7 más, ¿cuántas burbujas de aire habrá en total? Luego, si se quitan 5 burbujas de aire del estanque, ¿cuántas burbujas de aire quedarán?","Primero, sumamos 15 burbujas de aire con 7 burbujas adicionales: 15 + 7 = 22 burbujas de aire. Después, restamos 5 burbujas de aire del total de 22 burbujas: 22 - 5 = 17 burbujas de aire.",17,"{""problem"": ""En un estanque hay 15 burbujas de aire. Si se añaden 7 más, ¿cuántas burbujas de aire habrá en total? Luego, si se quitan 5 burbujas de aire del estanque, ¿cuántas burbujas de aire quedarán?"", ""solution"": ""Primero, sumamos 15 burbujas de aire con 7 burbujas adicionales: 15 + 7 = 22 burbujas de aire. Después, restamos 5 burbujas de aire del total de 22 burbujas: 22 - 5 = 17 burbujas de aire."", ""answer"": ""17""}",
MA02-OA-10-03,2° básico,Números y operaciones,MA02 OA 10,"Demostrar que comprende la relación entre la adición y la sustracción al usar la ""familia de operaciones"" en cálculos aritméticos y la resolución de problemas.",usar suma como inversa de resta,Usar adición y sustracción en el ámbito numérico apropiado para 2° básico.,libros,HuggingFaceTB/SmolLM3-3B,"Genera un problema matemático verbal para un estudiante de 2° básico.
Debe estar alineado con el siguiente Objetivo de Aprendizaje: Demostrar que comprende la relación entre la adición y la sustracción al usar la ""familia de operaciones"" en cálculos aritméticos y la resolución de problemas.
Habilidad a evaluar: usar suma como inversa de resta.
Condiciones curriculares: Usar adición y sustracción en el ámbito numérico apropiado para 2° básico..
Contexto: libros.
Entrega el problema, su solución y la respuesta final.
Responde únicamente con un objeto JSON válido con esta estructura: {""problem"": ""..."", ""solution"": ""..."", ""answer"": ""...""}","En el libro de cuentos de la biblioteca escolar, hay 15 libros de ciencia ficción y 10 libros de misterio. Si el maestro quita 5 libros de ciencia ficción, ¿cuántos libros de ciencia ficción quedan en la biblioteca? ¿Cuántos libros de misterio quedan si el maestro también los quita 3?","Primero, calculamos los libros de ciencia ficción restantes. Tenemos 15 libros de ciencia ficción y se quitan 5. 15 - 5 = 10 libros de ciencia ficción. Luego, calculamos los libros de misterio restantes. Tenemos 10 libros de misterio y se quitan 3. 10 - 3 = 7 libros de misterio. En resumen, quedan 10 libros de ciencia ficción y 7 libros de misterio.",10 libros de ciencia ficción y 7 libros de misterio,"{""problem"": ""En el libro de cuentos de la biblioteca escolar, hay 15 libros de ciencia ficción y 10 libros de misterio. Si el maestro quita 5 libros de ciencia ficción, ¿cuántos libros de ciencia ficción quedan en la biblioteca? ¿Cuántos libros de misterio quedan si el maestro también los quita 3?"", ""solution"": ""Primero, calculamos los libros de ciencia ficción restantes. Tenemos 15 libros de ciencia ficción y se quitan 5. 15 - 5 = 10 libros de ciencia ficción. Luego, calculamos los libros de misterio restantes. Tenemos 10 libros de misterio y se quitan 3. 10 - 3 = 7 libros de misterio. En resumen, quedan 10 libros de ciencia ficción y 7 libros de misterio."", ""answer"": ""10 libros de ciencia ficción y 7 libros de misterio""}",
MA02-OA-10-04,2° básico,Números y operaciones,MA02 OA 10,"Demostrar que comprende la relación entre la adición y la sustracción al usar la ""familia de operaciones"" en cálculos aritméticos y la resolución de problemas.",hallar un término faltante,Usar adición y sustracción en el ámbito numérico apropiado para 2° básico.,juguetes,HuggingFaceTB/SmolLM3-3B,"Genera un problema matemático verbal para un estudiante de 2° básico.
Debe estar alineado con el siguiente Objetivo de Aprendizaje: Demostrar que comprende la relación entre la adición y la sustracción al usar la ""familia de operaciones"" en cálculos aritméticos y la resolución de problemas.
Habilidad a evaluar: hallar un término faltante.
Condiciones curriculares: Usar adición y sustracción en el ámbito numérico apropiado para 2° básico..
Contexto: juguetes.
Entrega el problema, su solución y la respuesta final.
Responde únicamente con un objeto JSON válido con esta estructura: {""problem"": ""..."", ""solution"": ""..."", ""answer"": ""...""}","María tiene 15 juguetes. Su hermana le regala 7 juguetes. Luego, María pierde 3 juguetes. ¿Cuántos juguetes tiene María ahora?","Primero, sumamos los juguetes que María recibió de su hermana: 15 + 7 = 22 juguetes. Luego, restamos los juguetes que perdió: 22 - 3 = 19 juguetes. Por lo tanto, María tiene 19 juguetes ahora.",19,"{
  ""problem"": ""María tiene 15 juguetes. Su hermana le regala 7 juguetes. Luego, María pierde 3 juguetes. ¿Cuántos juguetes tiene María ahora?"",
  ""solution"": ""Primero, sumamos los juguetes que María recibió de su hermana: 15 + 7 = 22 juguetes. Luego, restamos los juguetes que perdió: 22 - 3 = 19 juguetes. Por lo tanto, María tiene 19 juguetes ahora."",
  ""answer"":  ""19""
}",
MA02-OA-10-05,2° básico,Números y operaciones,MA02 OA 10,"Demostrar que comprende la relación entre la adición y la sustracción al usar la ""familia de operaciones"" en cálculos aritméticos y la resolución de problemas.",comprobar un resultado con la operación inversa,Usar adición y sustracción en el ámbito numérico apropiado para 2° básico.,galletas,HuggingFaceTB/SmolLM3-3B,"Genera un problema matemático verbal para un estudiante de 2° básico.
Debe estar alineado con el siguiente Objetivo de Aprendizaje: Demostrar que comprende la relación entre la adición y la sustracción al usar la ""familia de operaciones"" en cálculos aritméticos y la resolución de problemas.
Habilidad a evaluar: comprobar un resultado con la operación inversa.
Condiciones curriculares: Usar adición y sustracción en el ámbito numérico apropiado para 2° básico..
Contexto: galletas.
Entrega el problema, su solución y la respuesta final.
Responde únicamente con un objeto JSON válido con esta estructura: {""problem"": ""..."", ""solution"": ""..."", ""answer"": ""...""}","Juan tiene 15 galletas. Su mamá le da 3 más. Luego, Juan da 5 galletas a sus amigos. ¿Cuántas galletas tiene Juan al final?","Primero, sumamos las galletas que Juan recibe: 15 + 3 = 18 galletas. Luego, restamos las galletas que Juan da a sus amigos: 18 - 5 = 13 galletas. Por lo tanto, Juan tiene 13 galletas al final.",13,"{""problem"": ""Juan tiene 15 galletas. Su mamá le da 3 más. Luego, Juan da 5 galletas a sus amigos. ¿Cuántas galletas tiene Juan al final?"", ""solution"": ""Primero, sumamos las galletas que Juan recibe: 15 + 3 = 18 galletas. Luego, restamos las galletas que Juan da a sus amigos: 18 - 5 = 13 galletas. Por lo tanto, Juan tiene 13 galletas al final."", ""answer"":  ""13""}",
MA02-OA-11-01,2° básico,Números y operaciones,MA02 OA 11,"Demostrar que comprende la multiplicación:
• usando representaciones concretas y pictóricas
• expresando una multiplicación como una adición de sumandos iguales
• usando la distributividad como estrategia para construir las tablas del 2, del 5 y del 10
• resolviendo problemas que involucren las tablas del 2, del 5 y del 10.",interpretar multiplicación como suma repetida,"Limitar las multiplicaciones a las tablas del 2, 5 y 10.",ruedas de bicicletas,HuggingFaceTB/SmolLM3-3B,"Genera un problema matemático verbal para un estudiante de 2° básico.
Debe estar alineado con el siguiente Objetivo de Aprendizaje: Demostrar que comprende la multiplicación:
• usando representaciones concretas y pictóricas
• expresando una multiplicación como una adición de sumandos iguales
• usando la distributividad como estrategia para construir las tablas del 2, del 5 y del 10
• resolviendo problemas que involucren las tablas del 2, del 5 y del 10.
Habilidad a evaluar: interpretar multiplicación como suma repetida.
Condiciones curriculares: Limitar las multiplicaciones a las tablas del 2, 5 y 10..
Contexto: ruedas de bicicletas.
Entrega el problema, su solución y la respuesta final.
Responde únicamente con un objeto JSON válido con esta estructura: {""problem"": ""..."", ""solution"": ""..."", ""answer"": ""...""}",Un amigo tiene 10 bicicletas y quiere cambiar las ruedas de todas ellas. Cada bicicleta tiene 2 ruedas. ¿Cuántas ruedas en total necesitará para reemplazar todas las ruedas de sus 10 bicicletas?,"Para resolver este problema, primero calculamos el número de ruedas que tiene cada bicicleta, que es 2. Luego, multiplicamos el número de bicicletas (10) por el número de ruedas que tiene cada una (2). Esto se puede expresar como 10 multiplicado por 2, lo que es igual a 10 + 10 + 10 + 10 + 10 + 10 + 10 + 10 + 10 + 10 = 20 + 20 + 20 + 20 + 20 = 100 ruedas en total.",100,"{""problem"": ""Un amigo tiene 10 bicicletas y quiere cambiar las ruedas de todas ellas. Cada bicicleta tiene 2 ruedas. ¿Cuántas ruedas en total necesitará para reemplazar todas las ruedas de sus 10 bicicletas?"", ""solution"": ""Para resolver este problema, primero calculamos el número de ruedas que tiene cada bicicleta, que es 2. Luego, multiplicamos el número de bicicletas (10) por el número de ruedas que tiene cada una (2). Esto se puede expresar como 10 multiplicado por 2, lo que es igual a 10 + 10 + 10 + 10 + 10 + 10 + 10 + 10 + 10 + 10 = 20 + 20 + 20 + 20 + 20 = 100 ruedas en total."", ""answer"": ""100""}",
MA02-OA-11-02,2° básico,Números y operaciones,MA02 OA 11,"Demostrar que comprende la multiplicación:
• usando representaciones concretas y pictóricas
• expresando una multiplicación como una adición de sumandos iguales
• usando la distributividad como estrategia para construir las tablas del 2, del 5 y del 10
• resolviendo problemas que involucren las tablas del 2, del 5 y del 10.",resolver un problema con la tabla del 2,"Limitar las multiplicaciones a las tablas del 2, 5 y 10.",paquetes de lápices,HuggingFaceTB/SmolLM3-3B,"Genera un problema matemático verbal para un estudiante de 2° básico.
Debe estar alineado con el siguiente Objetivo de Aprendizaje: Demostrar que comprende la multiplicación:
• usando representaciones concretas y pictóricas
• expresando una multiplicación como una adición de sumandos iguales
• usando la distributividad como estrategia para construir las tablas del 2, del 5 y del 10
• resolviendo problemas que involucren las tablas del 2, del 5 y del 10.
Habilidad a evaluar: resolver un problema con la tabla del 2.
Condiciones curriculares: Limitar las multiplicaciones a las tablas del 2, 5 y 10..
Contexto: paquetes de lápices.
Entrega el problema, su solución y la respuesta final.
Responde únicamente con un objeto JSON válido con esta estructura: {""problem"": ""..."", ""solution"": ""..."", ""answer"": ""...""}","Un maestro tiene 5 paquetes de lápices, y cada paquete contiene 2 lápices. ¿Cuántos lápices tiene el maestro en total? Resuelve usando la tabla del 2.","Para resolver este problema, podemos usar la tabla del 2. Cada paquete contiene 2 lápices y el maestro tiene 5 paquetes. Para encontrar el total de lápices, multiplicamos 5 (el número de paquetes) por 2 (el número de lápices por paquete). Esto se puede escribir como 5 x 2 = 10. Por lo tanto, el maestro tiene 10 lápices en total.",10,"{""problem"": ""Un maestro tiene 5 paquetes de lápices, y cada paquete contiene 2 lápices. ¿Cuántos lápices tiene el maestro en total? Resuelve usando la tabla del 2."", ""solution"": ""Para resolver este problema, podemos usar la tabla del 2. Cada paquete contiene 2 lápices y el maestro tiene 5 paquetes. Para encontrar el total de lápices, multiplicamos 5 (el número de paquetes) por 2 (el número de lápices por paquete). Esto se puede escribir como 5 x 2 = 10. Por lo tanto, el maestro tiene 10 lápices en total."", ""answer"": ""10""}",
MA02-OA-11-03,2° básico,Números y operaciones,MA02 OA 11,"Demostrar que comprende la multiplicación:
• usando representaciones concretas y pictóricas
• expresando una multiplicación como una adición de sumandos iguales
• usando la distributividad como estrategia para construir las tablas del 2, del 5 y del 10
• resolviendo problemas que involucren las tablas del 2, del 5 y del 10.",resolver un problema con la tabla del 5,"Limitar las multiplicaciones a las tablas del 2, 5 y 10.",monedas,HuggingFaceTB/SmolLM3-3B,"Genera un problema matemático verbal para un estudiante de 2° básico.
Debe estar alineado con el siguiente Objetivo de Aprendizaje: Demostrar que comprende la multiplicación:
• usando representaciones concretas y pictóricas
• expresando una multiplicación como una adición de sumandos iguales
• usando la distributividad como estrategia para construir las tablas del 2, del 5 y del 10
• resolviendo problemas que involucren las tablas del 2, del 5 y del 10.
Habilidad a evaluar: resolver un problema con la tabla del 5.
Condiciones curriculares: Limitar las multiplicaciones a las tablas del 2, 5 y 10..
Contexto: monedas.
Entrega el problema, su solución y la respuesta final.
Responde únicamente con un objeto JSON válido con esta estructura: {""problem"": ""..."", ""solution"": ""..."", ""answer"": ""...""}","Una moneda de 5 centavos tiene el valor de 5 centavos. Si tienes 10 de estas monedas, ¿cuántos centavos tienes en total?","Para resolver este problema, podemos usar la tabla del 5. Cada moneda vale 5 centavos, y tienes 10 monedas. Multiplicando 5 por 10, obtenemos 5 + 5 + 5 + 5 + 5 + 5 + 5 + 5 + 5 + 5 = 50 centavos. O, usando la distributividad, podemos escribir 5 * 10 = 5 * (5 + 5) = 5 * 5 + 5 * 5 = 25 + 25 = 50 centavos.",50,"{""problem"": ""Una moneda de 5 centavos tiene el valor de 5 centavos. Si tienes 10 de estas monedas, ¿cuántos centavos tienes en total?"", ""solution"": ""Para resolver este problema, podemos usar la tabla del 5. Cada moneda vale 5 centavos, y tienes 10 monedas. Multiplicando 5 por 10, obtenemos 5 + 5 + 5 + 5 + 5 + 5 + 5 + 5 + 5 + 5 = 50 centavos. O, usando la distributividad, podemos escribir 5 * 10 = 5 * (5 + 5) = 5 * 5 + 5 * 5 = 25 + 25 = 50 centavos."", ""answer"": ""50""}",
MA02-OA-11-04,2° básico,Números y operaciones,MA02 OA 11,"Demostrar que comprende la multiplicación:
• usando representaciones concretas y pictóricas
• expresando una multiplicación como una adición de sumandos iguales
• usando la distributividad como estrategia para construir las tablas del 2, del 5 y del 10
• resolviendo problemas que involucren las tablas del 2, del 5 y del 10.",resolver un problema con la tabla del 10,"Limitar las multiplicaciones a las tablas del 2, 5 y 10.",filas de sillas,HuggingFaceTB/SmolLM3-3B,"Genera un problema matemático verbal para un estudiante de 2° básico.
Debe estar alineado con el siguiente Objetivo de Aprendizaje: Demostrar que comprende la multiplicación:
• usando representaciones concretas y pictóricas
• expresando una multiplicación como una adición de sumandos iguales
• usando la distributividad como estrategia para construir las tablas del 2, del 5 y del 10
• resolviendo problemas que involucren las tablas del 2, del 5 y del 10.
Habilidad a evaluar: resolver un problema con la tabla del 10.
Condiciones curriculares: Limitar las multiplicaciones a las tablas del 2, 5 y 10..
Contexto: filas de sillas.
Entrega el problema, su solución y la respuesta final.
Responde únicamente con un objeto JSON válido con esta estructura: {""problem"": ""..."", ""solution"": ""..."", ""answer"": ""...""}",En un aula hay 10 filas de sillas. Cada fila tiene 5 sillas. ¿Cuántas sillas hay en total en el aula?,"Para resolver este problema, primero multiplicamos el número de filas por el número de sillas en cada fila. Esto se puede hacer de dos maneras:
1. Usando la multiplicación: 10 filas × 5 sillas/fila = 50 sillas
2. Usando la distributividad: 10 filas × (5 sillas + 0 sillas) = (10 filas × 5 sillas) + (10 filas × 0 sillas) = 50 sillas + 0 sillas = 50 sillas
La respuesta final es 50 sillas.",50,"{""problem"": ""En un aula hay 10 filas de sillas. Cada fila tiene 5 sillas. ¿Cuántas sillas hay en total en el aula?"", ""solution"": ""Para resolver este problema, primero multiplicamos el número de filas por el número de sillas en cada fila. Esto se puede hacer de dos maneras:\n1. Usando la multiplicación: 10 filas × 5 sillas/fila = 50 sillas\n2. Usando la distributividad: 10 filas × (5 sillas + 0 sillas) = (10 filas × 5 sillas) + (10 filas × 0 sillas) = 50 sillas + 0 sillas = 50 sillas\nLa respuesta final es 50 sillas."", ""answer"":  ""50""}",
MA02-OA-11-05,2° básico,Números y operaciones,MA02 OA 11,"Demostrar que comprende la multiplicación:
• usando representaciones concretas y pictóricas
• expresando una multiplicación como una adición de sumandos iguales
• usando la distributividad como estrategia para construir las tablas del 2, del 5 y del 10
• resolviendo problemas que involucren las tablas del 2, del 5 y del 10.",usar grupos iguales para representar multiplicación,"Limitar las multiplicaciones a las tablas del 2, 5 y 10.",cajas con frutas,HuggingFaceTB/SmolLM3-3B,"Genera un problema matemático verbal para un estudiante de 2° básico.
Debe estar alineado con el siguiente Objetivo de Aprendizaje: Demostrar que comprende la multiplicación:
• usando representaciones concretas y pictóricas
• expresando una multiplicación como una adición de sumandos iguales
• usando la distributividad como estrategia para construir las tablas del 2, del 5 y del 10
• resolviendo problemas que involucren las tablas del 2, del 5 y del 10.
Habilidad a evaluar: usar grupos iguales para representar multiplicación.
Condiciones curriculares: Limitar las multiplicaciones a las tablas del 2, 5 y 10..
Contexto: cajas con frutas.
Entrega el problema, su solución y la respuesta final.
Responde únicamente con un objeto JSON válido con esta estructura: {""problem"": ""..."", ""solution"": ""..."", ""answer"": ""...""}","En un supermercado, hay cajas de manzanas y cajas de naranjas. Cada caja de manzanas contiene 2 manzanas y cada caja de naranjas contiene 5 naranjas. Si hay 4 cajas de manzanas y 3 cajas de naranjas, ¿cuántas manzanas y naranjas hay en total en el supermercado? Explica tu solución usando grupos iguales para representar la multiplicación.","Primero, calculamos el número total de manzanas. Cada caja de manzanas contiene 2 manzanas y hay 4 cajas, por lo que 2 manzanas × 4 cajas = 8 manzanas. Luego, calculamos el número total de naranjas. Cada caja de naranjas contiene 5 naranjas y hay 3 cajas, por lo que 5 naranjas × 3 cajas = 15 naranjas. En total, hay 8 manzanas + 15 naranjas = 23 frutas.",23,"{""problem"": ""En un supermercado, hay cajas de manzanas y cajas de naranjas. Cada caja de manzanas contiene 2 manzanas y cada caja de naranjas contiene 5 naranjas. Si hay 4 cajas de manzanas y 3 cajas de naranjas, ¿cuántas manzanas y naranjas hay en total en el supermercado? Explica tu solución usando grupos iguales para representar la multiplicación."", ""solution"": ""Primero, calculamos el número total de manzanas. Cada caja de manzanas contiene 2 manzanas y hay 4 cajas, por lo que 2 manzanas × 4 cajas = 8 manzanas. Luego, calculamos el número total de naranjas. Cada caja de naranjas contiene 5 naranjas y hay 3 cajas, por lo que 5 naranjas × 3 cajas = 15 naranjas. En total, hay 8 manzanas + 15 naranjas = 23 frutas."", ""answer"": ""23""}",
MA02-OA-17-01,2° básico,Medición,MA02 OA 17,"Identificar días, semanas, meses y fechas en el calendario.",identificar un día en el calendario,"Trabajar días, semanas, meses y fechas sin requerir una imagen de calendario.",calendario escolar,HuggingFaceTB/SmolLM3-3B,"Genera un problema matemático verbal para un estudiante de 2° básico.
Debe estar alineado con el siguiente Objetivo de Aprendizaje: Identificar días, semanas, meses y fechas en el calendario.
Habilidad a evaluar: identificar un día en el calendario.
Condiciones curriculares: Trabajar días, semanas, meses y fechas sin requerir una imagen de calendario..
Contexto: calendario escolar.
Entrega el problema, su solución y la respuesta final.
Responde únicamente con un objeto JSON válido con esta estructura: {""problem"": ""..."", ""solution"": ""..."", ""answer"": ""...""}","En la clase de Matemáticas, tu profesor te ha dado el siguiente calendario escolar para que identifiques el día de la semana en el que se celebra el Día de la Madre. El calendario muestra los días de la semana: Lunes, Martes, Miércoles, Jueves, Viernes, Sábado, Domingo. El Día de la Madre se celebra el 8 de mayo. ¿Qué día de la semana es el 8 de mayo en el calendario escolar?","Para resolver este problema, primero identificamos que el calendario escolar muestra los días de la semana en el orden: Lunes, Martes, Miércoles, Jueves, Viernes, Sábado, Domingo. Luego, seguimos el calendario hasta llegar al 8 de mayo. El 1 de mayo es un Sábado, el 2 de mayo es un Domingo, el 3 de mayo es un Lunes, el 4 de mayo es un Martes, el 5 de mayo es un Miércoles, el 6 de mayo es un Jueves, el 7 de mayo es un Viernes, y el 8 de mayo es un Sábado. Por lo tanto, el Día de la Madre se celebra un sábado.",Sábado,"{""problem"": ""En la clase de Matemáticas, tu profesor te ha dado el siguiente calendario escolar para que identifiques el día de la semana en el que se celebra el Día de la Madre. El calendario muestra los días de la semana: Lunes, Martes, Miércoles, Jueves, Viernes, Sábado, Domingo. El Día de la Madre se celebra el 8 de mayo. ¿Qué día de la semana es el 8 de mayo en el calendario escolar?"", ""solution"": ""Para resolver este problema, primero identificamos que el calendario escolar muestra los días de la semana en el orden: Lunes, Martes, Miércoles, Jueves, Viernes, Sábado, Domingo. Luego, seguimos el calendario hasta llegar al 8 de mayo. El 1 de mayo es un Sábado, el 2 de mayo es un Domingo, el 3 de mayo es un Lunes, el 4 de mayo es un Martes, el 5 de mayo es un Miércoles, el 6 de mayo es un Jueves, el 7 de mayo es un Viernes, y el 8 de mayo es un Sábado. Por lo tanto, el Día de la Madre se celebra un sábado."", ""answer"": ""Sábado""}",
MA02-OA-17-02,2° básico,Medición,MA02 OA 17,"Identificar días, semanas, meses y fechas en el calendario.",calcular el día siguiente o anterior,"Trabajar días, semanas, meses y fechas sin requerir una imagen de calendario.",cumpleaños,HuggingFaceTB/SmolLM3-3B,"Genera un problema matemático verbal para un estudiante de 2° básico.
Debe estar alineado con el siguiente Objetivo de Aprendizaje: Identificar días, semanas, meses y fechas en el calendario.
Habilidad a evaluar: calcular el día siguiente o anterior.
Condiciones curriculares: Trabajar días, semanas, meses y fechas sin requerir una imagen de calendario..
Contexto: cumpleaños.
Entrega el problema, su solución y la respuesta final.
Responde únicamente con un objeto JSON válido con esta estructura: {""problem"": ""..."", ""solution"": ""..."", ""answer"": ""...""}",María tiene un cumpleaños el 15 de octubre. ¿Qué día será el 16 de octubre? ¿Y el 17 de octubre? ¿Y el 18 de octubre?,"Para resolver este problema, necesitamos identificar que el 15 de octubre es el día de cumpleaños de María. El día siguiente al 15 de octubre será el 16 de octubre, y el día siguiente al 16 de octubre será el 17 de octubre. El día siguiente al 17 de octubre será el 18 de octubre.",El 16 de octubre será el día siguiente al cumpleaños de María. El 17 de octubre será el día después de ese. El 18 de octubre será el día después del 17 de octubre.,"{""problem"": ""María tiene un cumpleaños el 15 de octubre. ¿Qué día será el 16 de octubre? ¿Y el 17 de octubre? ¿Y el 18 de octubre?"", ""solution"": ""Para resolver este problema, necesitamos identificar que el 15 de octubre es el día de cumpleaños de María. El día siguiente al 15 de octubre será el 16 de octubre, y el día siguiente al 16 de octubre será el 17 de octubre. El día siguiente al 17 de octubre será el 18 de octubre."", ""answer"": ""El 16 de octubre será el día siguiente al cumpleaños de María. El 17 de octubre será el día después de ese. El 18 de octubre será el día después del 17 de octubre.""}",
MA02-OA-17-03,2° básico,Medición,MA02 OA 17,"Identificar días, semanas, meses y fechas en el calendario.",relacionar semanas y días,"Trabajar días, semanas, meses y fechas sin requerir una imagen de calendario.",vacaciones,HuggingFaceTB/SmolLM3-3B,"Genera un problema matemático verbal para un estudiante de 2° básico.
Debe estar alineado con el siguiente Objetivo de Aprendizaje: Identificar días, semanas, meses y fechas en el calendario.
Habilidad a evaluar: relacionar semanas y días.
Condiciones curriculares: Trabajar días, semanas, meses y fechas sin requerir una imagen de calendario..
Contexto: vacaciones.
Entrega el problema, su solución y la respuesta final.
Responde únicamente con un objeto JSON válido con esta estructura: {""problem"": ""..."", ""solution"": ""..."", ""answer"": ""...""}",Había 5 días de vacaciones en un mes. El primer día de vacaciones fue el 10 de marzo. ¿En qué día del mes terminaron las vacaciones?,"Para resolver este problema, primero debemos determinar en qué día del mes terminan las vacaciones. Sabemos que las vacaciones duran 5 días. Si el primer día de vacaciones es el 10 de marzo, entonces el último día de vacaciones será 5 días después. Calculamos el último día de vacaciones sumando 5 días al 10 de marzo: 10 + 5 = 15. Por lo tanto, las vacaciones terminaron el 15 de marzo.",El último día de las vacaciones fue el 15 de marzo.,"{""problem"": ""Había 5 días de vacaciones en un mes. El primer día de vacaciones fue el 10 de marzo. ¿En qué día del mes terminaron las vacaciones?"", ""solution"": ""Para resolver este problema, primero debemos determinar en qué día del mes terminan las vacaciones. Sabemos que las vacaciones duran 5 días. Si el primer día de vacaciones es el 10 de marzo, entonces el último día de vacaciones será 5 días después. Calculamos el último día de vacaciones sumando 5 días al 10 de marzo: 10 + 5 = 15. Por lo tanto, las vacaciones terminaron el 15 de marzo."", ""answer"": ""El último día de las vacaciones fue el 15 de marzo.""}",
MA02-OA-17-04,2° básico,Medición,MA02 OA 17,"Identificar días, semanas, meses y fechas en el calendario.",identificar un mes,"Trabajar días, semanas, meses y fechas sin requerir una imagen de calendario.",talleres semanales,HuggingFaceTB/SmolLM3-3B,"Genera un problema matemático verbal para un estudiante de 2° básico.
Debe estar alineado con el siguiente Objetivo de Aprendizaje: Identificar días, semanas, meses y fechas en el calendario.
Habilidad a evaluar: identificar un mes.
Condiciones curriculares: Trabajar días, semanas, meses y fechas sin requerir una imagen de calendario..
Contexto: talleres semanales.
Entrega el problema, su solución y la respuesta final.
Responde únicamente con un objeto JSON válido con esta estructura: {""problem"": ""..."", ""solution"": ""..."", ""answer"": ""...""}","En una semana, hay 7 días. ¿Cuál es el nombre del cuarto día de la semana?",El cuarto día de la semana es el jueves.,jueves,"{""problem"": ""En una semana, hay 7 días. ¿Cuál es el nombre del cuarto día de la semana?"", ""solution"": ""El cuarto día de la semana es el jueves."", ""answer"": ""jueves""}",
MA02-OA-17-05,2° básico,Medición,MA02 OA 17,"Identificar días, semanas, meses y fechas en el calendario.",ubicar una fecha,"Trabajar días, semanas, meses y fechas sin requerir una imagen de calendario.",eventos del curso,HuggingFaceTB/SmolLM3-3B,"Genera un problema matemático verbal para un estudiante de 2° básico.
Debe estar alineado con el siguiente Objetivo de Aprendizaje: Identificar días, semanas, meses y fechas en el calendario.
Habilidad a evaluar: ubicar una fecha.
Condiciones curriculares: Trabajar días, semanas, meses y fechas sin requerir una imagen de calendario..
Contexto: eventos del curso.
Entrega el problema, su solución y la respuesta final.
Responde únicamente con un objeto JSON válido con esta estructura: {""problem"": ""..."", ""solution"": ""..."", ""answer"": ""...""}",Hoy es el primer día de clase. ¿Cuál será la fecha de la siguiente semana?,La siguiente semana comenzará el 10 de marzo.,10 de marzo,"{""problem"": ""Hoy es el primer día de clase. ¿Cuál será la fecha de la siguiente semana?"", ""solution"": ""La siguiente semana comenzará el 10 de marzo."", ""answer"": ""10 de marzo""}",
MA03-OA-03-01,3° básico,Números y operaciones,MA03 OA 03,"Comparar y ordenar números naturales hasta 1 000, utilizando la recta numérica o la tabla posicional de manera manual y/o por medio de software educativo.",comparar dos números,Usar números naturales hasta 1 000.,población de animales,HuggingFaceTB/SmolLM3-3B,"Genera un problema matemático verbal para un estudiante de 3° básico.
Debe estar alineado con el siguiente Objetivo de Aprendizaje: Comparar y ordenar números naturales hasta 1 000, utilizando la recta numérica o la tabla posicional de manera manual y/o por medio de software educativo.
Habilidad a evaluar: comparar dos números.
Condiciones curriculares: Usar números naturales hasta 1 000..
Contexto: población de animales.
Entrega el problema, su solución y la respuesta final.
Responde únicamente con un objeto JSON válido con esta estructura: {""problem"": ""..."", ""solution"": ""..."", ""answer"": ""...""}","En un parque de animales, hay 234 leones, 567 tigres y 321 elefantes. ¿Cuántos más tigres hay que leones y cuántos más elefantes hay que leones? Responde con números naturales hasta 1 000.","Primero, ordenamos los números: 234 leones, 321 elefantes y 567 tigres. Para encontrar cuántos más tigres hay que leones, restamos 234 de 567. 567 - 234 = 333. Para encontrar cuántos más elefantes hay que leones, restamos 234 de 321. 321 - 234 = 87.",333 tigres más que leones y 87 elefantes más que leones.,"{""problem"": ""En un parque de animales, hay 234 leones, 567 tigres y 321 elefantes. ¿Cuántos más tigres hay que leones y cuántos más elefantes hay que leones? Responde con números naturales hasta 1 000."", ""solution"": ""Primero, ordenamos los números: 234 leones, 321 elefantes y 567 tigres. Para encontrar cuántos más tigres hay que leones, restamos 234 de 567. 567 - 234 = 333. Para encontrar cuántos más elefantes hay que leones, restamos 234 de 321. 321 - 234 = 87."", ""answer"": ""333 tigres más que leones y 87 elefantes más que leones.""}",
MA03-OA-03-02,3° básico,Números y operaciones,MA03 OA 03,"Comparar y ordenar números naturales hasta 1 000, utilizando la recta numérica o la tabla posicional de manera manual y/o por medio de software educativo.",ordenar varios números ascendentemente,Usar números naturales hasta 1 000.,puntajes,HuggingFaceTB/SmolLM3-3B,"Genera un problema matemático verbal para un estudiante de 3° básico.
Debe estar alineado con el siguiente Objetivo de Aprendizaje: Comparar y ordenar números naturales hasta 1 000, utilizando la recta numérica o la tabla posicional de manera manual y/o por medio de software educativo.
Habilidad a evaluar: ordenar varios números ascendentemente.
Condiciones curriculares: Usar números naturales hasta 1 000..
Contexto: puntajes.
Entrega el problema, su solución y la respuesta final.
Responde únicamente con un objeto JSON válido con esta estructura: {""problem"": ""..."", ""solution"": ""..."", ""answer"": ""...""}","En un juego de puntos, 5 estudiantes obtuvieron los siguientes puntajes: 250, 350, 100, 550, y 450. ¿En qué orden se colocarán estos puntajes en la recta numérica de menor a mayor? Puedes usar una tabla posicional para ayudarte a ordenar los números.","Primero, escribamos los números en una tabla posicional para facilitar el ordenamiento:

250
350
100
550
450

Luego, ordenamos los números de menor a mayor:

100
250
350
450
550

Por lo tanto, los puntajes ordenados son: 100, 250, 350, 450, 550.","Los puntajes ordenados de menor a mayor son: 100, 250, 350, 450, 550.","{""problem"": ""En un juego de puntos, 5 estudiantes obtuvieron los siguientes puntajes: 250, 350, 100, 550, y 450. ¿En qué orden se colocarán estos puntajes en la recta numérica de menor a mayor? Puedes usar una tabla posicional para ayudarte a ordenar los números."", ""solution"": ""Primero, escribamos los números en una tabla posicional para facilitar el ordenamiento:\n\n250\n350\n100\n550\n450\n\nLuego, ordenamos los números de menor a mayor:\n\n100\n250\n350\n450\n550\n\nPor lo tanto, los puntajes ordenados son: 100, 250, 350, 450, 550."", ""answer"": ""Los puntajes ordenados de menor a mayor son: 100, 250, 350, 450, 550.""}",
MA03-OA-03-03,3° básico,Números y operaciones,MA03 OA 03,"Comparar y ordenar números naturales hasta 1 000, utilizando la recta numérica o la tabla posicional de manera manual y/o por medio de software educativo.",ordenar varios números descendentemente,Usar números naturales hasta 1 000.,colecciones,HuggingFaceTB/SmolLM3-3B,"Genera un problema matemático verbal para un estudiante de 3° básico.
Debe estar alineado con el siguiente Objetivo de Aprendizaje: Comparar y ordenar números naturales hasta 1 000, utilizando la recta numérica o la tabla posicional de manera manual y/o por medio de software educativo.
Habilidad a evaluar: ordenar varios números descendentemente.
Condiciones curriculares: Usar números naturales hasta 1 000..
Contexto: colecciones.
Entrega el problema, su solución y la respuesta final.
Responde únicamente con un objeto JSON válido con esta estructura: {""problem"": ""..."", ""solution"": ""..."", ""answer"": ""...""}","Tienes una colección de 5 frutas: 7 manzanas, 3 naranjas, 2 plátanos, 4 peras y 1 uva. Ordena la cantidad de cada fruta de mayor a menor. ¿Cuál es la fruta con la cantidad más baja en la colección?","Primero, ordenamos las frutas por la cantidad de cada una: 7 manzanas, 4 peras, 3 naranjas, 2 plátanos, 1 uva. La fruta con la cantidad más baja en la colección es la uva.",1,"{""problem"": ""Tienes una colección de 5 frutas: 7 manzanas, 3 naranjas, 2 plátanos, 4 peras y 1 uva. Ordena la cantidad de cada fruta de mayor a menor. ¿Cuál es la fruta con la cantidad más baja en la colección?"", ""solution"": ""Primero, ordenamos las frutas por la cantidad de cada una: 7 manzanas, 4 peras, 3 naranjas, 2 plátanos, 1 uva. La fruta con la cantidad más baja en la colección es la uva."", ""answer"": ""1""}",
MA03-OA-03-04,3° básico,Números y operaciones,MA03 OA 03,"Comparar y ordenar números naturales hasta 1 000, utilizando la recta numérica o la tabla posicional de manera manual y/o por medio de software educativo.",ubicar conceptualmente un número entre otros,Usar números naturales hasta 1 000.,libros de una biblioteca,HuggingFaceTB/SmolLM3-3B,"Genera un problema matemático verbal para un estudiante de 3° básico.
Debe estar alineado con el siguiente Objetivo de Aprendizaje: Comparar y ordenar números naturales hasta 1 000, utilizando la recta numérica o la tabla posicional de manera manual y/o por medio de software educativo.
Habilidad a evaluar: ubicar conceptualmente un número entre otros.
Condiciones curriculares: Usar números naturales hasta 1 000..
Contexto: libros de una biblioteca.
Entrega el problema, su solución y la respuesta final.
Responde únicamente con un objeto JSON válido con esta estructura: {""problem"": ""..."", ""solution"": ""..."", ""answer"": ""...""}",En la biblioteca de la escuela hay libros organizados en estantes. Cada estante tiene 10 libros. Hay 100 estantes en total. ¿Cuántos libros hay en la biblioteca?,"Para resolver este problema, primero calculamos la cantidad de libros en cada estante. Cada estante tiene 10 libros. Luego, multiplicamos 10 libros por el número de estantes, que es 100. Así, 10 * 100 = 1000 libros en total. Por lo tanto, hay 1000 libros en la biblioteca.",1000,"{""problem"": ""En la biblioteca de la escuela hay libros organizados en estantes. Cada estante tiene 10 libros. Hay 100 estantes en total. ¿Cuántos libros hay en la biblioteca?"", ""solution"": ""Para resolver este problema, primero calculamos la cantidad de libros en cada estante. Cada estante tiene 10 libros. Luego, multiplicamos 10 libros por el número de estantes, que es 100. Así, 10 * 100 = 1000 libros en total. Por lo tanto, hay 1000 libros en la biblioteca."", ""answer"": ""1000""}",
MA03-OA-03-05,3° básico,Números y operaciones,MA03 OA 03,"Comparar y ordenar números naturales hasta 1 000, utilizando la recta numérica o la tabla posicional de manera manual y/o por medio de software educativo.",identificar mayor y menor,Usar números naturales hasta 1 000.,asistencia a eventos,HuggingFaceTB/SmolLM3-3B,"Genera un problema matemático verbal para un estudiante de 3° básico.
Debe estar alineado con el siguiente Objetivo de Aprendizaje: Comparar y ordenar números naturales hasta 1 000, utilizando la recta numérica o la tabla posicional de manera manual y/o por medio de software educativo.
Habilidad a evaluar: identificar mayor y menor.
Condiciones curriculares: Usar números naturales hasta 1 000..
Contexto: asistencia a eventos.
Entrega el problema, su solución y la respuesta final.
Responde únicamente con un objeto JSON válido con esta estructura: {""problem"": ""..."", ""solution"": ""..."", ""answer"": ""...""}","En un evento de la escuela, se tienen 10 000 monedas de 1 peso cada una. Estas monedas se distribuyen en 10 cajas. ¿Cuántas monedas hay en cada caja si todas tienen la misma cantidad?","Primero, sumamos el total de monedas: 10 000. Luego, dividimos este total entre el número de cajas: 10 000 ÷ 10 = 1 000. Por lo tanto, cada caja contiene 1 000 monedas.",Cada caja contiene 1 000 monedas.,"{""problem"": ""En un evento de la escuela, se tienen 10 000 monedas de 1 peso cada una. Estas monedas se distribuyen en 10 cajas. ¿Cuántas monedas hay en cada caja si todas tienen la misma cantidad?"", ""solution"": ""Primero, sumamos el total de monedas: 10 000. Luego, dividimos este total entre el número de cajas: 10 000 ÷ 10 = 1 000. Por lo tanto, cada caja contiene 1 000 monedas."", ""answer"": ""Cada caja contiene 1 000 monedas.""}",
MA03-OA-06-01,3° básico,Números y operaciones,MA03 OA 06,"Demostrar que comprenden la adición y la sustracción de números del 0 al 1 000:
• usando estrategias personales con y sin material concreto;
• creando y resolviendo problemas de adición y sustracción que involucren operaciones combinadas, en forma concreta, pictórica y simbólica, de manera manual y/o por medio de software educativo;
• aplicando los algoritmos con y sin reserva, progresivamente, en la adición de hasta cuatro sumandos y en la sustracción de hasta un sustraendo.",resolver una adición,"Usar números entre 0 y 1 000; admitir adición y sustracción, incluyendo operaciones combinadas cuando sea apropiado.",biblioteca,HuggingFaceTB/SmolLM3-3B,"Genera un problema matemático verbal para un estudiante de 3° básico.
Debe estar alineado con el siguiente Objetivo de Aprendizaje: Demostrar que comprenden la adición y la sustracción de números del 0 al 1 000:
• usando estrategias personales con y sin material concreto;
• creando y resolviendo problemas de adición y sustracción que involucren operaciones combinadas, en forma concreta, pictórica y simbólica, de manera manual y/o por medio de software educativo;
• aplicando los algoritmos con y sin reserva, progresivamente, en la adición de hasta cuatro sumandos y en la sustracción de hasta un sustraendo.
Habilidad a evaluar: resolver una adición.
Condiciones curriculares: Usar números entre 0 y 1 000; admitir adición y sustracción, incluyendo operaciones combinadas cuando sea apropiado..
Contexto: biblioteca.
Entrega el problema, su solución y la respuesta final.
Responde únicamente con un objeto JSON válido con esta estructura: {""problem"": ""..."", ""solution"": ""..."", ""answer"": ""...""}","En la biblioteca hay 400 libros de ciencias, 300 libros de historia y 200 libros de arte. ¿Cuántos libros hay en total en la biblioteca? Resuelve esta adición usando el algoritmo con reserva.","Primero, sumamos los libros de ciencias y de historia: 400 + 300 = 700 libros. Luego, sumamos los libros de arte: 700 + 200 = 900 libros. Por lo tanto, en total hay 900 libros en la biblioteca.",900,"{""problem"": ""En la biblioteca hay 400 libros de ciencias, 300 libros de historia y 200 libros de arte. ¿Cuántos libros hay en total en la biblioteca? Resuelve esta adición usando el algoritmo con reserva."", ""solution"": ""Primero, sumamos los libros de ciencias y de historia: 400 + 300 = 700 libros. Luego, sumamos los libros de arte: 700 + 200 = 900 libros. Por lo tanto, en total hay 900 libros en la biblioteca."", ""answer"": ""900""}",
MA03-OA-06-02,3° básico,Números y operaciones,MA03 OA 06,"Demostrar que comprenden la adición y la sustracción de números del 0 al 1 000:
• usando estrategias personales con y sin material concreto;
• creando y resolviendo problemas de adición y sustracción que involucren operaciones combinadas, en forma concreta, pictórica y simbólica, de manera manual y/o por medio de software educativo;
• aplicando los algoritmos con y sin reserva, progresivamente, en la adición de hasta cuatro sumandos y en la sustracción de hasta un sustraendo.",resolver una sustracción,"Usar números entre 0 y 1 000; admitir adición y sustracción, incluyendo operaciones combinadas cuando sea apropiado.",entradas a un evento,HuggingFaceTB/SmolLM3-3B,"Genera un problema matemático verbal para un estudiante de 3° básico.
Debe estar alineado con el siguiente Objetivo de Aprendizaje: Demostrar que comprenden la adición y la sustracción de números del 0 al 1 000:
• usando estrategias personales con y sin material concreto;
• creando y resolviendo problemas de adición y sustracción que involucren operaciones combinadas, en forma concreta, pictórica y simbólica, de manera manual y/o por medio de software educativo;
• aplicando los algoritmos con y sin reserva, progresivamente, en la adición de hasta cuatro sumandos y en la sustracción de hasta un sustraendo.
Habilidad a evaluar: resolver una sustracción.
Condiciones curriculares: Usar números entre 0 y 1 000; admitir adición y sustracción, incluyendo operaciones combinadas cuando sea apropiado..
Contexto: entradas a un evento.
Entrega el problema, su solución y la respuesta final.
Responde únicamente con un objeto JSON válido con esta estructura: {""problem"": ""..."", ""solution"": ""..."", ""answer"": ""...""}","En un evento escolar, 567 niños y 234 niñas se inscribieron. Sin embargo, 100 niños se retiraron antes del evento. ¿Cuántas personas asistieron finalmente al evento?","Primero, sumamos los niños y niñas que se inscribieron: 567 niños + 234 niñas = 801 personas. Luego, restamos los 100 niños que se retiraron: 801 personas - 100 niños = 701 personas. Por lo tanto, 701 personas asistieron al evento.",701,"{""problem"": ""En un evento escolar, 567 niños y 234 niñas se inscribieron. Sin embargo, 100 niños se retiraron antes del evento. ¿Cuántas personas asistieron finalmente al evento?"", ""solution"": ""Primero, sumamos los niños y niñas que se inscribieron: 567 niños + 234 niñas = 801 personas. Luego, restamos los 100 niños que se retiraron: 801 personas - 100 niños = 701 personas. Por lo tanto, 701 personas asistieron al evento."", ""answer"": ""701""}",
MA03-OA-06-03,3° básico,Números y operaciones,MA03 OA 06,"Demostrar que comprenden la adición y la sustracción de números del 0 al 1 000:
• usando estrategias personales con y sin material concreto;
• creando y resolviendo problemas de adición y sustracción que involucren operaciones combinadas, en forma concreta, pictórica y simbólica, de manera manual y/o por medio de software educativo;
• aplicando los algoritmos con y sin reserva, progresivamente, en la adición de hasta cuatro sumandos y en la sustracción de hasta un sustraendo.",resolver una situación con dos operaciones aditivas,"Usar números entre 0 y 1 000; admitir adición y sustracción, incluyendo operaciones combinadas cuando sea apropiado.",colección de cartas,HuggingFaceTB/SmolLM3-3B,"Genera un problema matemático verbal para un estudiante de 3° básico.
Debe estar alineado con el siguiente Objetivo de Aprendizaje: Demostrar que comprenden la adición y la sustracción de números del 0 al 1 000:
• usando estrategias personales con y sin material concreto;
• creando y resolviendo problemas de adición y sustracción que involucren operaciones combinadas, en forma concreta, pictórica y simbólica, de manera manual y/o por medio de software educativo;
• aplicando los algoritmos con y sin reserva, progresivamente, en la adición de hasta cuatro sumandos y en la sustracción de hasta un sustraendo.
Habilidad a evaluar: resolver una situación con dos operaciones aditivas.
Condiciones curriculares: Usar números entre 0 y 1 000; admitir adición y sustracción, incluyendo operaciones combinadas cuando sea apropiado..
Contexto: colección de cartas.
Entrega el problema, su solución y la respuesta final.
Responde únicamente con un objeto JSON válido con esta estructura: {""problem"": ""..."", ""solution"": ""..."", ""answer"": ""...""}","En una colección de cartas, hay 425 cartas de animales y 275 cartas de frutas. ¿Cuántas cartas hay en total si sumamos las cartas de animales y las cartas de frutas?","Para encontrar el total de cartas, primero sumamos las cartas de animales y las cartas de frutas. 425 + 275 = 700. Por lo tanto, hay 700 cartas en total.",700,"{""problem"": ""En una colección de cartas, hay 425 cartas de animales y 275 cartas de frutas. ¿Cuántas cartas hay en total si sumamos las cartas de animales y las cartas de frutas?"", ""solution"": ""Para encontrar el total de cartas, primero sumamos las cartas de animales y las cartas de frutas. 425 + 275 = 700. Por lo tanto, hay 700 cartas en total."", ""answer"": ""700""}",
MA03-OA-06-04,3° básico,Números y operaciones,MA03 OA 06,"Demostrar que comprenden la adición y la sustracción de números del 0 al 1 000:
• usando estrategias personales con y sin material concreto;
• creando y resolviendo problemas de adición y sustracción que involucren operaciones combinadas, en forma concreta, pictórica y simbólica, de manera manual y/o por medio de software educativo;
• aplicando los algoritmos con y sin reserva, progresivamente, en la adición de hasta cuatro sumandos y en la sustracción de hasta un sustraendo.",estimar una suma o diferencia,"Usar números entre 0 y 1 000; admitir adición y sustracción, incluyendo operaciones combinadas cuando sea apropiado.",animales de un refugio,HuggingFaceTB/SmolLM3-3B,"Genera un problema matemático verbal para un estudiante de 3° básico.
Debe estar alineado con el siguiente Objetivo de Aprendizaje: Demostrar que comprenden la adición y la sustracción de números del 0 al 1 000:
• usando estrategias personales con y sin material concreto;
• creando y resolviendo problemas de adición y sustracción que involucren operaciones combinadas, en forma concreta, pictórica y simbólica, de manera manual y/o por medio de software educativo;
• aplicando los algoritmos con y sin reserva, progresivamente, en la adición de hasta cuatro sumandos y en la sustracción de hasta un sustraendo.
Habilidad a evaluar: estimar una suma o diferencia.
Condiciones curriculares: Usar números entre 0 y 1 000; admitir adición y sustracción, incluyendo operaciones combinadas cuando sea apropiado..
Contexto: animales de un refugio.
Entrega el problema, su solución y la respuesta final.
Responde únicamente con un objeto JSON válido con esta estructura: {""problem"": ""..."", ""solution"": ""..."", ""answer"": ""...""}","En un refugio de animales, hay 450 gatos y 300 perros. Luego, se adoptan 150 gatos y se agregan 200 perros. ¿Cuántos animales quedan en el refugio?","Primero, calculamos la cantidad de gatos después de la adopción: 450 - 150 = 300 gatos. Luego, calculamos la cantidad de perros después de la adopción: 300 + 200 = 500 perros. Finalmente, sumamos los gatos y los perros para obtener el total de animales: 300 + 500 = 800 animales.",800,"{""problem"": ""En un refugio de animales, hay 450 gatos y 300 perros. Luego, se adoptan 150 gatos y se agregan 200 perros. ¿Cuántos animales quedan en el refugio?"", ""solution"": ""Primero, calculamos la cantidad de gatos después de la adopción: 450 - 150 = 300 gatos. Luego, calculamos la cantidad de perros después de la adopción: 300 + 200 = 500 perros. Finalmente, sumamos los gatos y los perros para obtener el total de animales: 300 + 500 = 800 animales."", ""answer"": ""800""}",
MA03-OA-06-05,3° básico,Números y operaciones,MA03 OA 06,"Demostrar que comprenden la adición y la sustracción de números del 0 al 1 000:
• usando estrategias personales con y sin material concreto;
• creando y resolviendo problemas de adición y sustracción que involucren operaciones combinadas, en forma concreta, pictórica y simbólica, de manera manual y/o por medio de software educativo;
• aplicando los algoritmos con y sin reserva, progresivamente, en la adición de hasta cuatro sumandos y en la sustracción de hasta un sustraendo.",resolver un problema rutinario o no rutinario de adición/sustracción,"Usar números entre 0 y 1 000; admitir adición y sustracción, incluyendo operaciones combinadas cuando sea apropiado.",útiles escolares,HuggingFaceTB/SmolLM3-3B,"Genera un problema matemático verbal para un estudiante de 3° básico.
Debe estar alineado con el siguiente Objetivo de Aprendizaje: Demostrar que comprenden la adición y la sustracción de números del 0 al 1 000:
• usando estrategias personales con y sin material concreto;
• creando y resolviendo problemas de adición y sustracción que involucren operaciones combinadas, en forma concreta, pictórica y simbólica, de manera manual y/o por medio de software educativo;
• aplicando los algoritmos con y sin reserva, progresivamente, en la adición de hasta cuatro sumandos y en la sustracción de hasta un sustraendo.
Habilidad a evaluar: resolver un problema rutinario o no rutinario de adición/sustracción.
Condiciones curriculares: Usar números entre 0 y 1 000; admitir adición y sustracción, incluyendo operaciones combinadas cuando sea apropiado..
Contexto: útiles escolares.
Entrega el problema, su solución y la respuesta final.
Responde únicamente con un objeto JSON válido con esta estructura: {""problem"": ""..."", ""solution"": ""..."", ""answer"": ""...""}","En una clase de 3° básico, hay 245 estudiantes. Si 30 estudiantes se van a otro colegio y 50 nuevos estudiantes se unen a la clase, ¿cuántos estudiantes quedan en total?","Primero, restamos los estudiantes que se fueron: 245 - 30 = 215. Luego, sumamos los estudiantes nuevos: 215 + 50 = 265. Por lo tanto, quedan 265 estudiantes en la clase.",265,"{
  ""problem"": ""En una clase de 3° básico, hay 245 estudiantes. Si 30 estudiantes se van a otro colegio y 50 nuevos estudiantes se unen a la clase, ¿cuántos estudiantes quedan en total?"",
  ""solution"": ""Primero, restamos los estudiantes que se fueron: 245 - 30 = 215. Luego, sumamos los estudiantes nuevos: 215 + 50 = 265. Por lo tanto, quedan 265 estudiantes en la clase."",
  ""answer"": ""265""
}",
MA03-OA-07-01,3° básico,Números y operaciones,MA03 OA 07,"Demostrar que comprenden la relación entre la adición y la sustracción, usando la ""familia de operaciones"" en cálculos aritméticos y en la resolución de problemas.",usar una familia de operaciones,Trabajar la relación inversa entre adición y sustracción con números apropiados para 3° básico.,cromos,HuggingFaceTB/SmolLM3-3B,"Genera un problema matemático verbal para un estudiante de 3° básico.
Debe estar alineado con el siguiente Objetivo de Aprendizaje: Demostrar que comprenden la relación entre la adición y la sustracción, usando la ""familia de operaciones"" en cálculos aritméticos y en la resolución de problemas.
Habilidad a evaluar: usar una familia de operaciones.
Condiciones curriculares: Trabajar la relación inversa entre adición y sustracción con números apropiados para 3° básico..
Contexto: cromos.
Entrega el problema, su solución y la respuesta final.
Responde únicamente con un objeto JSON válido con esta estructura: {""problem"": ""..."", ""solution"": ""..."", ""answer"": ""...""}","En un juego de cromos, María tiene 15 cromos. Su amigo Luis le da 7 cromos. ¿Cuántos cromos tiene María ahora?","Para resolver este problema, podemos usar la familia de operaciones. Primero, sumamos los cromos que María ya tenía: 15 cromos. Luego, sumamos los cromos que Luis le dio: 7 cromos. La suma total es 15 + 7 = 22 cromos. Por lo tanto, María ahora tiene 22 cromos.",22,"{""problem"": ""En un juego de cromos, María tiene 15 cromos. Su amigo Luis le da 7 cromos. ¿Cuántos cromos tiene María ahora?"", ""solution"": ""Para resolver este problema, podemos usar la familia de operaciones. Primero, sumamos los cromos que María ya tenía: 15 cromos. Luego, sumamos los cromos que Luis le dio: 7 cromos. La suma total es 15 + 7 = 22 cromos. Por lo tanto, María ahora tiene 22 cromos."", ""answer"": ""22""}",
MA03-OA-07-02,3° básico,Números y operaciones,MA03 OA 07,"Demostrar que comprenden la relación entre la adición y la sustracción, usando la ""familia de operaciones"" en cálculos aritméticos y en la resolución de problemas.",comprobar una suma con resta,Trabajar la relación inversa entre adición y sustracción con números apropiados para 3° básico.,libros,HuggingFaceTB/SmolLM3-3B,"Genera un problema matemático verbal para un estudiante de 3° básico.
Debe estar alineado con el siguiente Objetivo de Aprendizaje: Demostrar que comprenden la relación entre la adición y la sustracción, usando la ""familia de operaciones"" en cálculos aritméticos y en la resolución de problemas.
Habilidad a evaluar: comprobar una suma con resta.
Condiciones curriculares: Trabajar la relación inversa entre adición y sustracción con números apropiados para 3° básico..
Contexto: libros.
Entrega el problema, su solución y la respuesta final.
Responde únicamente con un objeto JSON válido con esta estructura: {""problem"": ""..."", ""solution"": ""..."", ""answer"": ""...""}","En un libro hay 15 páginas. Si leemos 7 páginas, ¿cuántas páginas quedan por leer? ¿Cómo lo sabes? Responde con una familia de operaciones.","Primero, sumamos las páginas leídas a las páginas iniciales: 15 + 7 = 22. Luego, restamos las páginas leídas de las páginas iniciales para encontrar las páginas restantes: 15 - 7 = 8. Por lo tanto, quedan 8 páginas por leer.",8,"{""problem"": ""En un libro hay 15 páginas. Si leemos 7 páginas, ¿cuántas páginas quedan por leer? ¿Cómo lo sabes? Responde con una familia de operaciones."", ""solution"": ""Primero, sumamos las páginas leídas a las páginas iniciales: 15 + 7 = 22. Luego, restamos las páginas leídas de las páginas iniciales para encontrar las páginas restantes: 15 - 7 = 8. Por lo tanto, quedan 8 páginas por leer."", ""answer"": ""8""}",
MA03-OA-07-03,3° básico,Números y operaciones,MA03 OA 07,"Demostrar que comprenden la relación entre la adición y la sustracción, usando la ""familia de operaciones"" en cálculos aritméticos y en la resolución de problemas.",comprobar una resta con suma,Trabajar la relación inversa entre adición y sustracción con números apropiados para 3° básico.,monedas,HuggingFaceTB/SmolLM3-3B,"Genera un problema matemático verbal para un estudiante de 3° básico.
Debe estar alineado con el siguiente Objetivo de Aprendizaje: Demostrar que comprenden la relación entre la adición y la sustracción, usando la ""familia de operaciones"" en cálculos aritméticos y en la resolución de problemas.
Habilidad a evaluar: comprobar una resta con suma.
Condiciones curriculares: Trabajar la relación inversa entre adición y sustracción con números apropiados para 3° básico..
Contexto: monedas.
Entrega el problema, su solución y la respuesta final.
Responde únicamente con un objeto JSON válido con esta estructura: {""problem"": ""..."", ""solution"": ""..."", ""answer"": ""...""}","Hoy, Marta encontró 15 monedas en su bolsillo. Sin embargo, se dio cuenta de que una de ellas era falsa y no valía lo que debería. Marta decidió cambiar la moneda falsa por una moneda real para tener un total de 16 monedas. ¿Cuántas monedas reales tenía Marta al final?","Primero, determinamos que Marta tenía 15 monedas en total, pero una de ellas era falsa. Esto significa que 14 monedas eran reales. Luego, Marta cambió la moneda falsa por una moneda real, lo que le añadió una moneda real a su colección. Por lo tanto, al final, Marta tenía 14 monedas reales más una moneda real adicional, lo que suma un total de 15 monedas reales.",15,"{""problem"": ""Hoy, Marta encontró 15 monedas en su bolsillo. Sin embargo, se dio cuenta de que una de ellas era falsa y no valía lo que debería. Marta decidió cambiar la moneda falsa por una moneda real para tener un total de 16 monedas. ¿Cuántas monedas reales tenía Marta al final?"", ""solution"": ""Primero, determinamos que Marta tenía 15 monedas en total, pero una de ellas era falsa. Esto significa que 14 monedas eran reales. Luego, Marta cambió la moneda falsa por una moneda real, lo que le añadió una moneda real a su colección. Por lo tanto, al final, Marta tenía 14 monedas reales más una moneda real adicional, lo que suma un total de 15 monedas reales."", ""answer"": ""15""}",
MA03-OA-07-04,3° básico,Números y operaciones,MA03 OA 07,"Demostrar que comprenden la relación entre la adición y la sustracción, usando la ""familia de operaciones"" en cálculos aritméticos y en la resolución de problemas.",hallar un término desconocido,Trabajar la relación inversa entre adición y sustracción con números apropiados para 3° básico.,juguetes,HuggingFaceTB/SmolLM3-3B,"Genera un problema matemático verbal para un estudiante de 3° básico.
Debe estar alineado con el siguiente Objetivo de Aprendizaje: Demostrar que comprenden la relación entre la adición y la sustracción, usando la ""familia de operaciones"" en cálculos aritméticos y en la resolución de problemas.
Habilidad a evaluar: hallar un término desconocido.
Condiciones curriculares: Trabajar la relación inversa entre adición y sustracción con números apropiados para 3° básico..
Contexto: juguetes.
Entrega el problema, su solución y la respuesta final.
Responde únicamente con un objeto JSON válido con esta estructura: {""problem"": ""..."", ""solution"": ""..."", ""answer"": ""...""}","María tiene 15 juguetes. Le regala 5 juguetes a su hermana Ana. Después, Ana le regala 3 juguetes a María. ¿Cuántos juguetes tiene María al final?","Primero, María tenía 15 juguetes. Después de recibir 5 juguetes de su hermana, María tenía 15 + 5 = 20 juguetes. Luego, Ana le regala 3 juguetes a María, por lo que María tiene 20 - 3 = 17 juguetes al final.",María tiene 17 juguetes al final.,"{
  ""problem"": ""María tiene 15 juguetes. Le regala 5 juguetes a su hermana Ana. Después, Ana le regala 3 juguetes a María. ¿Cuántos juguetes tiene María al final?"",
  ""solution"": ""Primero, María tenía 15 juguetes. Después de recibir 5 juguetes de su hermana, María tenía 15 + 5 = 20 juguetes. Luego, Ana le regala 3 juguetes a María, por lo que María tiene 20 - 3 = 17 juguetes al final."",
  ""answer"":  ""María tiene 17 juguetes al final.""
}",
MA03-OA-07-05,3° básico,Números y operaciones,MA03 OA 07,"Demostrar que comprenden la relación entre la adición y la sustracción, usando la ""familia de operaciones"" en cálculos aritméticos y en la resolución de problemas.",aplicar la relación inversa en un problema,Trabajar la relación inversa entre adición y sustracción con números apropiados para 3° básico.,frutas,HuggingFaceTB/SmolLM3-3B,"Genera un problema matemático verbal para un estudiante de 3° básico.
Debe estar alineado con el siguiente Objetivo de Aprendizaje: Demostrar que comprenden la relación entre la adición y la sustracción, usando la ""familia de operaciones"" en cálculos aritméticos y en la resolución de problemas.
Habilidad a evaluar: aplicar la relación inversa en un problema.
Condiciones curriculares: Trabajar la relación inversa entre adición y sustracción con números apropiados para 3° básico..
Contexto: frutas.
Entrega el problema, su solución y la respuesta final.
Responde únicamente con un objeto JSON válido con esta estructura: {""problem"": ""..."", ""solution"": ""..."", ""answer"": ""...""}","En un puesto de frutas, hay 15 manzanas y 10 naranjas. Si se venden 10 manzanas, ¿cuántas manzanas y naranjas quedan en total?","Primero, calculamos cuántas manzanas quedan: 15 manzanas - 10 manzanas = 5 manzanas. Luego, calculamos el total de frutas restantes: 5 manzanas + 10 naranjas = 15 frutas.",15 frutas,"{
  ""problem"": ""En un puesto de frutas, hay 15 manzanas y 10 naranjas. Si se venden 10 manzanas, ¿cuántas manzanas y naranjas quedan en total?"",
  ""solution"": ""Primero, calculamos cuántas manzanas quedan: 15 manzanas - 10 manzanas = 5 manzanas. Luego, calculamos el total de frutas restantes: 5 manzanas + 10 naranjas = 15 frutas."",
  ""answer"": ""15 frutas""
}",
MA03-OA-08-01,3° básico,Números y operaciones,MA03 OA 08,"Demostrar que comprenden las tablas de multiplicar hasta 10 de manera progresiva:
• usando representaciones concretas y pictóricas
• expresando una multiplicación como una adición de sumandos iguales
• usando la distributividad como estrategia para construir las tablas hasta el 10
• aplicando los resultados de las tablas de multiplicación hasta 10x10, sin realizar cálculos
• resolviendo problemas que involucren las tablas aprendidas hasta el 10.",resolver una multiplicación,Usar tablas de multiplicar hasta 10×10.,filas de asientos,HuggingFaceTB/SmolLM3-3B,"Genera un problema matemático verbal para un estudiante de 3° básico.
Debe estar alineado con el siguiente Objetivo de Aprendizaje: Demostrar que comprenden las tablas de multiplicar hasta 10 de manera progresiva:
• usando representaciones concretas y pictóricas
• expresando una multiplicación como una adición de sumandos iguales
• usando la distributividad como estrategia para construir las tablas hasta el 10
• aplicando los resultados de las tablas de multiplicación hasta 10x10, sin realizar cálculos
• resolviendo problemas que involucren las tablas aprendidas hasta el 10.
Habilidad a evaluar: resolver una multiplicación.
Condiciones curriculares: Usar tablas de multiplicar hasta 10×10..
Contexto: filas de asientos.
Entrega el problema, su solución y la respuesta final.
Responde únicamente con un objeto JSON válido con esta estructura: {""problem"": ""..."", ""solution"": ""..."", ""answer"": ""...""}","En una clase de 3° básico, hay 10 filas de asientos. Si cada fila tiene 10 sillas, ¿cuántas sillas hay en total en la clase?","Primero, podemos usar la tabla de multiplicar para encontrar el número total de sillas. 10 filas multiplicadas por 10 sillas por fila es 10 x 10 = 100 sillas en total.",100,"{""problem"": ""En una clase de 3° básico, hay 10 filas de asientos. Si cada fila tiene 10 sillas, ¿cuántas sillas hay en total en la clase?"", ""solution"": ""Primero, podemos usar la tabla de multiplicar para encontrar el número total de sillas. 10 filas multiplicadas por 10 sillas por fila es 10 x 10 = 100 sillas en total."", ""answer"":  ""100""}",
MA03-OA-08-02,3° básico,Números y operaciones,MA03 OA 08,"Demostrar que comprenden las tablas de multiplicar hasta 10 de manera progresiva:
• usando representaciones concretas y pictóricas
• expresando una multiplicación como una adición de sumandos iguales
• usando la distributividad como estrategia para construir las tablas hasta el 10
• aplicando los resultados de las tablas de multiplicación hasta 10x10, sin realizar cálculos
• resolviendo problemas que involucren las tablas aprendidas hasta el 10.",interpretar multiplicación como suma de sumandos iguales,Usar tablas de multiplicar hasta 10×10.,cajas con objetos,HuggingFaceTB/SmolLM3-3B,"Genera un problema matemático verbal para un estudiante de 3° básico.
Debe estar alineado con el siguiente Objetivo de Aprendizaje: Demostrar que comprenden las tablas de multiplicar hasta 10 de manera progresiva:
• usando representaciones concretas y pictóricas
• expresando una multiplicación como una adición de sumandos iguales
• usando la distributividad como estrategia para construir las tablas hasta el 10
• aplicando los resultados de las tablas de multiplicación hasta 10x10, sin realizar cálculos
• resolviendo problemas que involucren las tablas aprendidas hasta el 10.
Habilidad a evaluar: interpretar multiplicación como suma de sumandos iguales.
Condiciones curriculares: Usar tablas de multiplicar hasta 10×10..
Contexto: cajas con objetos.
Entrega el problema, su solución y la respuesta final.
Responde únicamente con un objeto JSON válido con esta estructura: {""problem"": ""..."", ""solution"": ""..."", ""answer"": ""...""}",Había 5 cajas con 3 lápices cada una. ¿Cuántos lápices hay en total en todas las cajas?,"Primero, representamos la situación con cajas y lápices. Cada caja tiene 3 lápices, y hay 5 cajas. Para encontrar el total de lápices, podemos usar la multiplicación, que es una forma de sumar sumandos iguales. Entonces, 5 cajas × 3 lápices = 15 lápices en total. Podemos también pensar en esto como sumar 3 lápices 5 veces: 3 + 3 + 3 + 3 + 3 = 15.",15,"{""problem"": ""Había 5 cajas con 3 lápices cada una. ¿Cuántos lápices hay en total en todas las cajas?"", ""solution"": ""Primero, representamos la situación con cajas y lápices. Cada caja tiene 3 lápices, y hay 5 cajas. Para encontrar el total de lápices, podemos usar la multiplicación, que es una forma de sumar sumandos iguales. Entonces, 5 cajas × 3 lápices = 15 lápices en total. Podemos también pensar en esto como sumar 3 lápices 5 veces: 3 + 3 + 3 + 3 + 3 = 15."", ""answer"": ""15""}",
MA03-OA-08-03,3° básico,Números y operaciones,MA03 OA 08,"Demostrar que comprenden las tablas de multiplicar hasta 10 de manera progresiva:
• usando representaciones concretas y pictóricas
• expresando una multiplicación como una adición de sumandos iguales
• usando la distributividad como estrategia para construir las tablas hasta el 10
• aplicando los resultados de las tablas de multiplicación hasta 10x10, sin realizar cálculos
• resolviendo problemas que involucren las tablas aprendidas hasta el 10.",resolver grupos iguales,Usar tablas de multiplicar hasta 10×10.,equipos deportivos,HuggingFaceTB/SmolLM3-3B,"Genera un problema matemático verbal para un estudiante de 3° básico.
Debe estar alineado con el siguiente Objetivo de Aprendizaje: Demostrar que comprenden las tablas de multiplicar hasta 10 de manera progresiva:
• usando representaciones concretas y pictóricas
• expresando una multiplicación como una adición de sumandos iguales
• usando la distributividad como estrategia para construir las tablas hasta el 10
• aplicando los resultados de las tablas de multiplicación hasta 10x10, sin realizar cálculos
• resolviendo problemas que involucren las tablas aprendidas hasta el 10.
Habilidad a evaluar: resolver grupos iguales.
Condiciones curriculares: Usar tablas de multiplicar hasta 10×10..
Contexto: equipos deportivos.
Entrega el problema, su solución y la respuesta final.
Responde únicamente con un objeto JSON válido con esta estructura: {""problem"": ""..."", ""solution"": ""..."", ""answer"": ""...""}","En un equipo deportivo, cada jugador tiene 5 medallas de oro. Si el equipo tiene 8 jugadores, ¿cuántas medallas de oro tienen en total? Puedes usar las tablas de multiplicar hasta 10×10 para ayudarte a resolver este problema.","Primero, usamos la tabla de multiplicar para encontrar el resultado de 5 multiplicado por 8. 5 multiplicado por 8 es igual a 40. Por lo tanto, el equipo deportivo tiene 40 medallas de oro en total.",40,"{""problem"": ""En un equipo deportivo, cada jugador tiene 5 medallas de oro. Si el equipo tiene 8 jugadores, ¿cuántas medallas de oro tienen en total? Puedes usar las tablas de multiplicar hasta 10×10 para ayudarte a resolver este problema."", ""solution"": ""Primero, usamos la tabla de multiplicar para encontrar el resultado de 5 multiplicado por 8. 5 multiplicado por 8 es igual a 40. Por lo tanto, el equipo deportivo tiene 40 medallas de oro en total."", ""answer"":  ""40""}",
MA03-OA-08-04,3° básico,Números y operaciones,MA03 OA 08,"Demostrar que comprenden las tablas de multiplicar hasta 10 de manera progresiva:
• usando representaciones concretas y pictóricas
• expresando una multiplicación como una adición de sumandos iguales
• usando la distributividad como estrategia para construir las tablas hasta el 10
• aplicando los resultados de las tablas de multiplicación hasta 10x10, sin realizar cálculos
• resolviendo problemas que involucren las tablas aprendidas hasta el 10.",aplicar una tabla de multiplicar,Usar tablas de multiplicar hasta 10×10.,paquetes de lápices,HuggingFaceTB/SmolLM3-3B,"Genera un problema matemático verbal para un estudiante de 3° básico.
Debe estar alineado con el siguiente Objetivo de Aprendizaje: Demostrar que comprenden las tablas de multiplicar hasta 10 de manera progresiva:
• usando representaciones concretas y pictóricas
• expresando una multiplicación como una adición de sumandos iguales
• usando la distributividad como estrategia para construir las tablas hasta el 10
• aplicando los resultados de las tablas de multiplicación hasta 10x10, sin realizar cálculos
• resolviendo problemas que involucren las tablas aprendidas hasta el 10.
Habilidad a evaluar: aplicar una tabla de multiplicar.
Condiciones curriculares: Usar tablas de multiplicar hasta 10×10..
Contexto: paquetes de lápices.
Entrega el problema, su solución y la respuesta final.
Responde únicamente con un objeto JSON válido con esta estructura: {""problem"": ""..."", ""solution"": ""..."", ""answer"": ""...""}",Marcela tiene 5 cajas de lápices. Cada caja contiene 10 lápices. ¿Cuántos lápices tiene en total?,"Primero, multiplicamos el número de cajas por el número de lápices en cada caja: 5 cajas × 10 lápices = 50 lápices. Marcela tiene 50 lápices en total.",50,"{""problem"": ""Marcela tiene 5 cajas de lápices. Cada caja contiene 10 lápices. ¿Cuántos lápices tiene en total?"", ""solution"": ""Primero, multiplicamos el número de cajas por el número de lápices en cada caja: 5 cajas × 10 lápices = 50 lápices. Marcela tiene 50 lápices en total."", ""answer"":  ""50""}",
MA03-OA-08-05,3° básico,Números y operaciones,MA03 OA 08,"Demostrar que comprenden las tablas de multiplicar hasta 10 de manera progresiva:
• usando representaciones concretas y pictóricas
• expresando una multiplicación como una adición de sumandos iguales
• usando la distributividad como estrategia para construir las tablas hasta el 10
• aplicando los resultados de las tablas de multiplicación hasta 10x10, sin realizar cálculos
• resolviendo problemas que involucren las tablas aprendidas hasta el 10.",resolver un problema multiplicativo,Usar tablas de multiplicar hasta 10×10.,bandejas con alimentos,HuggingFaceTB/SmolLM3-3B,"Genera un problema matemático verbal para un estudiante de 3° básico.
Debe estar alineado con el siguiente Objetivo de Aprendizaje: Demostrar que comprenden las tablas de multiplicar hasta 10 de manera progresiva:
• usando representaciones concretas y pictóricas
• expresando una multiplicación como una adición de sumandos iguales
• usando la distributividad como estrategia para construir las tablas hasta el 10
• aplicando los resultados de las tablas de multiplicación hasta 10x10, sin realizar cálculos
• resolviendo problemas que involucren las tablas aprendidas hasta el 10.
Habilidad a evaluar: resolver un problema multiplicativo.
Condiciones curriculares: Usar tablas de multiplicar hasta 10×10..
Contexto: bandejas con alimentos.
Entrega el problema, su solución y la respuesta final.
Responde únicamente con un objeto JSON válido con esta estructura: {""problem"": ""..."", ""solution"": ""..."", ""answer"": ""...""}","Una panadería tiene una bandeja que puede contener 10 tazas de café. Si la panadería prepara 3 bandejas de café, ¿cuántas tazas de café se podrán servir?","Para resolver este problema, primero calculamos cuántas tazas de café se preparan en una bandeja: 10 tazas. Luego, multiplicamos el número de bandejas por el número de tazas en cada bandeja: 3 bandejas × 10 tazas/bandeja = 30 tazas de café. Por lo tanto, la panadería podrá servir 30 tazas de café.",30,"{""problem"": ""Una panadería tiene una bandeja que puede contener 10 tazas de café. Si la panadería prepara 3 bandejas de café, ¿cuántas tazas de café se podrán servir?"", ""solution"": ""Para resolver este problema, primero calculamos cuántas tazas de café se preparan en una bandeja: 10 tazas. Luego, multiplicamos el número de bandejas por el número de tazas en cada bandeja: 3 bandejas × 10 tazas/bandeja = 30 tazas de café. Por lo tanto, la panadería podrá servir 30 tazas de café."", ""answer"": ""30""}",
MA03-OA-09-01,3° básico,Números y operaciones,MA03 OA 09,"Demostrar que comprenden la división en el contexto de las tablas de hasta 10x10:
• representando y explicando la división como repartición y agrupación en partes iguales, con material concreto y pictórico
• creando y resolviendo problemas en contextos que incluyan la repartición y la agrupación
• expresando la división como una sustracción repetida
• describiendo y aplicando la relación inversa entre la división y la multiplicación
• aplicando los resultados de las tablas de multiplicación hasta 10x10, sin realizar cálculos.",dividir por reparto equitativo,Usar divisiones vinculadas a las tablas de multiplicar hasta 10×10 y resultados enteros apropiados.,reparto de dulces,HuggingFaceTB/SmolLM3-3B,"Genera un problema matemático verbal para un estudiante de 3° básico.
Debe estar alineado con el siguiente Objetivo de Aprendizaje: Demostrar que comprenden la división en el contexto de las tablas de hasta 10x10:
• representando y explicando la división como repartición y agrupación en partes iguales, con material concreto y pictórico
• creando y resolviendo problemas en contextos que incluyan la repartición y la agrupación
• expresando la división como una sustracción repetida
• describiendo y aplicando la relación inversa entre la división y la multiplicación
• aplicando los resultados de las tablas de multiplicación hasta 10x10, sin realizar cálculos.
Habilidad a evaluar: dividir por reparto equitativo.
Condiciones curriculares: Usar divisiones vinculadas a las tablas de multiplicar hasta 10×10 y resultados enteros apropiados..
Contexto: reparto de dulces.
Entrega el problema, su solución y la respuesta final.
Responde únicamente con un objeto JSON válido con esta estructura: {""problem"": ""..."", ""solution"": ""..."", ""answer"": ""...""}",Había 80 dulces y 8 niños que quieren repartirlos igualmente. ¿Cuántos dulces le tocarían a cada niño?,"Para resolver este problema, podemos usar la división. Primero, identificamos que hay 80 dulces y 8 niños. La división nos ayudará a encontrar cuántos dulces le tocarían a cada niño si los repartimos de manera equitativa. La pregunta es: 80 dulces divididos entre 8 niños. Utilizando las tablas de multiplicación, sabemos que 10 x 8 = 80. Por lo tanto, 80 dulces divididos entre 8 niños es igual a 10 dulces por niño. Cada niño recibiría 10 dulces.",10,"{""problem"": ""Había 80 dulces y 8 niños que quieren repartirlos igualmente. ¿Cuántos dulces le tocarían a cada niño?"", ""solution"": ""Para resolver este problema, podemos usar la división. Primero, identificamos que hay 80 dulces y 8 niños. La división nos ayudará a encontrar cuántos dulces le tocarían a cada niño si los repartimos de manera equitativa. La pregunta es: 80 dulces divididos entre 8 niños. Utilizando las tablas de multiplicación, sabemos que 10 x 8 = 80. Por lo tanto, 80 dulces divididos entre 8 niños es igual a 10 dulces por niño. Cada niño recibiría 10 dulces."", ""answer"": ""10""}",
MA03-OA-09-02,3° básico,Números y operaciones,MA03 OA 09,"Demostrar que comprenden la división en el contexto de las tablas de hasta 10x10:
• representando y explicando la división como repartición y agrupación en partes iguales, con material concreto y pictórico
• creando y resolviendo problemas en contextos que incluyan la repartición y la agrupación
• expresando la división como una sustracción repetida
• describiendo y aplicando la relación inversa entre la división y la multiplicación
• aplicando los resultados de las tablas de multiplicación hasta 10x10, sin realizar cálculos.",dividir por agrupación,Usar divisiones vinculadas a las tablas de multiplicar hasta 10×10 y resultados enteros apropiados.,equipos de estudiantes,HuggingFaceTB/SmolLM3-3B,"Genera un problema matemático verbal para un estudiante de 3° básico.
Debe estar alineado con el siguiente Objetivo de Aprendizaje: Demostrar que comprenden la división en el contexto de las tablas de hasta 10x10:
• representando y explicando la división como repartición y agrupación en partes iguales, con material concreto y pictórico
• creando y resolviendo problemas en contextos que incluyan la repartición y la agrupación
• expresando la división como una sustracción repetida
• describiendo y aplicando la relación inversa entre la división y la multiplicación
• aplicando los resultados de las tablas de multiplicación hasta 10x10, sin realizar cálculos.
Habilidad a evaluar: dividir por agrupación.
Condiciones curriculares: Usar divisiones vinculadas a las tablas de multiplicar hasta 10×10 y resultados enteros apropiados..
Contexto: equipos de estudiantes.
Entrega el problema, su solución y la respuesta final.
Responde únicamente con un objeto JSON válido con esta estructura: {""problem"": ""..."", ""solution"": ""..."", ""answer"": ""...""}","Tres amigos, Juan, Pedro y Luis, deciden repartir 30 caramelos entre ellos. Quieren que cada uno reciba la misma cantidad. ¿Cuántos caramelos le tocarán a cada uno?","Para resolver este problema, podemos usar la división. Primero, escribamos la división: 30 ÷ 3. La división representa la repartición de los 30 caramelos entre los 3 amigos. Usando las tablas de multiplicar hasta 10×10, sabemos que 3 veces 10 es 30. Por lo tanto, cada amigo recibirá 10 caramelos. La respuesta final es 10.",10,"{""problem"": ""Tres amigos, Juan, Pedro y Luis, deciden repartir 30 caramelos entre ellos. Quieren que cada uno reciba la misma cantidad. ¿Cuántos caramelos le tocarán a cada uno?"", ""solution"": ""Para resolver este problema, podemos usar la división. Primero, escribamos la división: 30 ÷ 3. La división representa la repartición de los 30 caramelos entre los 3 amigos. Usando las tablas de multiplicar hasta 10×10, sabemos que 3 veces 10 es 30. Por lo tanto, cada amigo recibirá 10 caramelos. La respuesta final es 10."", ""answer"":  ""10""}",
MA03-OA-09-03,3° básico,Números y operaciones,MA03 OA 09,"Demostrar que comprenden la división en el contexto de las tablas de hasta 10x10:
• representando y explicando la división como repartición y agrupación en partes iguales, con material concreto y pictórico
• creando y resolviendo problemas en contextos que incluyan la repartición y la agrupación
• expresando la división como una sustracción repetida
• describiendo y aplicando la relación inversa entre la división y la multiplicación
• aplicando los resultados de las tablas de multiplicación hasta 10x10, sin realizar cálculos.",relacionar división y multiplicación,Usar divisiones vinculadas a las tablas de multiplicar hasta 10×10 y resultados enteros apropiados.,cajas con objetos,HuggingFaceTB/SmolLM3-3B,"Genera un problema matemático verbal para un estudiante de 3° básico.
Debe estar alineado con el siguiente Objetivo de Aprendizaje: Demostrar que comprenden la división en el contexto de las tablas de hasta 10x10:
• representando y explicando la división como repartición y agrupación en partes iguales, con material concreto y pictórico
• creando y resolviendo problemas en contextos que incluyan la repartición y la agrupación
• expresando la división como una sustracción repetida
• describiendo y aplicando la relación inversa entre la división y la multiplicación
• aplicando los resultados de las tablas de multiplicación hasta 10x10, sin realizar cálculos.
Habilidad a evaluar: relacionar división y multiplicación.
Condiciones curriculares: Usar divisiones vinculadas a las tablas de multiplicar hasta 10×10 y resultados enteros apropiados..
Contexto: cajas con objetos.
Entrega el problema, su solución y la respuesta final.
Responde únicamente con un objeto JSON válido con esta estructura: {""problem"": ""..."", ""solution"": ""..."", ""answer"": ""...""}",Un niño tiene 20 caramelos y los reparte entre 4 amigos. ¿Cuántos caramelos le toca a cada amigo?,"Para resolver este problema, podemos usar la relación inversa entre la multiplicación y la división. Sabemos que 4 amigos deben recibir el mismo número de caramelos. Si multiplicamos 4 amigos por el número de caramelos que le toca a cada uno, obtenemos 20 caramelos. Entonces, podemos usar la tabla de multiplicar para encontrar el resultado. 4 amigos × x caramelos = 20 caramelos. Usando la tabla de multiplicar hasta 10×10, vemos que 4 × 5 = 20. Por lo tanto, cada amigo recibe 5 caramelos.",5,"{""problem"": ""Un niño tiene 20 caramelos y los reparte entre 4 amigos. ¿Cuántos caramelos le toca a cada amigo?"", ""solution"": ""Para resolver este problema, podemos usar la relación inversa entre la multiplicación y la división. Sabemos que 4 amigos deben recibir el mismo número de caramelos. Si multiplicamos 4 amigos por el número de caramelos que le toca a cada uno, obtenemos 20 caramelos. Entonces, podemos usar la tabla de multiplicar para encontrar el resultado. 4 amigos × x caramelos = 20 caramelos. Usando la tabla de multiplicar hasta 10×10, vemos que 4 × 5 = 20. Por lo tanto, cada amigo recibe 5 caramelos."", ""answer"": ""5""}",
MA03-OA-09-04,3° básico,Números y operaciones,MA03 OA 09,"Demostrar que comprenden la división en el contexto de las tablas de hasta 10x10:
• representando y explicando la división como repartición y agrupación en partes iguales, con material concreto y pictórico
• creando y resolviendo problemas en contextos que incluyan la repartición y la agrupación
• expresando la división como una sustracción repetida
• describiendo y aplicando la relación inversa entre la división y la multiplicación
• aplicando los resultados de las tablas de multiplicación hasta 10x10, sin realizar cálculos.",interpretar división como sustracción repetida,Usar divisiones vinculadas a las tablas de multiplicar hasta 10×10 y resultados enteros apropiados.,filas de sillas,HuggingFaceTB/SmolLM3-3B,"Genera un problema matemático verbal para un estudiante de 3° básico.
Debe estar alineado con el siguiente Objetivo de Aprendizaje: Demostrar que comprenden la división en el contexto de las tablas de hasta 10x10:
• representando y explicando la división como repartición y agrupación en partes iguales, con material concreto y pictórico
• creando y resolviendo problemas en contextos que incluyan la repartición y la agrupación
• expresando la división como una sustracción repetida
• describiendo y aplicando la relación inversa entre la división y la multiplicación
• aplicando los resultados de las tablas de multiplicación hasta 10x10, sin realizar cálculos.
Habilidad a evaluar: interpretar división como sustracción repetida.
Condiciones curriculares: Usar divisiones vinculadas a las tablas de multiplicar hasta 10×10 y resultados enteros apropiados..
Contexto: filas de sillas.
Entrega el problema, su solución y la respuesta final.
Responde únicamente con un objeto JSON válido con esta estructura: {""problem"": ""..."", ""solution"": ""..."", ""answer"": ""...""}","Hay 40 sillas en una fila. Si hay 5 sillas en cada fila, ¿cuántas filas hay en total?","Para resolver este problema, podemos utilizar la relación inversa entre la multiplicación y la división. Sabemos que 40 sillas divididas entre 5 sillas por fila nos dará el número de filas. Utilizando las tablas de multiplicar hasta 10x10, podemos identificar que 5 multiplicado por 8 es igual a 40. Por lo tanto, 40 sillas divididas entre 5 sillas por fila es igual a 8 filas.",8,"{""problem"": ""Hay 40 sillas en una fila. Si hay 5 sillas en cada fila, ¿cuántas filas hay en total?"", ""solution"": ""Para resolver este problema, podemos utilizar la relación inversa entre la multiplicación y la división. Sabemos que 40 sillas divididas entre 5 sillas por fila nos dará el número de filas. Utilizando las tablas de multiplicar hasta 10x10, podemos identificar que 5 multiplicado por 8 es igual a 40. Por lo tanto, 40 sillas divididas entre 5 sillas por fila es igual a 8 filas."", ""answer"": ""8""}",
MA03-OA-09-05,3° básico,Números y operaciones,MA03 OA 09,"Demostrar que comprenden la división en el contexto de las tablas de hasta 10x10:
• representando y explicando la división como repartición y agrupación en partes iguales, con material concreto y pictórico
• creando y resolviendo problemas en contextos que incluyan la repartición y la agrupación
• expresando la división como una sustracción repetida
• describiendo y aplicando la relación inversa entre la división y la multiplicación
• aplicando los resultados de las tablas de multiplicación hasta 10x10, sin realizar cálculos.",resolver un problema de división,Usar divisiones vinculadas a las tablas de multiplicar hasta 10×10 y resultados enteros apropiados.,paquetes de materiales,HuggingFaceTB/SmolLM3-3B,"Genera un problema matemático verbal para un estudiante de 3° básico.
Debe estar alineado con el siguiente Objetivo de Aprendizaje: Demostrar que comprenden la división en el contexto de las tablas de hasta 10x10:
• representando y explicando la división como repartición y agrupación en partes iguales, con material concreto y pictórico
• creando y resolviendo problemas en contextos que incluyan la repartición y la agrupación
• expresando la división como una sustracción repetida
• describiendo y aplicando la relación inversa entre la división y la multiplicación
• aplicando los resultados de las tablas de multiplicación hasta 10x10, sin realizar cálculos.
Habilidad a evaluar: resolver un problema de división.
Condiciones curriculares: Usar divisiones vinculadas a las tablas de multiplicar hasta 10×10 y resultados enteros apropiados..
Contexto: paquetes de materiales.
Entrega el problema, su solución y la respuesta final.
Responde únicamente con un objeto JSON válido con esta estructura: {""problem"": ""..."", ""solution"": ""..."", ""answer"": ""...""}",María tiene 40 lápices y quiere repartirlos entre 5 amigos de manera igual. ¿Cuántos lápices tendrá cada amigo?,"Para resolver este problema, podemos usar las tablas de multiplicar hasta 10x10. Sabemos que 10 x 4 = 40, lo que significa que 40 lápices pueden ser repartidos en 10 grupos de 4 lápices cada uno. Sin embargo, queremos dividirlos entre 5 amigos. Por lo tanto, dividimos 10 grupos de 4 lápices entre 5 amigos. Cada amigo recibirá 10 / 5 = 2 grupos de lápices. Cada grupo tiene 4 lápices, por lo que cada amigo recibirá 2 x 4 = 8 lápices. Así, cada amigo recibirá 8 lápices.",Cada amigo recibirá 8 lápices.,"{""problem"": ""María tiene 40 lápices y quiere repartirlos entre 5 amigos de manera igual. ¿Cuántos lápices tendrá cada amigo?"", ""solution"": ""Para resolver este problema, podemos usar las tablas de multiplicar hasta 10x10. Sabemos que 10 x 4 = 40, lo que significa que 40 lápices pueden ser repartidos en 10 grupos de 4 lápices cada uno. Sin embargo, queremos dividirlos entre 5 amigos. Por lo tanto, dividimos 10 grupos de 4 lápices entre 5 amigos. Cada amigo recibirá 10 / 5 = 2 grupos de lápices. Cada grupo tiene 4 lápices, por lo que cada amigo recibirá 2 x 4 = 8 lápices. Así, cada amigo recibirá 8 lápices."", ""answer"": ""Cada amigo recibirá 8 lápices.""}",
MA03-OA-10-01,3° básico,Números y operaciones,MA03 OA 10,"Resolver problemas rutinarios en contextos cotidianos, que incluyan dinero e involucren las cuatro operaciones (no combinadas).",resolver un problema de adición con dinero,Usar solo una operación por problema; incluir dinero en un contexto cotidiano.,kiosco escolar,HuggingFaceTB/SmolLM3-3B,"Genera un problema matemático verbal para un estudiante de 3° básico.
Debe estar alineado con el siguiente Objetivo de Aprendizaje: Resolver problemas rutinarios en contextos cotidianos, que incluyan dinero e involucren las cuatro operaciones (no combinadas).
Habilidad a evaluar: resolver un problema de adición con dinero.
Condiciones curriculares: Usar solo una operación por problema; incluir dinero en un contexto cotidiano..
Contexto: kiosco escolar.
Entrega el problema, su solución y la respuesta final.
Responde únicamente con un objeto JSON válido con esta estructura: {""problem"": ""..."", ""solution"": ""..."", ""answer"": ""...""}","En el kiosco escolar, Ana y Luis compraron snacks para la clase. Ana gastó 12 pesos en refrescos, y Luis gastó 8 pesos en galletas. ¿Cuántos pesos gastaron en total?","Primero, sumamos los pesos que gastó Ana: 12 pesos. Luego, sumamos los pesos que gastó Luis: 8 pesos. La suma total es 12 + 8 = 20 pesos. Por lo tanto, Ana y Luis gastaron 20 pesos en total en snacks.",20,"{""problem"": ""En el kiosco escolar, Ana y Luis compraron snacks para la clase. Ana gastó 12 pesos en refrescos, y Luis gastó 8 pesos en galletas. ¿Cuántos pesos gastaron en total?"", ""solution"": ""Primero, sumamos los pesos que gastó Ana: 12 pesos. Luego, sumamos los pesos que gastó Luis: 8 pesos. La suma total es 12 + 8 = 20 pesos. Por lo tanto, Ana y Luis gastaron 20 pesos en total en snacks."", ""answer"": ""20""}",
MA03-OA-10-02,3° básico,Números y operaciones,MA03 OA 10,"Resolver problemas rutinarios en contextos cotidianos, que incluyan dinero e involucren las cuatro operaciones (no combinadas).",resolver un problema de sustracción con dinero,Usar solo una operación por problema; incluir dinero en un contexto cotidiano.,feria,HuggingFaceTB/SmolLM3-3B,"Genera un problema matemático verbal para un estudiante de 3° básico.
Debe estar alineado con el siguiente Objetivo de Aprendizaje: Resolver problemas rutinarios en contextos cotidianos, que incluyan dinero e involucren las cuatro operaciones (no combinadas).
Habilidad a evaluar: resolver un problema de sustracción con dinero.
Condiciones curriculares: Usar solo una operación por problema; incluir dinero en un contexto cotidiano..
Contexto: feria.
Entrega el problema, su solución y la respuesta final.
Responde únicamente con un objeto JSON válido con esta estructura: {""problem"": ""..."", ""solution"": ""..."", ""answer"": ""...""}","En la feria, una amiga me pidió prestado 50 pesos para comprar un juguete. Después de pagarle, me quedaron 20 pesos. ¿Cuántos pesos tenía antes de que le prestara los 50 pesos a mi amiga?","Para resolver este problema, debemos sumar los 20 pesos que quedaron a los 50 pesos que le presté. 20 pesos + 50 pesos = 70 pesos. Entonces, antes de que le prestara los 50 pesos, tenía 70 pesos.",70 pesos,"{""problem"": ""En la feria, una amiga me pidió prestado 50 pesos para comprar un juguete. Después de pagarle, me quedaron 20 pesos. ¿Cuántos pesos tenía antes de que le prestara los 50 pesos a mi amiga?"", ""solution"": ""Para resolver este problema, debemos sumar los 20 pesos que quedaron a los 50 pesos que le presté. 20 pesos + 50 pesos = 70 pesos. Entonces, antes de que le prestara los 50 pesos, tenía 70 pesos."", ""answer"": ""70 pesos""}",
MA03-OA-10-03,3° básico,Números y operaciones,MA03 OA 10,"Resolver problemas rutinarios en contextos cotidianos, que incluyan dinero e involucren las cuatro operaciones (no combinadas).",resolver un problema de multiplicación con dinero,Usar solo una operación por problema; incluir dinero en un contexto cotidiano.,ahorro,HuggingFaceTB/SmolLM3-3B,"Genera un problema matemático verbal para un estudiante de 3° básico.
Debe estar alineado con el siguiente Objetivo de Aprendizaje: Resolver problemas rutinarios en contextos cotidianos, que incluyan dinero e involucren las cuatro operaciones (no combinadas).
Habilidad a evaluar: resolver un problema de multiplicación con dinero.
Condiciones curriculares: Usar solo una operación por problema; incluir dinero en un contexto cotidiano..
Contexto: ahorro.
Entrega el problema, su solución y la respuesta final.
Responde únicamente con un objeto JSON válido con esta estructura: {""problem"": ""..."", ""solution"": ""..."", ""answer"": ""...""}",María tiene 25 dólares. Su madre le da 10 dólares más. ¿Cuánto dinero tiene ahora María?,"Primero, sumamos los 25 dólares que María ya tenía con los 10 dólares adicionales que le dio su madre. 25 + 10 = 35. María ahora tiene 35 dólares.",35,"{""problem"": ""María tiene 25 dólares. Su madre le da 10 dólares más. ¿Cuánto dinero tiene ahora María?"", ""solution"": ""Primero, sumamos los 25 dólares que María ya tenía con los 10 dólares adicionales que le dio su madre. 25 + 10 = 35. María ahora tiene 35 dólares."", ""answer"": ""35""}",
MA03-OA-10-04,3° básico,Números y operaciones,MA03 OA 10,"Resolver problemas rutinarios en contextos cotidianos, que incluyan dinero e involucren las cuatro operaciones (no combinadas).",resolver un problema de división con dinero,Usar solo una operación por problema; incluir dinero en un contexto cotidiano.,compra de útiles,HuggingFaceTB/SmolLM3-3B,"Genera un problema matemático verbal para un estudiante de 3° básico.
Debe estar alineado con el siguiente Objetivo de Aprendizaje: Resolver problemas rutinarios en contextos cotidianos, que incluyan dinero e involucren las cuatro operaciones (no combinadas).
Habilidad a evaluar: resolver un problema de división con dinero.
Condiciones curriculares: Usar solo una operación por problema; incluir dinero en un contexto cotidiano..
Contexto: compra de útiles.
Entrega el problema, su solución y la respuesta final.
Responde únicamente con un objeto JSON válido con esta estructura: {""problem"": ""..."", ""solution"": ""..."", ""answer"": ""...""}","María quiere comprar útiles escolares. Ella tiene 20 dólares. Un cuaderno cuesta 3 dólares, un lápiz 1 dólar y una regla 2 dólares. ¿Cuántos útiles puede comprar si gasta todo su dinero?","Primero, calculamos el costo total de los útiles: 3 dólares (cuaderno) + 1 dólar (lápiz) + 2 dólares (regla) = 6 dólares. Luego, dividimos el dinero que María tiene entre el costo total de los útiles: 20 dólares ÷ 6 dólares = 3.333... útiles. Pero, María no puede comprar una fracción de un útil, por lo que puede comprar 3 útiles.",3,"{""problem"": ""María quiere comprar útiles escolares. Ella tiene 20 dólares. Un cuaderno cuesta 3 dólares, un lápiz 1 dólar y una regla 2 dólares. ¿Cuántos útiles puede comprar si gasta todo su dinero?"", ""solution"": ""Primero, calculamos el costo total de los útiles: 3 dólares (cuaderno) + 1 dólar (lápiz) + 2 dólares (regla) = 6 dólares. Luego, dividimos el dinero que María tiene entre el costo total de los útiles: 20 dólares ÷ 6 dólares = 3.333... útiles. Pero, María no puede comprar una fracción de un útil, por lo que puede comprar 3 útiles."", ""answer"": ""3""}",
MA03-OA-10-05,3° básico,Números y operaciones,MA03 OA 10,"Resolver problemas rutinarios en contextos cotidianos, que incluyan dinero e involucren las cuatro operaciones (no combinadas).",seleccionar una de las cuatro operaciones en un contexto de dinero,Usar solo una operación por problema; incluir dinero en un contexto cotidiano.,entradas,HuggingFaceTB/SmolLM3-3B,"Genera un problema matemático verbal para un estudiante de 3° básico.
Debe estar alineado con el siguiente Objetivo de Aprendizaje: Resolver problemas rutinarios en contextos cotidianos, que incluyan dinero e involucren las cuatro operaciones (no combinadas).
Habilidad a evaluar: seleccionar una de las cuatro operaciones en un contexto de dinero.
Condiciones curriculares: Usar solo una operación por problema; incluir dinero en un contexto cotidiano..
Contexto: entradas.
Entrega el problema, su solución y la respuesta final.
Responde únicamente con un objeto JSON válido con esta estructura: {""problem"": ""..."", ""solution"": ""..."", ""answer"": ""...""}","Un grupo de amigos decidió ir al cine. El boleto individual cuesta $10. Si van 8 amigos, ¿cuánto dinero necesitan en total para todos comprar sus entradas? (Usa solo la operación de multiplicación.)","Multiplicamos el costo de cada entrada por el número de amigos: 8 amigos × $10 por entrada = $80. Por lo tanto, necesitan $80 en total para comprar las entradas.",80,"{""problem"": ""Un grupo de amigos decidió ir al cine. El boleto individual cuesta $10. Si van 8 amigos, ¿cuánto dinero necesitan en total para todos comprar sus entradas? (Usa solo la operación de multiplicación.)"", ""solution"": ""Multiplicamos el costo de cada entrada por el número de amigos: 8 amigos × $10 por entrada = $80. Por lo tanto, necesitan $80 en total para comprar las entradas."", ""answer"":  ""80""}",
MA03-OA-11-01,3° básico,Números y operaciones,MA03 OA 11,"Demostrar que comprenden las fracciones de uso común: 1/4 , 1/3 , 1/2 , 2/3 , 3/4:
• explicando que una fracción representa la parte de un todo , de manera concreta, pictórica, simbólica, de forma manual y/o con software educativo
• describiendo situaciones, en las cuales se puede usar fracciones
• comparando fracciones de un mismo todo, de igual denominador.",interpretar 1/2 de un todo,"Limitarse a las fracciones 1/4, 1/3, 1/2, 2/3 y 3/4; evitar depender de imágenes.",pizza,HuggingFaceTB/SmolLM3-3B,"Genera un problema matemático verbal para un estudiante de 3° básico.
Debe estar alineado con el siguiente Objetivo de Aprendizaje: Demostrar que comprenden las fracciones de uso común: 1/4 , 1/3 , 1/2 , 2/3 , 3/4:
• explicando que una fracción representa la parte de un todo , de manera concreta, pictórica, simbólica, de forma manual y/o con software educativo
• describiendo situaciones, en las cuales se puede usar fracciones
• comparando fracciones de un mismo todo, de igual denominador.
Habilidad a evaluar: interpretar 1/2 de un todo.
Condiciones curriculares: Limitarse a las fracciones 1/4, 1/3, 1/2, 2/3 y 3/4; evitar depender de imágenes..
Contexto: pizza.
Entrega el problema, su solución y la respuesta final.
Responde únicamente con un objeto JSON válido con esta estructura: {""problem"": ""..."", ""solution"": ""..."", ""answer"": ""...""}",Un grupo de amigos decidió dividir una pizza para compartir. La pizza está dividida en 4 partes iguales. Cada amigo quiere comer 1/4 de la pizza. ¿Cuántas partes de la pizza comerá cada amigo? Explica tu respuesta usando fracciones.,Cada amigo comerá 1/4 de la pizza. Esto se debe a que la pizza está dividida en 4 partes iguales y cada amigo quiere comer una de esas partes.,1/4,"{""problem"": ""Un grupo de amigos decidió dividir una pizza para compartir. La pizza está dividida en 4 partes iguales. Cada amigo quiere comer 1/4 de la pizza. ¿Cuántas partes de la pizza comerá cada amigo? Explica tu respuesta usando fracciones."", ""solution"": ""Cada amigo comerá 1/4 de la pizza. Esto se debe a que la pizza está dividida en 4 partes iguales y cada amigo quiere comer una de esas partes."", ""answer"": ""1/4""}",
MA03-OA-11-02,3° básico,Números y operaciones,MA03 OA 11,"Demostrar que comprenden las fracciones de uso común: 1/4 , 1/3 , 1/2 , 2/3 , 3/4:
• explicando que una fracción representa la parte de un todo , de manera concreta, pictórica, simbólica, de forma manual y/o con software educativo
• describiendo situaciones, en las cuales se puede usar fracciones
• comparando fracciones de un mismo todo, de igual denominador.",interpretar 1/3 o 2/3,"Limitarse a las fracciones 1/4, 1/3, 1/2, 2/3 y 3/4; evitar depender de imágenes.",chocolate,HuggingFaceTB/SmolLM3-3B,"Genera un problema matemático verbal para un estudiante de 3° básico.
Debe estar alineado con el siguiente Objetivo de Aprendizaje: Demostrar que comprenden las fracciones de uso común: 1/4 , 1/3 , 1/2 , 2/3 , 3/4:
• explicando que una fracción representa la parte de un todo , de manera concreta, pictórica, simbólica, de forma manual y/o con software educativo
• describiendo situaciones, en las cuales se puede usar fracciones
• comparando fracciones de un mismo todo, de igual denominador.
Habilidad a evaluar: interpretar 1/3 o 2/3.
Condiciones curriculares: Limitarse a las fracciones 1/4, 1/3, 1/2, 2/3 y 3/4; evitar depender de imágenes..
Contexto: chocolate.
Entrega el problema, su solución y la respuesta final.
Responde únicamente con un objeto JSON válido con esta estructura: {""problem"": ""..."", ""solution"": ""..."", ""answer"": ""...""}",En una caja de chocolate hay 12 barras. María quiere comer 1/3 de las barras de chocolate. ¿Cuántas barras de chocolate comerá María?,"Para encontrar cuántas barras de chocolate comerá María, primero debemos calcular 1/3 de 12. Esto se puede hacer multiplicando 12 por 1/3. 12 * 1/3 = 4. María comerá 4 barras de chocolate.",María comerá 4 barras de chocolate.,"{""problem"": ""En una caja de chocolate hay 12 barras. María quiere comer 1/3 de las barras de chocolate. ¿Cuántas barras de chocolate comerá María?"", ""solution"": ""Para encontrar cuántas barras de chocolate comerá María, primero debemos calcular 1/3 de 12. Esto se puede hacer multiplicando 12 por 1/3. 12 * 1/3 = 4. María comerá 4 barras de chocolate."", ""answer"": ""María comerá 4 barras de chocolate.""}",
MA03-OA-11-03,3° básico,Números y operaciones,MA03 OA 11,"Demostrar que comprenden las fracciones de uso común: 1/4 , 1/3 , 1/2 , 2/3 , 3/4:
• explicando que una fracción representa la parte de un todo , de manera concreta, pictórica, simbólica, de forma manual y/o con software educativo
• describiendo situaciones, en las cuales se puede usar fracciones
• comparando fracciones de un mismo todo, de igual denominador.",interpretar 1/4 o 3/4,"Limitarse a las fracciones 1/4, 1/3, 1/2, 2/3 y 3/4; evitar depender de imágenes.",frutas compartidas,HuggingFaceTB/SmolLM3-3B,"Genera un problema matemático verbal para un estudiante de 3° básico.
Debe estar alineado con el siguiente Objetivo de Aprendizaje: Demostrar que comprenden las fracciones de uso común: 1/4 , 1/3 , 1/2 , 2/3 , 3/4:
• explicando que una fracción representa la parte de un todo , de manera concreta, pictórica, simbólica, de forma manual y/o con software educativo
• describiendo situaciones, en las cuales se puede usar fracciones
• comparando fracciones de un mismo todo, de igual denominador.
Habilidad a evaluar: interpretar 1/4 o 3/4.
Condiciones curriculares: Limitarse a las fracciones 1/4, 1/3, 1/2, 2/3 y 3/4; evitar depender de imágenes..
Contexto: frutas compartidas.
Entrega el problema, su solución y la respuesta final.
Responde únicamente con un objeto JSON válido con esta estructura: {""problem"": ""..."", ""solution"": ""..."", ""answer"": ""...""}","Tres amigos tienen un plato de frutas. Comparten las frutas de la siguiente manera:
- Juan toma 1/4 de las frutas.
- Pedro toma 3/4 de las frutas.
- María toma 1/3 de las frutas.
¿Cuántas frutas quedan en el plato si el plato contiene 12 frutas en total?","Primero, calculamos cuántas frutas toma cada amigo:
- Juan toma 1/4 de 12 frutas: (1/4) * 12 = 3 frutas.
- Pedro toma 3/4 de 12 frutas: (3/4) * 12 = 9 frutas.
- María toma 1/3 de 12 frutas: (1/3) * 12 = 4 frutas.
Total de frutas tomadas: 3 + 9 + 4 = 16 frutas.
Sin embargo, el plato solo contiene 12 frutas, por lo que no podemos tomar más de 12 frutas. Por lo tanto, las frutas restantes son 12 - 12 = 0 frutas. Pero esto no es correcto porque la suma de lo que toman Juan y Pedro ya es 12 frutas. Entonces, María no puede tomar ninguna fruta adicional porque el plato ya está vacío. Por lo tanto, las frutas restantes son 12 - (3 + 9) = 0 frutas.
Finalmente, las frutas restantes son 12 - 12 = 0 frutas.",0,"{""problem"": ""Tres amigos tienen un plato de frutas. Comparten las frutas de la siguiente manera:\n- Juan toma 1/4 de las frutas.\n- Pedro toma 3/4 de las frutas.\n- María toma 1/3 de las frutas.\n¿Cuántas frutas quedan en el plato si el plato contiene 12 frutas en total?"", ""solution"": ""Primero, calculamos cuántas frutas toma cada amigo:\n- Juan toma 1/4 de 12 frutas: (1/4) * 12 = 3 frutas.\n- Pedro toma 3/4 de 12 frutas: (3/4) * 12 = 9 frutas.\n- María toma 1/3 de 12 frutas: (1/3) * 12 = 4 frutas.\nTotal de frutas tomadas: 3 + 9 + 4 = 16 frutas.\nSin embargo, el plato solo contiene 12 frutas, por lo que no podemos tomar más de 12 frutas. Por lo tanto, las frutas restantes son 12 - 12 = 0 frutas. Pero esto no es correcto porque la suma de lo que toman Juan y Pedro ya es 12 frutas. Entonces, María no puede tomar ninguna fruta adicional porque el plato ya está vacío. Por lo tanto, las frutas restantes son 12 - (3 + 9) = 0 frutas.\nFinalmente, las frutas restantes son 12 - 12 = 0 frutas."", ""answer"": ""0""}",
MA03-OA-11-04,3° básico,Números y operaciones,MA03 OA 11,"Demostrar que comprenden las fracciones de uso común: 1/4 , 1/3 , 1/2 , 2/3 , 3/4:
• explicando que una fracción representa la parte de un todo , de manera concreta, pictórica, simbólica, de forma manual y/o con software educativo
• describiendo situaciones, en las cuales se puede usar fracciones
• comparando fracciones de un mismo todo, de igual denominador.",comparar fracciones con igual denominador,"Limitarse a las fracciones 1/4, 1/3, 1/2, 2/3 y 3/4; evitar depender de imágenes.",recetas,HuggingFaceTB/SmolLM3-3B,"Genera un problema matemático verbal para un estudiante de 3° básico.
Debe estar alineado con el siguiente Objetivo de Aprendizaje: Demostrar que comprenden las fracciones de uso común: 1/4 , 1/3 , 1/2 , 2/3 , 3/4:
• explicando que una fracción representa la parte de un todo , de manera concreta, pictórica, simbólica, de forma manual y/o con software educativo
• describiendo situaciones, en las cuales se puede usar fracciones
• comparando fracciones de un mismo todo, de igual denominador.
Habilidad a evaluar: comparar fracciones con igual denominador.
Condiciones curriculares: Limitarse a las fracciones 1/4, 1/3, 1/2, 2/3 y 3/4; evitar depender de imágenes..
Contexto: recetas.
Entrega el problema, su solución y la respuesta final.
Responde únicamente con un objeto JSON válido con esta estructura: {""problem"": ""..."", ""solution"": ""..."", ""answer"": ""...""}","Ana está preparando una receta que requiere 1/4 de taza de azúcar, 1/3 de taza de harina, 1/2 de taza de mantequilla y 3/4 de taza de leche. Si ella tiene 2 tazas de cada ingrediente, ¿cuántas veces puede completar la receta sin quedarse sin ninguno de los ingredientes?","Para completar la receta, Ana necesita 1/4 + 1/3 + 1/2 + 3/4 de tazas de ingredientes en total. Primero, encontramos un denominador común para las fracciones, que es 12. Convertimos cada fracción: 1/4 = 3/12, 1/3 = 4/12, 1/2 = 6/12 y 3/4 = 9/12. Sumando estas fracciones, obtenemos 3/12 + 4/12 + 6/12 + 9/12 = 22/12 tazas. Ana tiene 2 tazas de cada ingrediente, lo que equivale a 24/12 tazas. Dividiendo el total de ingredientes que tiene entre el total que necesita, obtenemos 24/12 ÷ 22/12 = 24/22 = 12/11. Por lo tanto, Ana puede completar la receta 12/11 veces, lo que significa aproximadamente 1 vez completa y 1/11 de la receta más. Pero si se requiere que complete la receta completa sin quedarse sin ninguno de los ingredientes, la respuesta es 1 vez.",1,"{""problem"": ""Ana está preparando una receta que requiere 1/4 de taza de azúcar, 1/3 de taza de harina, 1/2 de taza de mantequilla y 3/4 de taza de leche. Si ella tiene 2 tazas de cada ingrediente, ¿cuántas veces puede completar la receta sin quedarse sin ninguno de los ingredientes?"", ""solution"": ""Para completar la receta, Ana necesita 1/4 + 1/3 + 1/2 + 3/4 de tazas de ingredientes en total. Primero, encontramos un denominador común para las fracciones, que es 12. Convertimos cada fracción: 1/4 = 3/12, 1/3 = 4/12, 1/2 = 6/12 y 3/4 = 9/12. Sumando estas fracciones, obtenemos 3/12 + 4/12 + 6/12 + 9/12 = 22/12 tazas. Ana tiene 2 tazas de cada ingrediente, lo que equivale a 24/12 tazas. Dividiendo el total de ingredientes que tiene entre el total que necesita, obtenemos 24/12 ÷ 22/12 = 24/22 = 12/11. Por lo tanto, Ana puede completar la receta 12/11 veces, lo que significa aproximadamente 1 vez completa y 1/11 de la receta más. Pero si se requiere que complete la receta completa sin quedarse sin ninguno de los ingredientes, la respuesta es 1 vez."", ""answer"": ""1""}",
MA03-OA-11-05,3° básico,Números y operaciones,MA03 OA 11,"Demostrar que comprenden las fracciones de uso común: 1/4 , 1/3 , 1/2 , 2/3 , 3/4:
• explicando que una fracción representa la parte de un todo , de manera concreta, pictórica, simbólica, de forma manual y/o con software educativo
• describiendo situaciones, en las cuales se puede usar fracciones
• comparando fracciones de un mismo todo, de igual denominador.",identificar una fracción en una situación cotidiana,"Limitarse a las fracciones 1/4, 1/3, 1/2, 2/3 y 3/4; evitar depender de imágenes.",botellas de agua,HuggingFaceTB/SmolLM3-3B,"Genera un problema matemático verbal para un estudiante de 3° básico.
Debe estar alineado con el siguiente Objetivo de Aprendizaje: Demostrar que comprenden las fracciones de uso común: 1/4 , 1/3 , 1/2 , 2/3 , 3/4:
• explicando que una fracción representa la parte de un todo , de manera concreta, pictórica, simbólica, de forma manual y/o con software educativo
• describiendo situaciones, en las cuales se puede usar fracciones
• comparando fracciones de un mismo todo, de igual denominador.
Habilidad a evaluar: identificar una fracción en una situación cotidiana.
Condiciones curriculares: Limitarse a las fracciones 1/4, 1/3, 1/2, 2/3 y 3/4; evitar depender de imágenes..
Contexto: botellas de agua.
Entrega el problema, su solución y la respuesta final.
Responde únicamente con un objeto JSON válido con esta estructura: {""problem"": ""..."", ""solution"": ""..."", ""answer"": ""...""}","En una clase de 3° básico, los estudiantes recibieron una caja con 12 botellas de agua. El profesor les pidió que compartieran el agua de manera equitativa entre 4 estudiantes. ¿Cuántas botellas de agua recibió cada estudiante? Explica tu respuesta usando fracciones.","Para resolver este problema, primero debemos determinar cuántas botellas de agua se dividirán entre los 4 estudiantes. Tenemos 12 botellas de agua y 4 estudiantes. La fracción que representa la parte de agua que recibirá cada estudiante es 12/4. Simplificando esta fracción, obtenemos 3. Por lo tanto, cada estudiante recibirá 3 botellas de agua. Esta respuesta puede representarse como la fracción 3/1, pero en términos de la fracción original, 12/4, es equivalente a 3/1.",Cada estudiante recibirá 3 botellas de agua.,"{""problem"": ""En una clase de 3° básico, los estudiantes recibieron una caja con 12 botellas de agua. El profesor les pidió que compartieran el agua de manera equitativa entre 4 estudiantes. ¿Cuántas botellas de agua recibió cada estudiante? Explica tu respuesta usando fracciones."", ""solution"": ""Para resolver este problema, primero debemos determinar cuántas botellas de agua se dividirán entre los 4 estudiantes. Tenemos 12 botellas de agua y 4 estudiantes. La fracción que representa la parte de agua que recibirá cada estudiante es 12/4. Simplificando esta fracción, obtenemos 3. Por lo tanto, cada estudiante recibirá 3 botellas de agua. Esta respuesta puede representarse como la fracción 3/1, pero en términos de la fracción original, 12/4, es equivalente a 3/1."", ""answer"": ""Cada estudiante recibirá 3 botellas de agua.""}",
MA03-OA-19-01,3° básico,Medición,MA03 OA 19,Leer e interpretar líneas de tiempo y calendarios.,interpretar una línea de tiempo textual,Plantear la información temporal en texto para no depender de gráficos o imágenes.,historia familiar,HuggingFaceTB/SmolLM3-3B,"Genera un problema matemático verbal para un estudiante de 3° básico.
Debe estar alineado con el siguiente Objetivo de Aprendizaje: Leer e interpretar líneas de tiempo y calendarios.
Habilidad a evaluar: interpretar una línea de tiempo textual.
Condiciones curriculares: Plantear la información temporal en texto para no depender de gráficos o imágenes..
Contexto: historia familiar.
Entrega el problema, su solución y la respuesta final.
Responde únicamente con un objeto JSON válido con esta estructura: {""problem"": ""..."", ""solution"": ""..."", ""answer"": ""...""}","Ana quería escribir un cuento sobre su familia. Su abuelo le contó que en 1995, cuando tenía 5 años, su familia visitó la playa por primera vez. El año siguiente, en 1996, su familia compró una bicicleta nueva. En 1998, cuando tenía 7 años, Ana y sus hermanos ayudaron a su papá a plantar un árbol en el jardín. ¿Cuántos años tenía Ana cuando visitó la playa por primera vez?","Para resolver este problema, debemos seguir el orden cronológico de los eventos. Ana visitó la playa en 1995, y en ese año tenía 5 años. Por lo tanto, la respuesta es que Ana tenía 5 años cuando visitó la playa por primera vez.",5,"{""problem"": ""Ana quería escribir un cuento sobre su familia. Su abuelo le contó que en 1995, cuando tenía 5 años, su familia visitó la playa por primera vez. El año siguiente, en 1996, su familia compró una bicicleta nueva. En 1998, cuando tenía 7 años, Ana y sus hermanos ayudaron a su papá a plantar un árbol en el jardín. ¿Cuántos años tenía Ana cuando visitó la playa por primera vez?"", ""solution"": ""Para resolver este problema, debemos seguir el orden cronológico de los eventos. Ana visitó la playa en 1995, y en ese año tenía 5 años. Por lo tanto, la respuesta es que Ana tenía 5 años cuando visitó la playa por primera vez."", ""answer"":  ""5""}",
MA03-OA-19-02,3° básico,Medición,MA03 OA 19,Leer e interpretar líneas de tiempo y calendarios.,ordenar eventos cronológicamente,Plantear la información temporal en texto para no depender de gráficos o imágenes.,calendario escolar,HuggingFaceTB/SmolLM3-3B,"Genera un problema matemático verbal para un estudiante de 3° básico.
Debe estar alineado con el siguiente Objetivo de Aprendizaje: Leer e interpretar líneas de tiempo y calendarios.
Habilidad a evaluar: ordenar eventos cronológicamente.
Condiciones curriculares: Plantear la información temporal en texto para no depender de gráficos o imágenes..
Contexto: calendario escolar.
Entrega el problema, su solución y la respuesta final.
Responde únicamente con un objeto JSON válido con esta estructura: {""problem"": ""..."", ""solution"": ""..."", ""answer"": ""...""}","En la escuela, el director anunció una reunión de padres y maestros. La reunión se celebró el 15 de octubre. Un día antes, el 14 de octubre, la clase de matemáticas tuvo un concurso de cálculo mental. El 13 de octubre, el equipo de fútbol jugó contra el equipo de baloncesto. El 12 de octubre, los estudiantes presentaron sus trabajos finales de la mitad del año. ¿En qué orden ocurrieron estos eventos? Responde con las fechas en el orden correcto.","El orden correcto de los eventos es:
- El 12 de octubre: los estudiantes presentaron sus trabajos finales de la mitad del año.
- El 13 de octubre: el equipo de fútbol jugó contra el equipo de baloncesto.
- El 14 de octubre: la clase de matemáticas tuvo un concurso de cálculo mental.
- El 15 de octubre: el director anunció una reunión de padres y maestros.","El orden correcto de los eventos es: 12 de octubre, 13 de octubre, 14 de octubre, 15 de octubre.","{""problem"": ""En la escuela, el director anunció una reunión de padres y maestros. La reunión se celebró el 15 de octubre. Un día antes, el 14 de octubre, la clase de matemáticas tuvo un concurso de cálculo mental. El 13 de octubre, el equipo de fútbol jugó contra el equipo de baloncesto. El 12 de octubre, los estudiantes presentaron sus trabajos finales de la mitad del año. ¿En qué orden ocurrieron estos eventos? Responde con las fechas en el orden correcto."", ""solution"": ""El orden correcto de los eventos es:\n- El 12 de octubre: los estudiantes presentaron sus trabajos finales de la mitad del año.\n- El 13 de octubre: el equipo de fútbol jugó contra el equipo de baloncesto.\n- El 14 de octubre: la clase de matemáticas tuvo un concurso de cálculo mental.\n- El 15 de octubre: el director anunció una reunión de padres y maestros."", ""answer"": ""El orden correcto de los eventos es: 12 de octubre, 13 de octubre, 14 de octubre, 15 de octubre.""}",
MA03-OA-19-03,3° básico,Medición,MA03 OA 19,Leer e interpretar líneas de tiempo y calendarios.,calcular separación simple entre fechas,Plantear la información temporal en texto para no depender de gráficos o imágenes.,vacaciones,HuggingFaceTB/SmolLM3-3B,"Genera un problema matemático verbal para un estudiante de 3° básico.
Debe estar alineado con el siguiente Objetivo de Aprendizaje: Leer e interpretar líneas de tiempo y calendarios.
Habilidad a evaluar: calcular separación simple entre fechas.
Condiciones curriculares: Plantear la información temporal en texto para no depender de gráficos o imágenes..
Contexto: vacaciones.
Entrega el problema, su solución y la respuesta final.
Responde únicamente con un objeto JSON válido con esta estructura: {""problem"": ""..."", ""solution"": ""..."", ""answer"": ""...""}","Ana y sus amigos van a tener una reunión de videojuegos. La reunión está programada para el 15 de junio, pero Ana llega tarde y la reunión se retrasa hasta el 20 de junio. Si Ana llega a la casa de sus amigos el 18 de junio, ¿cuántos días faltan para que la reunión comience?","Para resolver este problema, primero debemos determinar cuántos días faltan entre el 18 de junio y el 20 de junio. El 18 de junio es el día en que Ana llega a casa de sus amigos, y el 20 de junio es el día en que la reunión se retrasa. Por lo tanto, faltan 2 días para que la reunión comience.",2,"{""problem"": ""Ana y sus amigos van a tener una reunión de videojuegos. La reunión está programada para el 15 de junio, pero Ana llega tarde y la reunión se retrasa hasta el 20 de junio. Si Ana llega a la casa de sus amigos el 18 de junio, ¿cuántos días faltan para que la reunión comience?"", ""solution"": ""Para resolver este problema, primero debemos determinar cuántos días faltan entre el 18 de junio y el 20 de junio. El 18 de junio es el día en que Ana llega a casa de sus amigos, y el 20 de junio es el día en que la reunión se retrasa. Por lo tanto, faltan 2 días para que la reunión comience."", ""answer"": ""2""}",
MA03-OA-19-04,3° básico,Medición,MA03 OA 19,Leer e interpretar líneas de tiempo y calendarios.,identificar un evento anterior o posterior,Plantear la información temporal en texto para no depender de gráficos o imágenes.,proyecto de curso,HuggingFaceTB/SmolLM3-3B,"Genera un problema matemático verbal para un estudiante de 3° básico.
Debe estar alineado con el siguiente Objetivo de Aprendizaje: Leer e interpretar líneas de tiempo y calendarios.
Habilidad a evaluar: identificar un evento anterior o posterior.
Condiciones curriculares: Plantear la información temporal en texto para no depender de gráficos o imágenes..
Contexto: proyecto de curso.
Entrega el problema, su solución y la respuesta final.
Responde únicamente con un objeto JSON válido con esta estructura: {""problem"": ""..."", ""solution"": ""..."", ""answer"": ""...""}","María está planeando una fiesta de cumpleaños. La fiesta está programada para el próximo fin de semana. Ella ha invitado a sus amigos y familiares. Aquí tienes la información de la fiesta:

- Viernes: María preparará la comida en la tarde.
- Sábado: La fiesta comenzará a las 5 de la tarde y terminará a las 10 de la noche.
- Domingo: María y sus invitados asistirán a un evento deportivo en el parque.

¿Cuál de los siguientes eventos es anterior a la fiesta?
- Evento A: María preparará la comida en la tarde del viernes.
- Evento B: María y sus invitados asistirán a un evento deportivo en el parque.

Responde con la letra de la opción correcta.","Para resolver este problema, debes identificar cuál de los dos eventos ocurre antes de la fiesta. La fiesta comienza el sábado a las 5 de la tarde. El evento A ocurre el viernes, antes de la fiesta. Por lo tanto, el evento A es anterior a la fiesta.",A,"{""problem"": ""María está planeando una fiesta de cumpleaños. La fiesta está programada para el próximo fin de semana. Ella ha invitado a sus amigos y familiares. Aquí tienes la información de la fiesta:\n\n- Viernes: María preparará la comida en la tarde.\n- Sábado: La fiesta comenzará a las 5 de la tarde y terminará a las 10 de la noche.\n- Domingo: María y sus invitados asistirán a un evento deportivo en el parque.\n\n¿Cuál de los siguientes eventos es anterior a la fiesta?\n- Evento A: María preparará la comida en la tarde del viernes.\n- Evento B: María y sus invitados asistirán a un evento deportivo en el parque.\n\nResponde con la letra de la opción correcta."", ""solution"": ""Para resolver este problema, debes identificar cuál de los dos eventos ocurre antes de la fiesta. La fiesta comienza el sábado a las 5 de la tarde. El evento A ocurre el viernes, antes de la fiesta. Por lo tanto, el evento A es anterior a la fiesta."", ""answer"": ""A""}",
MA03-OA-19-05,3° básico,Medición,MA03 OA 19,Leer e interpretar líneas de tiempo y calendarios.,interpretar información de un calendario,Plantear la información temporal en texto para no depender de gráficos o imágenes.,eventos deportivos,HuggingFaceTB/SmolLM3-3B,"Genera un problema matemático verbal para un estudiante de 3° básico.
Debe estar alineado con el siguiente Objetivo de Aprendizaje: Leer e interpretar líneas de tiempo y calendarios.
Habilidad a evaluar: interpretar información de un calendario.
Condiciones curriculares: Plantear la información temporal en texto para no depender de gráficos o imágenes..
Contexto: eventos deportivos.
Entrega el problema, su solución y la respuesta final.
Responde únicamente con un objeto JSON válido con esta estructura: {""problem"": ""..."", ""solution"": ""..."", ""answer"": ""...""}","María está planeando una fiesta de cumpleaños para su hermano. La fiesta se va a celebrar en su casa. María quiere que la fiesta comience a las 15:00 horas y dure 3 horas. Además, quiere que el evento se extienda por 2 días más, es decir, el día siguiente y el segundo día después. ¿Cuál es la fecha exacta de la celebración de la fiesta, si hoy es el 12 de octubre?","Primero, determinamos la fecha de la fiesta del día en que comienza. La fiesta comienza a las 15:00 horas del 12 de octubre. Dura 3 horas, por lo que termina a las 18:00 horas del 12 de octubre. Luego, se extiende por 2 días más. Por lo tanto, la fiesta comienza el 13 de octubre a las 15:00 horas y termina el 15 de octubre a las 18:00 horas. La fecha exacta de la celebración de la fiesta es el 13 de octubre.",El 13 de octubre,"{""problem"": ""María está planeando una fiesta de cumpleaños para su hermano. La fiesta se va a celebrar en su casa. María quiere que la fiesta comience a las 15:00 horas y dure 3 horas. Además, quiere que el evento se extienda por 2 días más, es decir, el día siguiente y el segundo día después. ¿Cuál es la fecha exacta de la celebración de la fiesta, si hoy es el 12 de octubre?"", ""solution"": ""Primero, determinamos la fecha de la fiesta del día en que comienza. La fiesta comienza a las 15:00 horas del 12 de octubre. Dura 3 horas, por lo que termina a las 18:00 horas del 12 de octubre. Luego, se extiende por 2 días más. Por lo tanto, la fiesta comienza el 13 de octubre a las 15:00 horas y termina el 15 de octubre a las 18:00 horas. La fecha exacta de la celebración de la fiesta es el 13 de octubre."", ""answer"": ""El 13 de octubre""}",
MA03-OA-21-01,3° básico,Medición,MA03 OA 21,"Demostrar que comprenden el perímetro de una figura regular e irregular:
• midiendo y registrando el perímetro de figuras del entorno en el contexto de la resolución de problemas
• determinando el perímetro de un cuadrado y de un rectángulo.",calcular perímetro de un cuadrado,Entregar explícitamente todas las longitudes necesarias; trabajar perímetro en contextos resolubles sin imagen.,jardín,HuggingFaceTB/SmolLM3-3B,"Genera un problema matemático verbal para un estudiante de 3° básico.
Debe estar alineado con el siguiente Objetivo de Aprendizaje: Demostrar que comprenden el perímetro de una figura regular e irregular:
• midiendo y registrando el perímetro de figuras del entorno en el contexto de la resolución de problemas
• determinando el perímetro de un cuadrado y de un rectángulo.
Habilidad a evaluar: calcular perímetro de un cuadrado.
Condiciones curriculares: Entregar explícitamente todas las longitudes necesarias; trabajar perímetro en contextos resolubles sin imagen..
Contexto: jardín.
Entrega el problema, su solución y la respuesta final.
Responde únicamente con un objeto JSON válido con esta estructura: {""problem"": ""..."", ""solution"": ""..."", ""answer"": ""...""}","En un jardín, hay un cuadrado de tierra. Cada lado del cuadrado mide 5 metros. ¿Cuál es el perímetro del jardín de tierra?","Para calcular el perímetro de un cuadrado, se suman las longitudes de todos sus lados. Dado que todos los lados de un cuadrado son iguales, se multiplica la longitud de uno de los lados por 4. En este caso, cada lado mide 5 metros. Por lo tanto, el perímetro es 4 * 5 = 20 metros.",20 metros,"{""problem"": ""En un jardín, hay un cuadrado de tierra. Cada lado del cuadrado mide 5 metros. ¿Cuál es el perímetro del jardín de tierra?"", ""solution"": ""Para calcular el perímetro de un cuadrado, se suman las longitudes de todos sus lados. Dado que todos los lados de un cuadrado son iguales, se multiplica la longitud de uno de los lados por 4. En este caso, cada lado mide 5 metros. Por lo tanto, el perímetro es 4 * 5 = 20 metros."", ""answer"": ""20 metros""}",
MA03-OA-21-02,3° básico,Medición,MA03 OA 21,"Demostrar que comprenden el perímetro de una figura regular e irregular:
• midiendo y registrando el perímetro de figuras del entorno en el contexto de la resolución de problemas
• determinando el perímetro de un cuadrado y de un rectángulo.",calcular perímetro de un rectángulo,Entregar explícitamente todas las longitudes necesarias; trabajar perímetro en contextos resolubles sin imagen.,marco de una foto,HuggingFaceTB/SmolLM3-3B,"Genera un problema matemático verbal para un estudiante de 3° básico.
Debe estar alineado con el siguiente Objetivo de Aprendizaje: Demostrar que comprenden el perímetro de una figura regular e irregular:
• midiendo y registrando el perímetro de figuras del entorno en el contexto de la resolución de problemas
• determinando el perímetro de un cuadrado y de un rectángulo.
Habilidad a evaluar: calcular perímetro de un rectángulo.
Condiciones curriculares: Entregar explícitamente todas las longitudes necesarias; trabajar perímetro en contextos resolubles sin imagen..
Contexto: marco de una foto.
Entrega el problema, su solución y la respuesta final.
Responde únicamente con un objeto JSON válido con esta estructura: {""problem"": ""..."", ""solution"": ""..."", ""answer"": ""...""}","María tiene una foto rectangular que mide 20 cm de ancho y 30 cm de alto. Quería colgarla en la pared de su cuarto, pero necesita saber cuánto papel de pegar para envolverla. ¿Cuánto papel necesita María para envolver la foto?","Para calcular el perímetro del rectángulo, usamos la fórmula: perímetro = 2(anchura + altura). En este caso, el ancho es 20 cm y la altura es 30 cm. Por lo tanto, el perímetro es 2(20 + 30) = 2(50) = 100 cm. María necesita 100 cm de papel para envolver la foto.",100 cm,"{""problem"": ""María tiene una foto rectangular que mide 20 cm de ancho y 30 cm de alto. Quería colgarla en la pared de su cuarto, pero necesita saber cuánto papel de pegar para envolverla. ¿Cuánto papel necesita María para envolver la foto?"", ""solution"": ""Para calcular el perímetro del rectángulo, usamos la fórmula: perímetro = 2(anchura + altura). En este caso, el ancho es 20 cm y la altura es 30 cm. Por lo tanto, el perímetro es 2(20 + 30) = 2(50) = 100 cm. María necesita 100 cm de papel para envolver la foto."", ""answer"": ""100 cm""}",
MA03-OA-21-03,3° básico,Medición,MA03 OA 21,"Demostrar que comprenden el perímetro de una figura regular e irregular:
• midiendo y registrando el perímetro de figuras del entorno en el contexto de la resolución de problemas
• determinando el perímetro de un cuadrado y de un rectángulo.",calcular perímetro de una figura irregular descrita por sus lados,Entregar explícitamente todas las longitudes necesarias; trabajar perímetro en contextos resolubles sin imagen.,cancha rectangular,HuggingFaceTB/SmolLM3-3B,"Genera un problema matemático verbal para un estudiante de 3° básico.
Debe estar alineado con el siguiente Objetivo de Aprendizaje: Demostrar que comprenden el perímetro de una figura regular e irregular:
• midiendo y registrando el perímetro de figuras del entorno en el contexto de la resolución de problemas
• determinando el perímetro de un cuadrado y de un rectángulo.
Habilidad a evaluar: calcular perímetro de una figura irregular descrita por sus lados.
Condiciones curriculares: Entregar explícitamente todas las longitudes necesarias; trabajar perímetro en contextos resolubles sin imagen..
Contexto: cancha rectangular.
Entrega el problema, su solución y la respuesta final.
Responde únicamente con un objeto JSON válido con esta estructura: {""problem"": ""..."", ""solution"": ""..."", ""answer"": ""...""}","Una cancha de fútbol tiene un largo de 30 metros y una ancho de 20 metros. Si se quiere poner una valla alrededor de la cancha para delimitar el espacio, ¿cuántos metros de valla se necesitarán? Responde usando la fórmula del perímetro para rectángulos.","Para calcular el perímetro de una cancha rectangular, se utiliza la fórmula: perímetro = 2 * (largo + ancho). Sustituyendo los valores dados: perímetro = 2 * (30 + 20) = 2 * 50 = 100 metros. Por lo tanto, se necesitarán 100 metros de valla.",100,"{""problem"": ""Una cancha de fútbol tiene un largo de 30 metros y una ancho de 20 metros. Si se quiere poner una valla alrededor de la cancha para delimitar el espacio, ¿cuántos metros de valla se necesitarán? Responde usando la fórmula del perímetro para rectángulos."", ""solution"": ""Para calcular el perímetro de una cancha rectangular, se utiliza la fórmula: perímetro = 2 * (largo + ancho). Sustituyendo los valores dados: perímetro = 2 * (30 + 20) = 2 * 50 = 100 metros. Por lo tanto, se necesitarán 100 metros de valla."", ""answer"": ""100""}",
MA03-OA-21-04,3° básico,Medición,MA03 OA 21,"Demostrar que comprenden el perímetro de una figura regular e irregular:
• midiendo y registrando el perímetro de figuras del entorno en el contexto de la resolución de problemas
• determinando el perímetro de un cuadrado y de un rectángulo.",hallar un lado faltante a partir del perímetro,Entregar explícitamente todas las longitudes necesarias; trabajar perímetro en contextos resolubles sin imagen.,cerco,HuggingFaceTB/SmolLM3-3B,"Genera un problema matemático verbal para un estudiante de 3° básico.
Debe estar alineado con el siguiente Objetivo de Aprendizaje: Demostrar que comprenden el perímetro de una figura regular e irregular:
• midiendo y registrando el perímetro de figuras del entorno en el contexto de la resolución de problemas
• determinando el perímetro de un cuadrado y de un rectángulo.
Habilidad a evaluar: hallar un lado faltante a partir del perímetro.
Condiciones curriculares: Entregar explícitamente todas las longitudes necesarias; trabajar perímetro en contextos resolubles sin imagen..
Contexto: cerco.
Entrega el problema, su solución y la respuesta final.
Responde únicamente con un objeto JSON válido con esta estructura: {""problem"": ""..."", ""solution"": ""..."", ""answer"": ""...""}",María tiene un círculo de cuerdas de diferentes longitudes. Una de las cuerdas tiene una longitud de 5 metros. María quiere hacer un círculo con un perímetro de 20 metros. ¿Cuántos metros de cuerda más necesita María para completar el círculo?,"Primero, calculamos el perímetro que falta: 20 metros - 5 metros = 15 metros. Luego, dividimos el perímetro restante por el número de cuerdas: 15 metros / 5 metros = 3 cuerdas. Por lo tanto, María necesita 3 cuerdas de 5 metros cada una, lo que suma 15 metros. La respuesta es 15 metros.",15 metros,"{""problem"": ""María tiene un círculo de cuerdas de diferentes longitudes. Una de las cuerdas tiene una longitud de 5 metros. María quiere hacer un círculo con un perímetro de 20 metros. ¿Cuántos metros de cuerda más necesita María para completar el círculo?"", ""solution"": ""Primero, calculamos el perímetro que falta: 20 metros - 5 metros = 15 metros. Luego, dividimos el perímetro restante por el número de cuerdas: 15 metros / 5 metros = 3 cuerdas. Por lo tanto, María necesita 3 cuerdas de 5 metros cada una, lo que suma 15 metros. La respuesta es 15 metros."", ""answer"": ""15 metros""}",
MA03-OA-21-05,3° básico,Medición,MA03 OA 21,"Demostrar que comprenden el perímetro de una figura regular e irregular:
• midiendo y registrando el perímetro de figuras del entorno en el contexto de la resolución de problemas
• determinando el perímetro de un cuadrado y de un rectángulo.",comparar perímetros,Entregar explícitamente todas las longitudes necesarias; trabajar perímetro en contextos resolubles sin imagen.,cartulina,HuggingFaceTB/SmolLM3-3B,"Genera un problema matemático verbal para un estudiante de 3° básico.
Debe estar alineado con el siguiente Objetivo de Aprendizaje: Demostrar que comprenden el perímetro de una figura regular e irregular:
• midiendo y registrando el perímetro de figuras del entorno en el contexto de la resolución de problemas
• determinando el perímetro de un cuadrado y de un rectángulo.
Habilidad a evaluar: comparar perímetros.
Condiciones curriculares: Entregar explícitamente todas las longitudes necesarias; trabajar perímetro en contextos resolubles sin imagen..
Contexto: cartulina.
Entrega el problema, su solución y la respuesta final.
Responde únicamente con un objeto JSON válido con esta estructura: {""problem"": ""..."", ""solution"": ""..."", ""answer"": ""...""}","Estudiantes, tienen una cartulina rectangular con una longitud de 15 cm y una anchura de 7 cm. Necesitan doblar la cartulina para hacer un rectángulo pequeño. ¿Cuál es el perímetro del rectángulo pequeño si cortan cada lado a la mitad? Responde con la medida en centímetros.","Primero, calculamos la mitad de la longitud y la anchura. La mitad de la longitud es 15 cm / 2 = 7.5 cm. La mitad de la anchura es 7 cm / 2 = 3.5 cm. Luego, calculamos el perímetro del rectángulo pequeño usando la fórmula del perímetro: perímetro = 2 * (largo + ancho). Por lo tanto, perímetro = 2 * (7.5 cm + 3.5 cm) = 2 * 11 cm = 22 cm.",22 cm,"{""problem"": ""Estudiantes, tienen una cartulina rectangular con una longitud de 15 cm y una anchura de 7 cm. Necesitan doblar la cartulina para hacer un rectángulo pequeño. ¿Cuál es el perímetro del rectángulo pequeño si cortan cada lado a la mitad? Responde con la medida en centímetros."", ""solution"": ""Primero, calculamos la mitad de la longitud y la anchura. La mitad de la longitud es 15 cm / 2 = 7.5 cm. La mitad de la anchura es 7 cm / 2 = 3.5 cm. Luego, calculamos el perímetro del rectángulo pequeño usando la fórmula del perímetro: perímetro = 2 * (largo + ancho). Por lo tanto, perímetro = 2 * (7.5 cm + 3.5 cm) = 2 * 11 cm = 22 cm."", ""answer"": ""22 cm""}",
MA04-OA-01-01,4° básico,Números y operaciones,MA04 OA 01,"Representar y describir números del 0 al 10 000:
• contándolos de 10 en 10, de 100 en 100, de 1 000 en 1 000
• leyéndolos y escribiéndolos
• representándolos en forma concreta, pictórica y simbólica
• comparándolos y ordenándolos en la recta numérica o la tabla posicional
• identificando el valor posicional de los dígitos hasta la decena de mil
• componiendo y descomponiendo números naturales hasta 10 000 en forma aditiva, de acuerdo a su valor posicional.",comparar números,Usar números naturales entre 0 y 10 000.,asistencia a eventos,HuggingFaceTB/SmolLM3-3B,"Genera un problema matemático verbal para un estudiante de 4° básico.
Debe estar alineado con el siguiente Objetivo de Aprendizaje: Representar y describir números del 0 al 10 000:
• contándolos de 10 en 10, de 100 en 100, de 1 000 en 1 000
• leyéndolos y escribiéndolos
• representándolos en forma concreta, pictórica y simbólica
• comparándolos y ordenándolos en la recta numérica o la tabla posicional
• identificando el valor posicional de los dígitos hasta la decena de mil
• componiendo y descomponiendo números naturales hasta 10 000 en forma aditiva, de acuerdo a su valor posicional.
Habilidad a evaluar: comparar números.
Condiciones curriculares: Usar números naturales entre 0 y 10 000..
Contexto: asistencia a eventos.
Entrega el problema, su solución y la respuesta final.
Responde únicamente con un objeto JSON válido con esta estructura: {""problem"": ""..."", ""solution"": ""..."", ""answer"": ""...""}","En una feria escolar, se repartieron 500 boletos para 5 juegos diferentes. Los boletos se distribuyeron de manera uniforme. ¿Cuántos boletos recibió cada juego?","Para encontrar cuántos boletos recibió cada juego, dividimos el número total de boletos entre el número de juegos. 500 boletos divididos entre 5 juegos son 100 boletos por juego. Por lo tanto, cada juego recibió 100 boletos.",Cada juego recibió 100 boletos.,"{""problem"": ""En una feria escolar, se repartieron 500 boletos para 5 juegos diferentes. Los boletos se distribuyeron de manera uniforme. ¿Cuántos boletos recibió cada juego?"", ""solution"": ""Para encontrar cuántos boletos recibió cada juego, dividimos el número total de boletos entre el número de juegos. 500 boletos divididos entre 5 juegos son 100 boletos por juego. Por lo tanto, cada juego recibió 100 boletos."", ""answer"":  ""Cada juego recibió 100 boletos.""}",
MA04-OA-01-02,4° básico,Números y operaciones,MA04 OA 01,"Representar y describir números del 0 al 10 000:
• contándolos de 10 en 10, de 100 en 100, de 1 000 en 1 000
• leyéndolos y escribiéndolos
• representándolos en forma concreta, pictórica y simbólica
• comparándolos y ordenándolos en la recta numérica o la tabla posicional
• identificando el valor posicional de los dígitos hasta la decena de mil
• componiendo y descomponiendo números naturales hasta 10 000 en forma aditiva, de acuerdo a su valor posicional.",ordenar números,Usar números naturales entre 0 y 10 000.,colecciones,HuggingFaceTB/SmolLM3-3B,"Genera un problema matemático verbal para un estudiante de 4° básico.
Debe estar alineado con el siguiente Objetivo de Aprendizaje: Representar y describir números del 0 al 10 000:
• contándolos de 10 en 10, de 100 en 100, de 1 000 en 1 000
• leyéndolos y escribiéndolos
• representándolos en forma concreta, pictórica y simbólica
• comparándolos y ordenándolos en la recta numérica o la tabla posicional
• identificando el valor posicional de los dígitos hasta la decena de mil
• componiendo y descomponiendo números naturales hasta 10 000 en forma aditiva, de acuerdo a su valor posicional.
Habilidad a evaluar: ordenar números.
Condiciones curriculares: Usar números naturales entre 0 y 10 000..
Contexto: colecciones.
Entrega el problema, su solución y la respuesta final.
Responde únicamente con un objeto JSON válido con esta estructura: {""problem"": ""..."", ""solution"": ""..."", ""answer"": ""...""}","Tienes una caja llena de monedas de 10 centavos. Si hay 3 cajas con 10 monedas cada una, ¿cuántos centavos tienes en total? Además, ¿cuántas cajas más necesitarías para tener 50 monedas?","Primero, calculamos el número total de monedas en las 3 cajas: 3 cajas × 10 monedas = 30 monedas. Cada moneda vale 10 centavos, por lo que 30 monedas = 30 × 10 centavos = 300 centavos. Para tener 50 monedas, necesitamos 50 monedas - 30 monedas = 20 monedas más.",300 centavos y 2 cajas más necesarias.,"{""problem"": ""Tienes una caja llena de monedas de 10 centavos. Si hay 3 cajas con 10 monedas cada una, ¿cuántos centavos tienes en total? Además, ¿cuántas cajas más necesitarías para tener 50 monedas?"", ""solution"": ""Primero, calculamos el número total de monedas en las 3 cajas: 3 cajas × 10 monedas = 30 monedas. Cada moneda vale 10 centavos, por lo que 30 monedas = 30 × 10 centavos = 300 centavos. Para tener 50 monedas, necesitamos 50 monedas - 30 monedas = 20 monedas más."", ""answer"": ""300 centavos y 2 cajas más necesarias.""}",
MA04-OA-01-03,4° básico,Números y operaciones,MA04 OA 01,"Representar y describir números del 0 al 10 000:
• contándolos de 10 en 10, de 100 en 100, de 1 000 en 1 000
• leyéndolos y escribiéndolos
• representándolos en forma concreta, pictórica y simbólica
• comparándolos y ordenándolos en la recta numérica o la tabla posicional
• identificando el valor posicional de los dígitos hasta la decena de mil
• componiendo y descomponiendo números naturales hasta 10 000 en forma aditiva, de acuerdo a su valor posicional.",identificar valor posicional,Usar números naturales entre 0 y 10 000.,habitantes de localidades ficticias,HuggingFaceTB/SmolLM3-3B,"Genera un problema matemático verbal para un estudiante de 4° básico.
Debe estar alineado con el siguiente Objetivo de Aprendizaje: Representar y describir números del 0 al 10 000:
• contándolos de 10 en 10, de 100 en 100, de 1 000 en 1 000
• leyéndolos y escribiéndolos
• representándolos en forma concreta, pictórica y simbólica
• comparándolos y ordenándolos en la recta numérica o la tabla posicional
• identificando el valor posicional de los dígitos hasta la decena de mil
• componiendo y descomponiendo números naturales hasta 10 000 en forma aditiva, de acuerdo a su valor posicional.
Habilidad a evaluar: identificar valor posicional.
Condiciones curriculares: Usar números naturales entre 0 y 10 000..
Contexto: habitantes de localidades ficticias.
Entrega el problema, su solución y la respuesta final.
Responde únicamente con un objeto JSON válido con esta estructura: {""problem"": ""..."", ""solution"": ""..."", ""answer"": ""...""}","En una ciudad ficticia llamada Numeropolis, los habitantes se dividen en dos grupos. El Grupo A tiene 5 000 habitantes, y el Grupo B tiene 2 500 habitantes. ¿Cuántos habitantes tiene Numeropolis en total? Explica tu respuesta considerando el valor posicional de los números.","Primero, debemos sumar los habitantes de los dos grupos. El Grupo A tiene 5 000 habitantes, lo que podemos representar como 5 000. El Grupo B tiene 2 500 habitantes, lo que podemos representar como 2 500. Al sumar estos dos números, obtenemos: 5 000 + 2 500 = 7 500. En la recta numérica, 5 000 está en la quinta posición de las decenas de mil, y 2 500 está en la segunda posición de las decenas de mil. Al sumar, 5 000 + 2 500 = 7 500, que está en la séptima posición de las decenas de mil. Por lo tanto, Numeropolis tiene 7 500 habitantes en total.",Numeropolis tiene 7 500 habitantes en total.,"{""problem"": ""En una ciudad ficticia llamada Numeropolis, los habitantes se dividen en dos grupos. El Grupo A tiene 5 000 habitantes, y el Grupo B tiene 2 500 habitantes. ¿Cuántos habitantes tiene Numeropolis en total? Explica tu respuesta considerando el valor posicional de los números."", ""solution"": ""Primero, debemos sumar los habitantes de los dos grupos. El Grupo A tiene 5 000 habitantes, lo que podemos representar como 5 000. El Grupo B tiene 2 500 habitantes, lo que podemos representar como 2 500. Al sumar estos dos números, obtenemos: 5 000 + 2 500 = 7 500. En la recta numérica, 5 000 está en la quinta posición de las decenas de mil, y 2 500 está en la segunda posición de las decenas de mil. Al sumar, 5 000 + 2 500 = 7 500, que está en la séptima posición de las decenas de mil. Por lo tanto, Numeropolis tiene 7 500 habitantes en total."", ""answer"":  ""Numeropolis tiene 7 500 habitantes en total.""}",
MA04-OA-01-04,4° básico,Números y operaciones,MA04 OA 01,"Representar y describir números del 0 al 10 000:
• contándolos de 10 en 10, de 100 en 100, de 1 000 en 1 000
• leyéndolos y escribiéndolos
• representándolos en forma concreta, pictórica y simbólica
• comparándolos y ordenándolos en la recta numérica o la tabla posicional
• identificando el valor posicional de los dígitos hasta la decena de mil
• componiendo y descomponiendo números naturales hasta 10 000 en forma aditiva, de acuerdo a su valor posicional.",componer y descomponer un número,Usar números naturales entre 0 y 10 000.,libros,HuggingFaceTB/SmolLM3-3B,"Genera un problema matemático verbal para un estudiante de 4° básico.
Debe estar alineado con el siguiente Objetivo de Aprendizaje: Representar y describir números del 0 al 10 000:
• contándolos de 10 en 10, de 100 en 100, de 1 000 en 1 000
• leyéndolos y escribiéndolos
• representándolos en forma concreta, pictórica y simbólica
• comparándolos y ordenándolos en la recta numérica o la tabla posicional
• identificando el valor posicional de los dígitos hasta la decena de mil
• componiendo y descomponiendo números naturales hasta 10 000 en forma aditiva, de acuerdo a su valor posicional.
Habilidad a evaluar: componer y descomponer un número.
Condiciones curriculares: Usar números naturales entre 0 y 10 000..
Contexto: libros.
Entrega el problema, su solución y la respuesta final.
Responde únicamente con un objeto JSON válido con esta estructura: {""problem"": ""..."", ""solution"": ""..."", ""answer"": ""...""}","En un libro de cuentos, hay 3 400 páginas. Si se divide el libro en capítulos de 100 páginas cada uno, ¿cuántos capítulos hay en total? Además, ¿cuántas páginas faltan para completar el último capítulo si ya se han leído 750 páginas?","Primero, calculamos cuántos capítulos hay en total. Para hacerlo, dividimos el número total de páginas por el número de páginas por capítulo: 3400 ÷ 100 = 34 capítulos. Luego, para determinar cuántas páginas faltan para completar el último capítulo, restamos el número de páginas leídas del total de páginas: 3400 - 750 = 2650. Finalmente, restamos las páginas leídas del total de páginas del último capítulo: 100 - (750 mod 100) = 50 páginas faltantes.",34 capítulos y 50 páginas faltantes,"{""problem"": ""En un libro de cuentos, hay 3 400 páginas. Si se divide el libro en capítulos de 100 páginas cada uno, ¿cuántos capítulos hay en total? Además, ¿cuántas páginas faltan para completar el último capítulo si ya se han leído 750 páginas?"", ""solution"": ""Primero, calculamos cuántos capítulos hay en total. Para hacerlo, dividimos el número total de páginas por el número de páginas por capítulo: 3400 ÷ 100 = 34 capítulos. Luego, para determinar cuántas páginas faltan para completar el último capítulo, restamos el número de páginas leídas del total de páginas: 3400 - 750 = 2650. Finalmente, restamos las páginas leídas del total de páginas del último capítulo: 100 - (750 mod 100) = 50 páginas faltantes."", ""answer"": ""34 capítulos y 50 páginas faltantes""}",
MA04-OA-01-05,4° básico,Números y operaciones,MA04 OA 01,"Representar y describir números del 0 al 10 000:
• contándolos de 10 en 10, de 100 en 100, de 1 000 en 1 000
• leyéndolos y escribiéndolos
• representándolos en forma concreta, pictórica y simbólica
• comparándolos y ordenándolos en la recta numérica o la tabla posicional
• identificando el valor posicional de los dígitos hasta la decena de mil
• componiendo y descomponiendo números naturales hasta 10 000 en forma aditiva, de acuerdo a su valor posicional.",interpretar números grandes en un contexto real,Usar números naturales entre 0 y 10 000.,puntajes,HuggingFaceTB/SmolLM3-3B,"Genera un problema matemático verbal para un estudiante de 4° básico.
Debe estar alineado con el siguiente Objetivo de Aprendizaje: Representar y describir números del 0 al 10 000:
• contándolos de 10 en 10, de 100 en 100, de 1 000 en 1 000
• leyéndolos y escribiéndolos
• representándolos en forma concreta, pictórica y simbólica
• comparándolos y ordenándolos en la recta numérica o la tabla posicional
• identificando el valor posicional de los dígitos hasta la decena de mil
• componiendo y descomponiendo números naturales hasta 10 000 en forma aditiva, de acuerdo a su valor posicional.
Habilidad a evaluar: interpretar números grandes en un contexto real.
Condiciones curriculares: Usar números naturales entre 0 y 10 000..
Contexto: puntajes.
Entrega el problema, su solución y la respuesta final.
Responde únicamente con un objeto JSON válido con esta estructura: {""problem"": ""..."", ""solution"": ""..."", ""answer"": ""...""}","Un estudiante de cuarto grado participó en un concurso de matemáticas. En el concurso, se le pidieron que adivinara el puntaje total que obtuvo en una prueba de matemáticas. El puntaje total se da en puntos y está entre 0 y 10 000. El puntaje se puede representar en una tabla posicional o en la recta numérica. Ayúdalo a adivinar el puntaje total basándote en las siguientes pistas: El puntaje es un número múltiplo de 100. El puntaje es mayor que 2 000 pero menor que 5 000. El puntaje es un número par.","Para encontrar el puntaje total, primero identificamos que es un múltiplo de 100. Los múltiplos de 100 entre 2 000 y 5 000 son 2 000, 3 000 y 4 000. Luego, eliminamos los números que no son pares. Los números pares en esta lista son 2 000 y 4 000. Por último, consideramos que el puntaje es mayor que 2 000, lo que nos deja con 4 000 como la única opción.",El puntaje total es 4 000.,"{""problem"": ""Un estudiante de cuarto grado participó en un concurso de matemáticas. En el concurso, se le pidieron que adivinara el puntaje total que obtuvo en una prueba de matemáticas. El puntaje total se da en puntos y está entre 0 y 10 000. El puntaje se puede representar en una tabla posicional o en la recta numérica. Ayúdalo a adivinar el puntaje total basándote en las siguientes pistas: El puntaje es un número múltiplo de 100. El puntaje es mayor que 2 000 pero menor que 5 000. El puntaje es un número par."", ""solution"": ""Para encontrar el puntaje total, primero identificamos que es un múltiplo de 100. Los múltiplos de 100 entre 2 000 y 5 000 son 2 000, 3 000 y 4 000. Luego, eliminamos los números que no son pares. Los números pares en esta lista son 2 000 y 4 000. Por último, consideramos que el puntaje es mayor que 2 000, lo que nos deja con 4 000 como la única opción."", ""answer"": ""El puntaje total es 4 000.""}",
MA04-OA-03-01,4° básico,Números y operaciones,MA04 OA 03,"Demostrar que comprenden la adición y la sustracción de números hasta 1 000:
• usando estrategias personales para realizar estas operaciones
• descomponiendo los números involucrados
• estimando sumas y diferencias
• resolviendo problemas rutinarios y no rutinarios que incluyan adiciones y sustracciones
• aplicando los algoritmos en la adición de hasta cuatro sumandos y en la sustracción de hasta un sustraendo.",resolver una adición,Usar números hasta 1 000 y adición/sustracción con dificultad apropiada para 4° básico.,biblioteca,HuggingFaceTB/SmolLM3-3B,"Genera un problema matemático verbal para un estudiante de 4° básico.
Debe estar alineado con el siguiente Objetivo de Aprendizaje: Demostrar que comprenden la adición y la sustracción de números hasta 1 000:
• usando estrategias personales para realizar estas operaciones
• descomponiendo los números involucrados
• estimando sumas y diferencias
• resolviendo problemas rutinarios y no rutinarios que incluyan adiciones y sustracciones
• aplicando los algoritmos en la adición de hasta cuatro sumandos y en la sustracción de hasta un sustraendo.
Habilidad a evaluar: resolver una adición.
Condiciones curriculares: Usar números hasta 1 000 y adición/sustracción con dificultad apropiada para 4° básico..
Contexto: biblioteca.
Entrega el problema, su solución y la respuesta final.
Responde únicamente con un objeto JSON válido con esta estructura: {""problem"": ""..."", ""solution"": ""..."", ""answer"": ""...""}","En la biblioteca, hay 425 libros en una estantería. El bibliotecario decide agregar 150 libros nuevos y luego retirar 75 libros que ya no son necesarios. ¿Cuántos libros quedan en la estantería después de estos cambios?","Primero, sumamos los 425 libros existentes y los 150 nuevos libros: 425 + 150 = 575 libros. Luego, restamos los 75 libros retirados: 575 - 75 = 500 libros. Por lo tanto, hay 500 libros en la estantería después de los cambios.",500,"{""problem"": ""En la biblioteca, hay 425 libros en una estantería. El bibliotecario decide agregar 150 libros nuevos y luego retirar 75 libros que ya no son necesarios. ¿Cuántos libros quedan en la estantería después de estos cambios?"", ""solution"": ""Primero, sumamos los 425 libros existentes y los 150 nuevos libros: 425 + 150 = 575 libros. Luego, restamos los 75 libros retirados: 575 - 75 = 500 libros. Por lo tanto, hay 500 libros en la estantería después de los cambios."", ""answer"": ""500""}",
MA04-OA-03-02,4° básico,Números y operaciones,MA04 OA 03,"Demostrar que comprenden la adición y la sustracción de números hasta 1 000:
• usando estrategias personales para realizar estas operaciones
• descomponiendo los números involucrados
• estimando sumas y diferencias
• resolviendo problemas rutinarios y no rutinarios que incluyan adiciones y sustracciones
• aplicando los algoritmos en la adición de hasta cuatro sumandos y en la sustracción de hasta un sustraendo.",resolver una sustracción,Usar números hasta 1 000 y adición/sustracción con dificultad apropiada para 4° básico.,recaudación escolar,HuggingFaceTB/SmolLM3-3B,"Genera un problema matemático verbal para un estudiante de 4° básico.
Debe estar alineado con el siguiente Objetivo de Aprendizaje: Demostrar que comprenden la adición y la sustracción de números hasta 1 000:
• usando estrategias personales para realizar estas operaciones
• descomponiendo los números involucrados
• estimando sumas y diferencias
• resolviendo problemas rutinarios y no rutinarios que incluyan adiciones y sustracciones
• aplicando los algoritmos en la adición de hasta cuatro sumandos y en la sustracción de hasta un sustraendo.
Habilidad a evaluar: resolver una sustracción.
Condiciones curriculares: Usar números hasta 1 000 y adición/sustracción con dificultad apropiada para 4° básico..
Contexto: recaudación escolar.
Entrega el problema, su solución y la respuesta final.
Responde únicamente con un objeto JSON válido con esta estructura: {""problem"": ""..."", ""solution"": ""..."", ""answer"": ""...""}","En la recaudación escolar, la clase de matemáticas recaudó 237 pesos en total. Sin embargo, el profesor descubrió que se le habían restado 57 pesos por error. ¿Cuántos pesos realmente recaudó la clase de matemáticas? Responde con tu respuesta final.","Para resolver este problema, primero sumamos los pesos recaudados y luego restamos los pesos que se le restaron incorrectamente.","Primero, sumamos los pesos recaudados: 237 pesos. Luego, restamos los pesos incorrectamente restados: 237 - 57 = 180. Por lo tanto, la clase de matemáticas realmente recaudó 180 pesos.","{""problem"": ""En la recaudación escolar, la clase de matemáticas recaudó 237 pesos en total. Sin embargo, el profesor descubrió que se le habían restado 57 pesos por error. ¿Cuántos pesos realmente recaudó la clase de matemáticas? Responde con tu respuesta final."", ""solution"": ""Para resolver este problema, primero sumamos los pesos recaudados y luego restamos los pesos que se le restaron incorrectamente."", ""answer"": ""Primero, sumamos los pesos recaudados: 237 pesos. Luego, restamos los pesos incorrectamente restados: 237 - 57 = 180. Por lo tanto, la clase de matemáticas realmente recaudó 180 pesos.""}",
MA04-OA-03-03,4° básico,Números y operaciones,MA04 OA 03,"Demostrar que comprenden la adición y la sustracción de números hasta 1 000:
• usando estrategias personales para realizar estas operaciones
• descomponiendo los números involucrados
• estimando sumas y diferencias
• resolviendo problemas rutinarios y no rutinarios que incluyan adiciones y sustracciones
• aplicando los algoritmos en la adición de hasta cuatro sumandos y en la sustracción de hasta un sustraendo.",estimar una suma,Usar números hasta 1 000 y adición/sustracción con dificultad apropiada para 4° básico.,inventario,HuggingFaceTB/SmolLM3-3B,"Genera un problema matemático verbal para un estudiante de 4° básico.
Debe estar alineado con el siguiente Objetivo de Aprendizaje: Demostrar que comprenden la adición y la sustracción de números hasta 1 000:
• usando estrategias personales para realizar estas operaciones
• descomponiendo los números involucrados
• estimando sumas y diferencias
• resolviendo problemas rutinarios y no rutinarios que incluyan adiciones y sustracciones
• aplicando los algoritmos en la adición de hasta cuatro sumandos y en la sustracción de hasta un sustraendo.
Habilidad a evaluar: estimar una suma.
Condiciones curriculares: Usar números hasta 1 000 y adición/sustracción con dificultad apropiada para 4° básico..
Contexto: inventario.
Entrega el problema, su solución y la respuesta final.
Responde únicamente con un objeto JSON válido con esta estructura: {""problem"": ""..."", ""solution"": ""..."", ""answer"": ""...""}","En el inventario de la escuela, hay 234 libros en el aula y 567 libros en la biblioteca. ¿Cuántos libros hay en total en ambas áreas?","Primero, sumamos los libros en el aula y en la biblioteca: 234 + 567. Podemos descomponer 567 en 500 + 67. Entonces, 234 + 500 = 734, y luego 734 + 67 = 801. Por lo tanto, hay 801 libros en total.",801,"{""problem"": ""En el inventario de la escuela, hay 234 libros en el aula y 567 libros en la biblioteca. ¿Cuántos libros hay en total en ambas áreas?"", ""solution"": ""Primero, sumamos los libros en el aula y en la biblioteca: 234 + 567. Podemos descomponer 567 en 500 + 67. Entonces, 234 + 500 = 734, y luego 734 + 67 = 801. Por lo tanto, hay 801 libros en total."", ""answer"": ""801""}",
MA04-OA-03-04,4° básico,Números y operaciones,MA04 OA 03,"Demostrar que comprenden la adición y la sustracción de números hasta 1 000:
• usando estrategias personales para realizar estas operaciones
• descomponiendo los números involucrados
• estimando sumas y diferencias
• resolviendo problemas rutinarios y no rutinarios que incluyan adiciones y sustracciones
• aplicando los algoritmos en la adición de hasta cuatro sumandos y en la sustracción de hasta un sustraendo.",estimar una diferencia,Usar números hasta 1 000 y adición/sustracción con dificultad apropiada para 4° básico.,visitas a un museo,HuggingFaceTB/SmolLM3-3B,"Genera un problema matemático verbal para un estudiante de 4° básico.
Debe estar alineado con el siguiente Objetivo de Aprendizaje: Demostrar que comprenden la adición y la sustracción de números hasta 1 000:
• usando estrategias personales para realizar estas operaciones
• descomponiendo los números involucrados
• estimando sumas y diferencias
• resolviendo problemas rutinarios y no rutinarios que incluyan adiciones y sustracciones
• aplicando los algoritmos en la adición de hasta cuatro sumandos y en la sustracción de hasta un sustraendo.
Habilidad a evaluar: estimar una diferencia.
Condiciones curriculares: Usar números hasta 1 000 y adición/sustracción con dificultad apropiada para 4° básico..
Contexto: visitas a un museo.
Entrega el problema, su solución y la respuesta final.
Responde únicamente con un objeto JSON válido con esta estructura: {""problem"": ""..."", ""solution"": ""..."", ""answer"": ""...""}","Durante una visita al museo, la familia de María descubrió una colección de 234 objetos. Luego, un curador les regaló 567 más. Sin embargo, al regresar a casa, notaron que habían perdido 123 objetos. ¿Cuántos objetos tenía María al final? Resuelve el problema usando estrategias de estimación.","Primero, estimamos la suma de 234 y 567. La suma aproximada de 200 y 500 es 700. Luego, sumamos los 34 y los 67, lo que da un total de 101. Por lo tanto, la suma total es aproximadamente 700 + 101 = 801. Luego, estimamos la resta de 123 de 801. La resta de 100 de 801 es 701. Luego, restamos los 23 adicionales, lo que da 701 - 23 = 678. Por lo tanto, María tenía aproximadamente 678 objetos al final.",678,"{""problem"": ""Durante una visita al museo, la familia de María descubrió una colección de 234 objetos. Luego, un curador les regaló 567 más. Sin embargo, al regresar a casa, notaron que habían perdido 123 objetos. ¿Cuántos objetos tenía María al final? Resuelve el problema usando estrategias de estimación."", ""solution"": ""Primero, estimamos la suma de 234 y 567. La suma aproximada de 200 y 500 es 700. Luego, sumamos los 34 y los 67, lo que da un total de 101. Por lo tanto, la suma total es aproximadamente 700 + 101 = 801. Luego, estimamos la resta de 123 de 801. La resta de 100 de 801 es 701. Luego, restamos los 23 adicionales, lo que da 701 - 23 = 678. Por lo tanto, María tenía aproximadamente 678 objetos al final."", ""answer"": ""678""}",
MA04-OA-03-05,4° básico,Números y operaciones,MA04 OA 03,"Demostrar que comprenden la adición y la sustracción de números hasta 1 000:
• usando estrategias personales para realizar estas operaciones
• descomponiendo los números involucrados
• estimando sumas y diferencias
• resolviendo problemas rutinarios y no rutinarios que incluyan adiciones y sustracciones
• aplicando los algoritmos en la adición de hasta cuatro sumandos y en la sustracción de hasta un sustraendo.",resolver un problema no rutinario de adición o sustracción,Usar números hasta 1 000 y adición/sustracción con dificultad apropiada para 4° básico.,colección de objetos,HuggingFaceTB/SmolLM3-3B,"Genera un problema matemático verbal para un estudiante de 4° básico.
Debe estar alineado con el siguiente Objetivo de Aprendizaje: Demostrar que comprenden la adición y la sustracción de números hasta 1 000:
• usando estrategias personales para realizar estas operaciones
• descomponiendo los números involucrados
• estimando sumas y diferencias
• resolviendo problemas rutinarios y no rutinarios que incluyan adiciones y sustracciones
• aplicando los algoritmos en la adición de hasta cuatro sumandos y en la sustracción de hasta un sustraendo.
Habilidad a evaluar: resolver un problema no rutinario de adición o sustracción.
Condiciones curriculares: Usar números hasta 1 000 y adición/sustracción con dificultad apropiada para 4° básico..
Contexto: colección de objetos.
Entrega el problema, su solución y la respuesta final.
Responde únicamente con un objeto JSON válido con esta estructura: {""problem"": ""..."", ""solution"": ""..."", ""answer"": ""...""}","En un concurso de manualidades, 567 estudiantes participaron. Luego de una ronda de competencia, 234 estudiantes fueron eliminados. ¿Cuántos estudiantes quedaron en la competencia? Resuelve el problema descomponiendo los números y usando estrategias personales.","Para resolver este problema, primero descompondremos los números. 567 estudiantes participaron inicialmente. Luego, 234 estudiantes fueron eliminados. Podemos descomponer 567 y 234 en unidades de 100, 10 y 1 para facilitar el cálculo. 567 se descompone como 500 + 60 + 7, y 234 se descompone como 200 + 30 + 4. Ahora, restamos los números descomponidos: 567 - 234 = (500 + 60 + 7) - (200 + 30 + 4). Realizamos la resta de cada parte: 500 - 200 = 300, 60 - 30 = 30, y 7 - 4 = 3. Sumamos los resultados: 300 + 30 + 3 = 333. Por lo tanto, 333 estudiantes quedaron en la competencia.",333,"{""problem"": ""En un concurso de manualidades, 567 estudiantes participaron. Luego de una ronda de competencia, 234 estudiantes fueron eliminados. ¿Cuántos estudiantes quedaron en la competencia? Resuelve el problema descomponiendo los números y usando estrategias personales."", ""solution"": ""Para resolver este problema, primero descompondremos los números. 567 estudiantes participaron inicialmente. Luego, 234 estudiantes fueron eliminados. Podemos descomponer 567 y 234 en unidades de 100, 10 y 1 para facilitar el cálculo. 567 se descompone como 500 + 60 + 7, y 234 se descompone como 200 + 30 + 4. Ahora, restamos los números descomponidos: 567 - 234 = (500 + 60 + 7) - (200 + 30 + 4). Realizamos la resta de cada parte: 500 - 200 = 300, 60 - 30 = 30, y 7 - 4 = 3. Sumamos los resultados: 300 + 30 + 3 = 333. Por lo tanto, 333 estudiantes quedaron en la competencia."", ""answer"": ""333""}",
MA04-OA-05-01,4° básico,Números y operaciones,MA04 OA 05,"Demostrar que comprenden la multiplicación de números de tres dígitos por números de un dígito:
• usando estrategias con o sin material concreto
• utilizando las tablas de multiplicación
• estimando productos
• usando la propiedad distributiva de la multiplicación respecto de la suma
• aplicando el algoritmo de la multiplicación
• resolviendo problemas rutinarios.",multiplicar un número de tres cifras por uno de una cifra,Multiplicar números de hasta tres dígitos por un número de un dígito.,cajas de materiales,HuggingFaceTB/SmolLM3-3B,"Genera un problema matemático verbal para un estudiante de 4° básico.
Debe estar alineado con el siguiente Objetivo de Aprendizaje: Demostrar que comprenden la multiplicación de números de tres dígitos por números de un dígito:
• usando estrategias con o sin material concreto
• utilizando las tablas de multiplicación
• estimando productos
• usando la propiedad distributiva de la multiplicación respecto de la suma
• aplicando el algoritmo de la multiplicación
• resolviendo problemas rutinarios.
Habilidad a evaluar: multiplicar un número de tres cifras por uno de una cifra.
Condiciones curriculares: Multiplicar números de hasta tres dígitos por un número de un dígito..
Contexto: cajas de materiales.
Entrega el problema, su solución y la respuesta final.
Responde únicamente con un objeto JSON válido con esta estructura: {""problem"": ""..."", ""solution"": ""..."", ""answer"": ""...""}","En un almacén, hay 456 cajas de materiales. Cada caja contiene 7 unidades de un producto. ¿Cuántas unidades de ese producto hay en total en el almacén?","Para resolver este problema, podemos multiplicar el número de cajas por el número de unidades en cada caja. Usamos la propiedad distributiva de la multiplicación: 456 * 7 = (400 + 50 + 6) * 7 = (400 * 7) + (50 * 7) + (6 * 7) = 2800 + 350 + 42 = 3212. Por lo tanto, hay 3212 unidades de ese producto en total en el almacén.",3212,"{""problem"": ""En un almacén, hay 456 cajas de materiales. Cada caja contiene 7 unidades de un producto. ¿Cuántas unidades de ese producto hay en total en el almacén?"", ""solution"": ""Para resolver este problema, podemos multiplicar el número de cajas por el número de unidades en cada caja. Usamos la propiedad distributiva de la multiplicación: 456 * 7 = (400 + 50 + 6) * 7 = (400 * 7) + (50 * 7) + (6 * 7) = 2800 + 350 + 42 = 3212. Por lo tanto, hay 3212 unidades de ese producto en total en el almacén."", ""answer"":  ""3212""}",
MA04-OA-05-02,4° básico,Números y operaciones,MA04 OA 05,"Demostrar que comprenden la multiplicación de números de tres dígitos por números de un dígito:
• usando estrategias con o sin material concreto
• utilizando las tablas de multiplicación
• estimando productos
• usando la propiedad distributiva de la multiplicación respecto de la suma
• aplicando el algoritmo de la multiplicación
• resolviendo problemas rutinarios.",estimar un producto,Multiplicar números de hasta tres dígitos por un número de un dígito.,entradas por día,HuggingFaceTB/SmolLM3-3B,"Genera un problema matemático verbal para un estudiante de 4° básico.
Debe estar alineado con el siguiente Objetivo de Aprendizaje: Demostrar que comprenden la multiplicación de números de tres dígitos por números de un dígito:
• usando estrategias con o sin material concreto
• utilizando las tablas de multiplicación
• estimando productos
• usando la propiedad distributiva de la multiplicación respecto de la suma
• aplicando el algoritmo de la multiplicación
• resolviendo problemas rutinarios.
Habilidad a evaluar: estimar un producto.
Condiciones curriculares: Multiplicar números de hasta tres dígitos por un número de un dígito..
Contexto: entradas por día.
Entrega el problema, su solución y la respuesta final.
Responde únicamente con un objeto JSON válido con esta estructura: {""problem"": ""..."", ""solution"": ""..."", ""answer"": ""...""}","María compra 247 libros de texto y 38 lápices. Si cada libro cuesta 15 pesos y cada lápiz cuesta 5 pesos, ¿cuánto dinero gastará María en total?","Primero, calculamos el costo total de los libros de texto: 247 libros * 15 pesos = 3705 pesos. Luego, calculamos el costo total de los lápices: 38 lápices * 5 pesos = 190 pesos. Finalmente, sumamos los costos: 3705 pesos + 190 pesos = 3895 pesos. María gastará 3895 pesos en total.",3895,"{""problem"": ""María compra 247 libros de texto y 38 lápices. Si cada libro cuesta 15 pesos y cada lápiz cuesta 5 pesos, ¿cuánto dinero gastará María en total?"", ""solution"": ""Primero, calculamos el costo total de los libros de texto: 247 libros * 15 pesos = 3705 pesos. Luego, calculamos el costo total de los lápices: 38 lápices * 5 pesos = 190 pesos. Finalmente, sumamos los costos: 3705 pesos + 190 pesos = 3895 pesos. María gastará 3895 pesos en total."", ""answer"": ""3895""}",
MA04-OA-05-03,4° básico,Números y operaciones,MA04 OA 05,"Demostrar que comprenden la multiplicación de números de tres dígitos por números de un dígito:
• usando estrategias con o sin material concreto
• utilizando las tablas de multiplicación
• estimando productos
• usando la propiedad distributiva de la multiplicación respecto de la suma
• aplicando el algoritmo de la multiplicación
• resolviendo problemas rutinarios.",usar distributividad en una multiplicación,Multiplicar números de hasta tres dígitos por un número de un dígito.,paquetes de alimentos,HuggingFaceTB/SmolLM3-3B,"Genera un problema matemático verbal para un estudiante de 4° básico.
Debe estar alineado con el siguiente Objetivo de Aprendizaje: Demostrar que comprenden la multiplicación de números de tres dígitos por números de un dígito:
• usando estrategias con o sin material concreto
• utilizando las tablas de multiplicación
• estimando productos
• usando la propiedad distributiva de la multiplicación respecto de la suma
• aplicando el algoritmo de la multiplicación
• resolviendo problemas rutinarios.
Habilidad a evaluar: usar distributividad en una multiplicación.
Condiciones curriculares: Multiplicar números de hasta tres dígitos por un número de un dígito..
Contexto: paquetes de alimentos.
Entrega el problema, su solución y la respuesta final.
Responde únicamente con un objeto JSON válido con esta estructura: {""problem"": ""..."", ""solution"": ""..."", ""answer"": ""...""}",Un supermercado tiene 345 paquetes de alimentos en stock. Cada paquete pesa 7 kilogramos. ¿Cuántos kilogramos de alimentos tiene el supermercado en total? Resuelve el problema utilizando la propiedad distributiva de la multiplicación.,"Primero, multiplicamos el número de paquetes por el peso de cada paquete: 345 * 7. Usamos la propiedad distributiva para simplificar: (300 + 40 + 5) * 7 = (300 * 7) + (40 * 7) + (5 * 7) = 2100 + 280 + 35 = 2455. Por lo tanto, el supermercado tiene 2455 kilogramos de alimentos en total.",2455,"{""problem"": ""Un supermercado tiene 345 paquetes de alimentos en stock. Cada paquete pesa 7 kilogramos. ¿Cuántos kilogramos de alimentos tiene el supermercado en total? Resuelve el problema utilizando la propiedad distributiva de la multiplicación."", ""solution"": ""Primero, multiplicamos el número de paquetes por el peso de cada paquete: 345 * 7. Usamos la propiedad distributiva para simplificar: (300 + 40 + 5) * 7 = (300 * 7) + (40 * 7) + (5 * 7) = 2100 + 280 + 35 = 2455. Por lo tanto, el supermercado tiene 2455 kilogramos de alimentos en total."", ""answer"":  ""2455""}",
MA04-OA-05-04,4° básico,Números y operaciones,MA04 OA 05,"Demostrar que comprenden la multiplicación de números de tres dígitos por números de un dígito:
• usando estrategias con o sin material concreto
• utilizando las tablas de multiplicación
• estimando productos
• usando la propiedad distributiva de la multiplicación respecto de la suma
• aplicando el algoritmo de la multiplicación
• resolviendo problemas rutinarios.",resolver un problema rutinario de multiplicación,Multiplicar números de hasta tres dígitos por un número de un dígito.,filas de objetos,HuggingFaceTB/SmolLM3-3B,"Genera un problema matemático verbal para un estudiante de 4° básico.
Debe estar alineado con el siguiente Objetivo de Aprendizaje: Demostrar que comprenden la multiplicación de números de tres dígitos por números de un dígito:
• usando estrategias con o sin material concreto
• utilizando las tablas de multiplicación
• estimando productos
• usando la propiedad distributiva de la multiplicación respecto de la suma
• aplicando el algoritmo de la multiplicación
• resolviendo problemas rutinarios.
Habilidad a evaluar: resolver un problema rutinario de multiplicación.
Condiciones curriculares: Multiplicar números de hasta tres dígitos por un número de un dígito..
Contexto: filas de objetos.
Entrega el problema, su solución y la respuesta final.
Responde únicamente con un objeto JSON válido con esta estructura: {""problem"": ""..."", ""solution"": ""..."", ""answer"": ""...""}","Hay 456 manzanas en un estante. Si cada persona que pase por el estanco toma 7 manzanas, ¿cuántas manzanas quedan en el estante si 8 personas pasan por el estanco?","Para resolver este problema, primero multiplicamos el número de manzanas por el número de personas que pasan por el estanco. 456 manzanas × 8 personas = 3648 manzanas tomadas. Luego, restamos el número de manzanas tomadas del número total de manzanas en el estanco: 456 manzanas - 3648 manzanas = -3192 manzanas. Sin embargo, esto no tiene sentido en el contexto del problema, ya que no podemos tener un número negativo de manzanas. Por lo tanto, podemos concluir que se han agotado todas las manzanas y se han tomado 456 manzanas, dejando 0 manzanas en el estante.",0 manzanas,"{""problem"": ""Hay 456 manzanas en un estante. Si cada persona que pase por el estanco toma 7 manzanas, ¿cuántas manzanas quedan en el estante si 8 personas pasan por el estanco?"", ""solution"": ""Para resolver este problema, primero multiplicamos el número de manzanas por el número de personas que pasan por el estanco. 456 manzanas × 8 personas = 3648 manzanas tomadas. Luego, restamos el número de manzanas tomadas del número total de manzanas en el estanco: 456 manzanas - 3648 manzanas = -3192 manzanas. Sin embargo, esto no tiene sentido en el contexto del problema, ya que no podemos tener un número negativo de manzanas. Por lo tanto, podemos concluir que se han agotado todas las manzanas y se han tomado 456 manzanas, dejando 0 manzanas en el estante."", ""answer"": ""0 manzanas""}",
MA04-OA-05-05,4° básico,Números y operaciones,MA04 OA 05,"Demostrar que comprenden la multiplicación de números de tres dígitos por números de un dígito:
• usando estrategias con o sin material concreto
• utilizando las tablas de multiplicación
• estimando productos
• usando la propiedad distributiva de la multiplicación respecto de la suma
• aplicando el algoritmo de la multiplicación
• resolviendo problemas rutinarios.",seleccionar una multiplicación en contexto,Multiplicar números de hasta tres dígitos por un número de un dígito.,producción artesanal,HuggingFaceTB/SmolLM3-3B,"Genera un problema matemático verbal para un estudiante de 4° básico.
Debe estar alineado con el siguiente Objetivo de Aprendizaje: Demostrar que comprenden la multiplicación de números de tres dígitos por números de un dígito:
• usando estrategias con o sin material concreto
• utilizando las tablas de multiplicación
• estimando productos
• usando la propiedad distributiva de la multiplicación respecto de la suma
• aplicando el algoritmo de la multiplicación
• resolviendo problemas rutinarios.
Habilidad a evaluar: seleccionar una multiplicación en contexto.
Condiciones curriculares: Multiplicar números de hasta tres dígitos por un número de un dígito..
Contexto: producción artesanal.
Entrega el problema, su solución y la respuesta final.
Responde únicamente con un objeto JSON válido con esta estructura: {""problem"": ""..."", ""solution"": ""..."", ""answer"": ""...""}","En una tienda de artesanías, un artesano produce 234 figuras de madera. Decide vender estas figuras en paquetes de 12. ¿Cuántos paquetes necesita para vender todas las figuras?","Para resolver este problema, podemos seguir los siguientes pasos:
1. Determinar el número total de figuras: 234.
2. Determinar el número de figuras por paquete: 12.
3. Dividir el número total de figuras entre el número de figuras por paquete.
   234 ÷ 12 = 19.5.
4. Como no se pueden vender 0.5 de un paquete, el artesano necesita 20 paquetes para vender todas las figuras.

El artesano necesita 20 paquetes para vender todas las figuras.",20,"{""problem"": ""En una tienda de artesanías, un artesano produce 234 figuras de madera. Decide vender estas figuras en paquetes de 12. ¿Cuántos paquetes necesita para vender todas las figuras?"", ""solution"": ""Para resolver este problema, podemos seguir los siguientes pasos:\n1. Determinar el número total de figuras: 234.\n2. Determinar el número de figuras por paquete: 12.\n3. Dividir el número total de figuras entre el número de figuras por paquete.\n   234 ÷ 12 = 19.5.\n4. Como no se pueden vender 0.5 de un paquete, el artesano necesita 20 paquetes para vender todas las figuras.\n\nEl artesano necesita 20 paquetes para vender todas las figuras."", ""answer"": ""20""}",
MA04-OA-06-01,4° básico,Números y operaciones,MA04 OA 06,"Demostrar que comprenden la división con dividendos de dos dígitos y divisores de un dígito:
• usando estrategias para dividir, con o sin material concreto
• utilizando la relación que existe entre la división y la multiplicación
• estimando el cociente
• aplicando la estrategia por descomposición del dividendo
• aplicando el algoritmo de la división.",dividir un número de dos cifras por uno de una cifra,Usar dividendos de dos dígitos y divisores de un dígito; mantener resultados adecuados para el nivel.,reparto de materiales,HuggingFaceTB/SmolLM3-3B,"Genera un problema matemático verbal para un estudiante de 4° básico.
Debe estar alineado con el siguiente Objetivo de Aprendizaje: Demostrar que comprenden la división con dividendos de dos dígitos y divisores de un dígito:
• usando estrategias para dividir, con o sin material concreto
• utilizando la relación que existe entre la división y la multiplicación
• estimando el cociente
• aplicando la estrategia por descomposición del dividendo
• aplicando el algoritmo de la división.
Habilidad a evaluar: dividir un número de dos cifras por uno de una cifra.
Condiciones curriculares: Usar dividendos de dos dígitos y divisores de un dígito; mantener resultados adecuados para el nivel..
Contexto: reparto de materiales.
Entrega el problema, su solución y la respuesta final.
Responde únicamente con un objeto JSON válido con esta estructura: {""problem"": ""..."", ""solution"": ""..."", ""answer"": ""...""}",María tiene 42 manzanas y quiere repartirlas entre sus 7 amigos. ¿Cuántas manzanas le dará cada uno a sus amigos?,"Para resolver este problema, primero debemos dividir el número total de manzanas (42) entre el número de amigos (7). Puedemos hacerlo utilizando la relación entre la división y la multiplicación. Sabemos que 7 amigos deben recibir el mismo número de manzanas, por lo que multiplicamos 7 por el número de manzanas que cada uno recibirá. Si multiplicamos 7 por 6, obtenemos 42. Esto significa que cada amigo recibirá 6 manzanas.",Cada amigo recibirá 6 manzanas.,"{""problem"": ""María tiene 42 manzanas y quiere repartirlas entre sus 7 amigos. ¿Cuántas manzanas le dará cada uno a sus amigos?"", ""solution"": ""Para resolver este problema, primero debemos dividir el número total de manzanas (42) entre el número de amigos (7). Puedemos hacerlo utilizando la relación entre la división y la multiplicación. Sabemos que 7 amigos deben recibir el mismo número de manzanas, por lo que multiplicamos 7 por el número de manzanas que cada uno recibirá. Si multiplicamos 7 por 6, obtenemos 42. Esto significa que cada amigo recibirá 6 manzanas."", ""answer"":  ""Cada amigo recibirá 6 manzanas.""}",
MA04-OA-06-02,4° básico,Números y operaciones,MA04 OA 06,"Demostrar que comprenden la división con dividendos de dos dígitos y divisores de un dígito:
• usando estrategias para dividir, con o sin material concreto
• utilizando la relación que existe entre la división y la multiplicación
• estimando el cociente
• aplicando la estrategia por descomposición del dividendo
• aplicando el algoritmo de la división.",usar relación división-multiplicación,Usar dividendos de dos dígitos y divisores de un dígito; mantener resultados adecuados para el nivel.,equipos,HuggingFaceTB/SmolLM3-3B,"Genera un problema matemático verbal para un estudiante de 4° básico.
Debe estar alineado con el siguiente Objetivo de Aprendizaje: Demostrar que comprenden la división con dividendos de dos dígitos y divisores de un dígito:
• usando estrategias para dividir, con o sin material concreto
• utilizando la relación que existe entre la división y la multiplicación
• estimando el cociente
• aplicando la estrategia por descomposición del dividendo
• aplicando el algoritmo de la división.
Habilidad a evaluar: usar relación división-multiplicación.
Condiciones curriculares: Usar dividendos de dos dígitos y divisores de un dígito; mantener resultados adecuados para el nivel..
Contexto: equipos.
Entrega el problema, su solución y la respuesta final.
Responde únicamente con un objeto JSON válido con esta estructura: {""problem"": ""..."", ""solution"": ""..."", ""answer"": ""...""}",Un equipo de 25 jugadores necesita dividirse en grupos de 5 para jugar un juego. ¿Cuántos grupos se formarán?,"Para resolver este problema, primero identificamos que el número de jugadores es 25 y que cada grupo tendrá 5 jugadores. Utilizamos la relación división-multiplicación para encontrar cuántos grupos se formarán. Si multiplicamos el número de grupos por el número de jugadores por grupo, debemos obtener el número total de jugadores. Por lo tanto, si multiplicamos el número de grupos por 5, debemos obtener 25. Para encontrar el número de grupos, dividimos 25 entre 5. Al dividir 25 entre 5, obtenemos 5 grupos.",El equipo se formará en 5 grupos.,"{""problem"": ""Un equipo de 25 jugadores necesita dividirse en grupos de 5 para jugar un juego. ¿Cuántos grupos se formarán?"", ""solution"": ""Para resolver este problema, primero identificamos que el número de jugadores es 25 y que cada grupo tendrá 5 jugadores. Utilizamos la relación división-multiplicación para encontrar cuántos grupos se formarán. Si multiplicamos el número de grupos por el número de jugadores por grupo, debemos obtener el número total de jugadores. Por lo tanto, si multiplicamos el número de grupos por 5, debemos obtener 25. Para encontrar el número de grupos, dividimos 25 entre 5. Al dividir 25 entre 5, obtenemos 5 grupos."", ""answer"": ""El equipo se formará en 5 grupos.""}",
MA04-OA-06-03,4° básico,Números y operaciones,MA04 OA 06,"Demostrar que comprenden la división con dividendos de dos dígitos y divisores de un dígito:
• usando estrategias para dividir, con o sin material concreto
• utilizando la relación que existe entre la división y la multiplicación
• estimando el cociente
• aplicando la estrategia por descomposición del dividendo
• aplicando el algoritmo de la división.",estimar un cociente,Usar dividendos de dos dígitos y divisores de un dígito; mantener resultados adecuados para el nivel.,cajas,HuggingFaceTB/SmolLM3-3B,"Genera un problema matemático verbal para un estudiante de 4° básico.
Debe estar alineado con el siguiente Objetivo de Aprendizaje: Demostrar que comprenden la división con dividendos de dos dígitos y divisores de un dígito:
• usando estrategias para dividir, con o sin material concreto
• utilizando la relación que existe entre la división y la multiplicación
• estimando el cociente
• aplicando la estrategia por descomposición del dividendo
• aplicando el algoritmo de la división.
Habilidad a evaluar: estimar un cociente.
Condiciones curriculares: Usar dividendos de dos dígitos y divisores de un dígito; mantener resultados adecuados para el nivel..
Contexto: cajas.
Entrega el problema, su solución y la respuesta final.
Responde únicamente con un objeto JSON válido con esta estructura: {""problem"": ""..."", ""solution"": ""..."", ""answer"": ""...""}","Un supermercado tiene 25 cajas para almacenar diferentes tipos de productos. Cada caja puede contener hasta 18 productos. Si el supermercado desea almacenar 100 productos, ¿cuántas cajas necesitarán llenar completamente y cuántos productos quedarán sin llenar en la última caja?","Para determinar cuántas cajas se necesitan llenar completamente, dividimos el número total de productos (100) entre el número de productos que cada caja puede contener (18). Realizamos la división: 100 ÷ 18 = 5,55. Ya que no podemos tener una fracción de caja, redondeamos a la parte entera más cercana, lo que nos da 5 cajas llenas. Cada caja contiene 18 productos, por lo que 5 cajas contendrán 5 × 18 = 90 productos. Restamos estos productos del total para encontrar cuántos productos quedarán sin llenar: 100 - 90 = 10 productos. Por lo tanto, necesitarán 5 cajas llenas y quedará 10 productos sin llenar en la última caja.",5 cajas llenas y 10 productos sin llenar en la última caja.,"{""problem"": ""Un supermercado tiene 25 cajas para almacenar diferentes tipos de productos. Cada caja puede contener hasta 18 productos. Si el supermercado desea almacenar 100 productos, ¿cuántas cajas necesitarán llenar completamente y cuántos productos quedarán sin llenar en la última caja?"", ""solution"": ""Para determinar cuántas cajas se necesitan llenar completamente, dividimos el número total de productos (100) entre el número de productos que cada caja puede contener (18). Realizamos la división: 100 ÷ 18 = 5,55. Ya que no podemos tener una fracción de caja, redondeamos a la parte entera más cercana, lo que nos da 5 cajas llenas. Cada caja contiene 18 productos, por lo que 5 cajas contendrán 5 × 18 = 90 productos. Restamos estos productos del total para encontrar cuántos productos quedarán sin llenar: 100 - 90 = 10 productos. Por lo tanto, necesitarán 5 cajas llenas y quedará 10 productos sin llenar en la última caja."", ""answer"": ""5 cajas llenas y 10 productos sin llenar en la última caja.""}",
MA04-OA-06-04,4° básico,Números y operaciones,MA04 OA 06,"Demostrar que comprenden la división con dividendos de dos dígitos y divisores de un dígito:
• usando estrategias para dividir, con o sin material concreto
• utilizando la relación que existe entre la división y la multiplicación
• estimando el cociente
• aplicando la estrategia por descomposición del dividendo
• aplicando el algoritmo de la división.",resolver por descomposición del dividendo,Usar dividendos de dos dígitos y divisores de un dígito; mantener resultados adecuados para el nivel.,paquetes,HuggingFaceTB/SmolLM3-3B,"Genera un problema matemático verbal para un estudiante de 4° básico.
Debe estar alineado con el siguiente Objetivo de Aprendizaje: Demostrar que comprenden la división con dividendos de dos dígitos y divisores de un dígito:
• usando estrategias para dividir, con o sin material concreto
• utilizando la relación que existe entre la división y la multiplicación
• estimando el cociente
• aplicando la estrategia por descomposición del dividendo
• aplicando el algoritmo de la división.
Habilidad a evaluar: resolver por descomposición del dividendo.
Condiciones curriculares: Usar dividendos de dos dígitos y divisores de un dígito; mantener resultados adecuados para el nivel..
Contexto: paquetes.
Entrega el problema, su solución y la respuesta final.
Responde únicamente con un objeto JSON válido con esta estructura: {""problem"": ""..."", ""solution"": ""..."", ""answer"": ""...""}","Un paquete de galletas contiene 24 galletas. Si decides dar 4 galletas a cada amigo, ¿cuántos amigos podrás invitar a tu casa si tienes 5 paquetes de galletas?","Primero, calculamos el número total de galletas que tenemos. Tenemos 5 paquetes, y cada paquete tiene 24 galletas. Por lo tanto, el total de galletas es 5 × 24 = 120 galletas. Luego, dividimos el total de galletas entre 4 galletas por amigo. 120 ÷ 4 = 30 amigos. Por lo tanto, puedes invitar a 30 amigos a tu casa.",30,"{
  ""problem"": ""Un paquete de galletas contiene 24 galletas. Si decides dar 4 galletas a cada amigo, ¿cuántos amigos podrás invitar a tu casa si tienes 5 paquetes de galletas?"",
  ""solution"": ""Primero, calculamos el número total de galletas que tenemos. Tenemos 5 paquetes, y cada paquete tiene 24 galletas. Por lo tanto, el total de galletas es 5 × 24 = 120 galletas. Luego, dividimos el total de galletas entre 4 galletas por amigo. 120 ÷ 4 = 30 amigos. Por lo tanto, puedes invitar a 30 amigos a tu casa."",
  ""answer"": ""30""
}",
MA04-OA-06-05,4° básico,Números y operaciones,MA04 OA 06,"Demostrar que comprenden la división con dividendos de dos dígitos y divisores de un dígito:
• usando estrategias para dividir, con o sin material concreto
• utilizando la relación que existe entre la división y la multiplicación
• estimando el cociente
• aplicando la estrategia por descomposición del dividendo
• aplicando el algoritmo de la división.",resolver un problema de división,Usar dividendos de dos dígitos y divisores de un dígito; mantener resultados adecuados para el nivel.,filas,HuggingFaceTB/SmolLM3-3B,"Genera un problema matemático verbal para un estudiante de 4° básico.
Debe estar alineado con el siguiente Objetivo de Aprendizaje: Demostrar que comprenden la división con dividendos de dos dígitos y divisores de un dígito:
• usando estrategias para dividir, con o sin material concreto
• utilizando la relación que existe entre la división y la multiplicación
• estimando el cociente
• aplicando la estrategia por descomposición del dividendo
• aplicando el algoritmo de la división.
Habilidad a evaluar: resolver un problema de división.
Condiciones curriculares: Usar dividendos de dos dígitos y divisores de un dígito; mantener resultados adecuados para el nivel..
Contexto: filas.
Entrega el problema, su solución y la respuesta final.
Responde únicamente con un objeto JSON válido con esta estructura: {""problem"": ""..."", ""solution"": ""..."", ""answer"": ""...""}",Un agricultor tiene 48 manzanas que quiere distribuir en 6 cajas. ¿Cuántas manzanas deberá colocar en cada caja si quiere que estén bien distribuidas? ¿Puedes mostrar cómo lo hiciste?,"Para resolver este problema, primero debemos dividir el número total de manzanas (48) entre el número de cajas (6). Usando la estrategia de descomposición del dividendo, podemos dividir 48 en partes más pequeñas que sean más fáciles de dividir. Por ejemplo, podemos dividir 48 en 40 + 8. Luego, dividimos 40 entre 6, lo cual da 6 con un resto de 4. Luego, dividimos 8 entre 6, lo cual da 1 con un resto de 2. Al sumar los cocientes de cada parte, obtenemos 6 + 1 = 7. Por lo tanto, cada caja deberá contener 7 manzanas.",7,"{""problem"": ""Un agricultor tiene 48 manzanas que quiere distribuir en 6 cajas. ¿Cuántas manzanas deberá colocar en cada caja si quiere que estén bien distribuidas? ¿Puedes mostrar cómo lo hiciste?"", ""solution"": ""Para resolver este problema, primero debemos dividir el número total de manzanas (48) entre el número de cajas (6). Usando la estrategia de descomposición del dividendo, podemos dividir 48 en partes más pequeñas que sean más fáciles de dividir. Por ejemplo, podemos dividir 48 en 40 + 8. Luego, dividimos 40 entre 6, lo cual da 6 con un resto de 4. Luego, dividimos 8 entre 6, lo cual da 1 con un resto de 2. Al sumar los cocientes de cada parte, obtenemos 6 + 1 = 7. Por lo tanto, cada caja deberá contener 7 manzanas."", ""answer"": ""7""}",
MA04-OA-07-01,4° básico,Números y operaciones,MA04 OA 07,"Resolver problemas rutinarios y no rutinarios en contextos cotidianos que incluyen dinero, seleccionando y utilizando la operación apropiada.",seleccionar la operación adecuada con dinero,Incluir dinero y permitir seleccionar la operación apropiada; no depender de imágenes.,kiosco,HuggingFaceTB/SmolLM3-3B,"Genera un problema matemático verbal para un estudiante de 4° básico.
Debe estar alineado con el siguiente Objetivo de Aprendizaje: Resolver problemas rutinarios y no rutinarios en contextos cotidianos que incluyen dinero, seleccionando y utilizando la operación apropiada.
Habilidad a evaluar: seleccionar la operación adecuada con dinero.
Condiciones curriculares: Incluir dinero y permitir seleccionar la operación apropiada; no depender de imágenes..
Contexto: kiosco.
Entrega el problema, su solución y la respuesta final.
Responde únicamente con un objeto JSON válido con esta estructura: {""problem"": ""..."", ""solution"": ""..."", ""answer"": ""...""}","En un kiosco, Juan compra 3 gominolas que cuestan $2 cada una y 2 refrescos que cuestan $3 cada uno. ¿Cuánto dinero gastó Juan en total?","Primero, calculamos el costo de las gominolas: 3 gominolas × $2 = $6. Luego, calculamos el costo de los refrescos: 2 refrescos × $3 = $6. Finalmente, sumamos los costos de ambas compras: $6 + $6 = $12. Juan gastó $12 en total.",12,"{""problem"": ""En un kiosco, Juan compra 3 gominolas que cuestan $2 cada una y 2 refrescos que cuestan $3 cada uno. ¿Cuánto dinero gastó Juan en total?"", ""solution"": ""Primero, calculamos el costo de las gominolas: 3 gominolas × $2 = $6. Luego, calculamos el costo de los refrescos: 2 refrescos × $3 = $6. Finalmente, sumamos los costos de ambas compras: $6 + $6 = $12. Juan gastó $12 en total."", ""answer"": ""12""}",
MA04-OA-07-02,4° básico,Números y operaciones,MA04 OA 07,"Resolver problemas rutinarios y no rutinarios en contextos cotidianos que incluyen dinero, seleccionando y utilizando la operación apropiada.",resolver una compra,Incluir dinero y permitir seleccionar la operación apropiada; no depender de imágenes.,feria,HuggingFaceTB/SmolLM3-3B,"Genera un problema matemático verbal para un estudiante de 4° básico.
Debe estar alineado con el siguiente Objetivo de Aprendizaje: Resolver problemas rutinarios y no rutinarios en contextos cotidianos que incluyen dinero, seleccionando y utilizando la operación apropiada.
Habilidad a evaluar: resolver una compra.
Condiciones curriculares: Incluir dinero y permitir seleccionar la operación apropiada; no depender de imágenes..
Contexto: feria.
Entrega el problema, su solución y la respuesta final.
Responde únicamente con un objeto JSON válido con esta estructura: {""problem"": ""..."", ""solution"": ""..."", ""answer"": ""...""}","En una feria, Juan compra un juguete por $12.00 y un libro por $8.00. ¿Cuánto dinero gastó Juan en total?","Para encontrar el total que gastó Juan, debemos sumar el costo del juguete y el costo del libro. 12.00 + 8.00 = 20.00. Por lo tanto, Juan gastó $20.00 en total.",20.00,"{""problem"": ""En una feria, Juan compra un juguete por $12.00 y un libro por $8.00. ¿Cuánto dinero gastó Juan en total?"", ""solution"": ""Para encontrar el total que gastó Juan, debemos sumar el costo del juguete y el costo del libro. 12.00 + 8.00 = 20.00. Por lo tanto, Juan gastó $20.00 en total."", ""answer"": ""20.00""}",
MA04-OA-07-03,4° básico,Números y operaciones,MA04 OA 07,"Resolver problemas rutinarios y no rutinarios en contextos cotidianos que incluyen dinero, seleccionando y utilizando la operación apropiada.",resolver una situación de vuelto,Incluir dinero y permitir seleccionar la operación apropiada; no depender de imágenes.,ahorro,HuggingFaceTB/SmolLM3-3B,"Genera un problema matemático verbal para un estudiante de 4° básico.
Debe estar alineado con el siguiente Objetivo de Aprendizaje: Resolver problemas rutinarios y no rutinarios en contextos cotidianos que incluyen dinero, seleccionando y utilizando la operación apropiada.
Habilidad a evaluar: resolver una situación de vuelto.
Condiciones curriculares: Incluir dinero y permitir seleccionar la operación apropiada; no depender de imágenes..
Contexto: ahorro.
Entrega el problema, su solución y la respuesta final.
Responde únicamente con un objeto JSON válido con esta estructura: {""problem"": ""..."", ""solution"": ""..."", ""answer"": ""...""}","María decidió ahorrar dinero para comprar un juguete que cuesta 25 pesos. Si ya tiene 15 pesos en su monedero, ¿cuánto más necesita para pagar el juguete? Resuelve el problema utilizando solo la operación de resta.","Para resolver el problema, debemos restar el dinero que María ya tiene de la cantidad que necesita para el juguete. La operación será 25 pesos (precio del juguete) - 15 pesos (dinero que María tiene) = 10 pesos. Por lo tanto, María necesita 10 pesos más para comprar el juguete.",10,"{""problem"": ""María decidió ahorrar dinero para comprar un juguete que cuesta 25 pesos. Si ya tiene 15 pesos en su monedero, ¿cuánto más necesita para pagar el juguete? Resuelve el problema utilizando solo la operación de resta."", ""solution"": ""Para resolver el problema, debemos restar el dinero que María ya tiene de la cantidad que necesita para el juguete. La operación será 25 pesos (precio del juguete) - 15 pesos (dinero que María tiene) = 10 pesos. Por lo tanto, María necesita 10 pesos más para comprar el juguete."", ""answer"": ""10""}",
MA04-OA-07-04,4° básico,Números y operaciones,MA04 OA 07,"Resolver problemas rutinarios y no rutinarios en contextos cotidianos que incluyen dinero, seleccionando y utilizando la operación apropiada.",resolver una situación de ahorro,Incluir dinero y permitir seleccionar la operación apropiada; no depender de imágenes.,tienda de útiles,HuggingFaceTB/SmolLM3-3B,"Genera un problema matemático verbal para un estudiante de 4° básico.
Debe estar alineado con el siguiente Objetivo de Aprendizaje: Resolver problemas rutinarios y no rutinarios en contextos cotidianos que incluyen dinero, seleccionando y utilizando la operación apropiada.
Habilidad a evaluar: resolver una situación de ahorro.
Condiciones curriculares: Incluir dinero y permitir seleccionar la operación apropiada; no depender de imágenes..
Contexto: tienda de útiles.
Entrega el problema, su solución y la respuesta final.
Responde únicamente con un objeto JSON válido con esta estructura: {""problem"": ""..."", ""solution"": ""..."", ""answer"": ""...""}","María quiere comprar útiles escolares en la tienda de útiles. Compró 2 cuadernos a 5 pesos cada uno, 3 lápices a 2 pesos cada uno y 1 libreta a 10 pesos. ¿Cuánto dinero gastó María en total?","Primero, calculamos el costo de los cuadernos: 2 cuadernos × 5 pesos cada uno = 10 pesos. Luego, calculamos el costo de los lápices: 3 lápices × 2 pesos cada uno = 6 pesos. Finalmente, calculamos el costo de la libreta: 1 libreta × 10 pesos = 10 pesos. Sumamos todos los costos: 10 pesos + 6 pesos + 10 pesos = 26 pesos. Por lo tanto, María gastó 26 pesos en total.",26 pesos,"{""problem"": ""María quiere comprar útiles escolares en la tienda de útiles. Compró 2 cuadernos a 5 pesos cada uno, 3 lápices a 2 pesos cada uno y 1 libreta a 10 pesos. ¿Cuánto dinero gastó María en total?"", ""solution"": ""Primero, calculamos el costo de los cuadernos: 2 cuadernos × 5 pesos cada uno = 10 pesos. Luego, calculamos el costo de los lápices: 3 lápices × 2 pesos cada uno = 6 pesos. Finalmente, calculamos el costo de la libreta: 1 libreta × 10 pesos = 10 pesos. Sumamos todos los costos: 10 pesos + 6 pesos + 10 pesos = 26 pesos. Por lo tanto, María gastó 26 pesos en total."", ""answer"":  ""26 pesos""}",
MA04-OA-07-05,4° básico,Números y operaciones,MA04 OA 07,"Resolver problemas rutinarios y no rutinarios en contextos cotidianos que incluyen dinero, seleccionando y utilizando la operación apropiada.",resolver un problema no rutinario con dinero,Incluir dinero y permitir seleccionar la operación apropiada; no depender de imágenes.,entradas a un evento,HuggingFaceTB/SmolLM3-3B,"Genera un problema matemático verbal para un estudiante de 4° básico.
Debe estar alineado con el siguiente Objetivo de Aprendizaje: Resolver problemas rutinarios y no rutinarios en contextos cotidianos que incluyen dinero, seleccionando y utilizando la operación apropiada.
Habilidad a evaluar: resolver un problema no rutinario con dinero.
Condiciones curriculares: Incluir dinero y permitir seleccionar la operación apropiada; no depender de imágenes..
Contexto: entradas a un evento.
Entrega el problema, su solución y la respuesta final.
Responde únicamente con un objeto JSON válido con esta estructura: {""problem"": ""..."", ""solution"": ""..."", ""answer"": ""...""}","Un grupo de 5 amigos decidió ir a un evento donde cada uno de ellos tiene que pagar 25 pesos para entrar. Después de pagar, se dieron cuenta de que uno de ellos no pudo pagar y les pidió a los demás que le dieran 5 pesos cada uno. ¿Cuánto dinero tendrá cada uno de los 5 amigos al final del evento?","Primero, calculamos el monto total que pagaron los 5 amigos originalmente. Cada uno pagó 25 pesos, por lo que el total es 5 * 25 = 125 pesos. Luego, el amigo que no pudo pagar les pidió 5 pesos a cada uno de los otros 4 amigos, lo que suma 4 * 5 = 20 pesos. Para calcular cuánto dinero tendrá cada uno al final, restamos los 20 pesos que se le dieron a cada uno de los 5 amigos del total original. 125 - 20 = 105 pesos. Por lo tanto, cada uno de los 5 amigos tendrá 105 pesos al final del evento.",105,"{""problem"": ""Un grupo de 5 amigos decidió ir a un evento donde cada uno de ellos tiene que pagar 25 pesos para entrar. Después de pagar, se dieron cuenta de que uno de ellos no pudo pagar y les pidió a los demás que le dieran 5 pesos cada uno. ¿Cuánto dinero tendrá cada uno de los 5 amigos al final del evento?"", ""solution"": ""Primero, calculamos el monto total que pagaron los 5 amigos originalmente. Cada uno pagó 25 pesos, por lo que el total es 5 * 25 = 125 pesos. Luego, el amigo que no pudo pagar les pidió 5 pesos a cada uno de los otros 4 amigos, lo que suma 4 * 5 = 20 pesos. Para calcular cuánto dinero tendrá cada uno al final, restamos los 20 pesos que se le dieron a cada uno de los 5 amigos del total original. 125 - 20 = 105 pesos. Por lo tanto, cada uno de los 5 amigos tendrá 105 pesos al final del evento."", ""answer"": ""105""}",
MA04-OA-08-01,4° básico,Números y operaciones,MA04 OA 08,"Demostrar que comprende las fracciones con denominadores 100, 12, 10, 8, 6, 5, 4, 3, 2:
• explicando que una fracción representa la parte de un todo o de un grupo de elementos y un lugar en la recta numérica
• describiendo situaciones en las cuales se puede usar fracciones
• mostrando que una fracción puede tener representaciones diferentes
• comparando y ordenando fracciones (por ejemplo: 1/100, 1/8, 1/5, 1/4, 1/2) con material concreto y pictórico.",interpretar una fracción como parte de un todo,"Usar denominadores entre 2, 3, 4, 5, 6, 8, 10, 12 y 100 según el OA; mantener representación textual.",pizza,HuggingFaceTB/SmolLM3-3B,"Genera un problema matemático verbal para un estudiante de 4° básico.
Debe estar alineado con el siguiente Objetivo de Aprendizaje: Demostrar que comprende las fracciones con denominadores 100, 12, 10, 8, 6, 5, 4, 3, 2:
• explicando que una fracción representa la parte de un todo o de un grupo de elementos y un lugar en la recta numérica
• describiendo situaciones en las cuales se puede usar fracciones
• mostrando que una fracción puede tener representaciones diferentes
• comparando y ordenando fracciones (por ejemplo: 1/100, 1/8, 1/5, 1/4, 1/2) con material concreto y pictórico.
Habilidad a evaluar: interpretar una fracción como parte de un todo.
Condiciones curriculares: Usar denominadores entre 2, 3, 4, 5, 6, 8, 10, 12 y 100 según el OA; mantener representación textual..
Contexto: pizza.
Entrega el problema, su solución y la respuesta final.
Responde únicamente con un objeto JSON válido con esta estructura: {""problem"": ""..."", ""solution"": ""..."", ""answer"": ""...""}",Ana tiene una pizza grande que se corta en 10 partes iguales. Ana come 4 de esas partes. ¿Cuál es la parte de la pizza que le queda? Explica tu respuesta usando fracciones.,"La pizza se corta en 10 partes iguales, por lo que cada parte es 1/10 de la pizza. Ana come 4 partes, por lo que ha comido 4/10 de la pizza. Por lo tanto, la parte de la pizza que le queda es 1 - 4/10 = 6/10.",La parte de la pizza que le queda a Ana es 6/10.,"{
  ""problem"": ""Ana tiene una pizza grande que se corta en 10 partes iguales. Ana come 4 de esas partes. ¿Cuál es la parte de la pizza que le queda? Explica tu respuesta usando fracciones."",
  ""solution"": ""La pizza se corta en 10 partes iguales, por lo que cada parte es 1/10 de la pizza. Ana come 4 partes, por lo que ha comido 4/10 de la pizza. Por lo tanto, la parte de la pizza que le queda es 1 - 4/10 = 6/10."",
  ""answer"": ""La parte de la pizza que le queda a Ana es 6/10.""
}",
MA04-OA-08-02,4° básico,Números y operaciones,MA04 OA 08,"Demostrar que comprende las fracciones con denominadores 100, 12, 10, 8, 6, 5, 4, 3, 2:
• explicando que una fracción representa la parte de un todo o de un grupo de elementos y un lugar en la recta numérica
• describiendo situaciones en las cuales se puede usar fracciones
• mostrando que una fracción puede tener representaciones diferentes
• comparando y ordenando fracciones (por ejemplo: 1/100, 1/8, 1/5, 1/4, 1/2) con material concreto y pictórico.",interpretar una fracción de un grupo,"Usar denominadores entre 2, 3, 4, 5, 6, 8, 10, 12 y 100 según el OA; mantener representación textual.",recetas,HuggingFaceTB/SmolLM3-3B,"Genera un problema matemático verbal para un estudiante de 4° básico.
Debe estar alineado con el siguiente Objetivo de Aprendizaje: Demostrar que comprende las fracciones con denominadores 100, 12, 10, 8, 6, 5, 4, 3, 2:
• explicando que una fracción representa la parte de un todo o de un grupo de elementos y un lugar en la recta numérica
• describiendo situaciones en las cuales se puede usar fracciones
• mostrando que una fracción puede tener representaciones diferentes
• comparando y ordenando fracciones (por ejemplo: 1/100, 1/8, 1/5, 1/4, 1/2) con material concreto y pictórico.
Habilidad a evaluar: interpretar una fracción de un grupo.
Condiciones curriculares: Usar denominadores entre 2, 3, 4, 5, 6, 8, 10, 12 y 100 según el OA; mantener representación textual..
Contexto: recetas.
Entrega el problema, su solución y la respuesta final.
Responde únicamente con un objeto JSON válido con esta estructura: {""problem"": ""..."", ""solution"": ""..."", ""answer"": ""...""}","Una receta para hacer galletas requiere 1/2 taza de mantequilla y 1/4 taza de azúcar. Si la receta se duplica, ¿cuántas tazas de mantequilla y azúcar se necesitarán?","Para calcular cuántas tazas de mantequilla se necesitarán, multiplicamos 1/2 taza por 2, lo que da 1 taza. Para el azúcar, multiplicamos 1/4 taza por 2, lo que da 1/2 taza. Por lo tanto, se necesitarán 1 taza de mantequilla y 1/2 taza de azúcar.",La solución es 1 taza de mantequilla y 1/2 taza de azúcar.,"{""problem"": ""Una receta para hacer galletas requiere 1/2 taza de mantequilla y 1/4 taza de azúcar. Si la receta se duplica, ¿cuántas tazas de mantequilla y azúcar se necesitarán?"", ""solution"": ""Para calcular cuántas tazas de mantequilla se necesitarán, multiplicamos 1/2 taza por 2, lo que da 1 taza. Para el azúcar, multiplicamos 1/4 taza por 2, lo que da 1/2 taza. Por lo tanto, se necesitarán 1 taza de mantequilla y 1/2 taza de azúcar."", ""answer"": ""La solución es 1 taza de mantequilla y 1/2 taza de azúcar.""}",
MA04-OA-08-03,4° básico,Números y operaciones,MA04 OA 08,"Demostrar que comprende las fracciones con denominadores 100, 12, 10, 8, 6, 5, 4, 3, 2:
• explicando que una fracción representa la parte de un todo o de un grupo de elementos y un lugar en la recta numérica
• describiendo situaciones en las cuales se puede usar fracciones
• mostrando que una fracción puede tener representaciones diferentes
• comparando y ordenando fracciones (por ejemplo: 1/100, 1/8, 1/5, 1/4, 1/2) con material concreto y pictórico.",comparar fracciones,"Usar denominadores entre 2, 3, 4, 5, 6, 8, 10, 12 y 100 según el OA; mantener representación textual.",colección de objetos,HuggingFaceTB/SmolLM3-3B,"Genera un problema matemático verbal para un estudiante de 4° básico.
Debe estar alineado con el siguiente Objetivo de Aprendizaje: Demostrar que comprende las fracciones con denominadores 100, 12, 10, 8, 6, 5, 4, 3, 2:
• explicando que una fracción representa la parte de un todo o de un grupo de elementos y un lugar en la recta numérica
• describiendo situaciones en las cuales se puede usar fracciones
• mostrando que una fracción puede tener representaciones diferentes
• comparando y ordenando fracciones (por ejemplo: 1/100, 1/8, 1/5, 1/4, 1/2) con material concreto y pictórico.
Habilidad a evaluar: comparar fracciones.
Condiciones curriculares: Usar denominadores entre 2, 3, 4, 5, 6, 8, 10, 12 y 100 según el OA; mantener representación textual..
Contexto: colección de objetos.
Entrega el problema, su solución y la respuesta final.
Responde únicamente con un objeto JSON válido con esta estructura: {""problem"": ""..."", ""solution"": ""..."", ""answer"": ""...""}",Tienes una caja con 100 caramelos. Quieres distribuirlos en 8 botes iguales. ¿Cuántos caramelos tendrás en cada bote? ¿Cuál es la fracción de los caramelos en cada bote?,"Para resolver este problema, primero dividimos 100 caramelos entre 8 botes. 100 ÷ 8 = 12.5. Por lo tanto, cada bote tendrá 12.5 caramelos. La fracción de los caramelos en cada bote es 12.5/100, que se puede simplificar a 1/8.","Cada bote tendrá 12.5 caramelos, y la fracción de los caramelos en cada bote es 1/8.","{""problem"": ""Tienes una caja con 100 caramelos. Quieres distribuirlos en 8 botes iguales. ¿Cuántos caramelos tendrás en cada bote? ¿Cuál es la fracción de los caramelos en cada bote?"", ""solution"": ""Para resolver este problema, primero dividimos 100 caramelos entre 8 botes. 100 ÷ 8 = 12.5. Por lo tanto, cada bote tendrá 12.5 caramelos. La fracción de los caramelos en cada bote es 12.5/100, que se puede simplificar a 1/8."", ""answer"": ""Cada bote tendrá 12.5 caramelos, y la fracción de los caramelos en cada bote es 1/8.""}",
MA04-OA-08-04,4° básico,Números y operaciones,MA04 OA 08,"Demostrar que comprende las fracciones con denominadores 100, 12, 10, 8, 6, 5, 4, 3, 2:
• explicando que una fracción representa la parte de un todo o de un grupo de elementos y un lugar en la recta numérica
• describiendo situaciones en las cuales se puede usar fracciones
• mostrando que una fracción puede tener representaciones diferentes
• comparando y ordenando fracciones (por ejemplo: 1/100, 1/8, 1/5, 1/4, 1/2) con material concreto y pictórico.",ordenar fracciones,"Usar denominadores entre 2, 3, 4, 5, 6, 8, 10, 12 y 100 según el OA; mantener representación textual.",huerto,HuggingFaceTB/SmolLM3-3B,"Genera un problema matemático verbal para un estudiante de 4° básico.
Debe estar alineado con el siguiente Objetivo de Aprendizaje: Demostrar que comprende las fracciones con denominadores 100, 12, 10, 8, 6, 5, 4, 3, 2:
• explicando que una fracción representa la parte de un todo o de un grupo de elementos y un lugar en la recta numérica
• describiendo situaciones en las cuales se puede usar fracciones
• mostrando que una fracción puede tener representaciones diferentes
• comparando y ordenando fracciones (por ejemplo: 1/100, 1/8, 1/5, 1/4, 1/2) con material concreto y pictórico.
Habilidad a evaluar: ordenar fracciones.
Condiciones curriculares: Usar denominadores entre 2, 3, 4, 5, 6, 8, 10, 12 y 100 según el OA; mantener representación textual..
Contexto: huerto.
Entrega el problema, su solución y la respuesta final.
Responde únicamente con un objeto JSON válido con esta estructura: {""problem"": ""..."", ""solution"": ""..."", ""answer"": ""...""}","En el huerto de la escuela, hay 100 plantas. Juan, Pedro y Luis quieren repartirse las plantas de manera justa. Juan quiere que cada uno de ellos tenga la misma cantidad de plantas. Juan propone que cada uno tenga 1/2 de las plantas. Pedro sugiere que cada uno tenga 1/4 de las plantas. Luis piensa que cada uno debería tener 1/5 de las plantas. ¿Cuántas plantas tendría cada uno si siguen las sugerencias de Juan, Pedro y Luis?","Primero, calculamos cuántas plantas serían para Juan: 1/2 de 100 es 50 plantas. Para Pedro: 1/4 de 100 es 25 plantas. Para Luis: 1/5 de 100 es 20 plantas. Por lo tanto, Juan tendría 50 plantas, Pedro 25 plantas y Luis 20 plantas.","Juan tendría 50 plantas, Pedro 25 plantas y Luis 20 plantas.","{""problem"": ""En el huerto de la escuela, hay 100 plantas. Juan, Pedro y Luis quieren repartirse las plantas de manera justa. Juan quiere que cada uno de ellos tenga la misma cantidad de plantas. Juan propone que cada uno tenga 1/2 de las plantas. Pedro sugiere que cada uno tenga 1/4 de las plantas. Luis piensa que cada uno debería tener 1/5 de las plantas. ¿Cuántas plantas tendría cada uno si siguen las sugerencias de Juan, Pedro y Luis?"", ""solution"": ""Primero, calculamos cuántas plantas serían para Juan: 1/2 de 100 es 50 plantas. Para Pedro: 1/4 de 100 es 25 plantas. Para Luis: 1/5 de 100 es 20 plantas. Por lo tanto, Juan tendría 50 plantas, Pedro 25 plantas y Luis 20 plantas."", ""answer"": ""Juan tendría 50 plantas, Pedro 25 plantas y Luis 20 plantas.""}",
MA04-OA-08-05,4° básico,Números y operaciones,MA04 OA 08,"Demostrar que comprende las fracciones con denominadores 100, 12, 10, 8, 6, 5, 4, 3, 2:
• explicando que una fracción representa la parte de un todo o de un grupo de elementos y un lugar en la recta numérica
• describiendo situaciones en las cuales se puede usar fracciones
• mostrando que una fracción puede tener representaciones diferentes
• comparando y ordenando fracciones (por ejemplo: 1/100, 1/8, 1/5, 1/4, 1/2) con material concreto y pictórico.",reconocer representaciones equivalentes de una fracción,"Usar denominadores entre 2, 3, 4, 5, 6, 8, 10, 12 y 100 según el OA; mantener representación textual.",botellas,HuggingFaceTB/SmolLM3-3B,"Genera un problema matemático verbal para un estudiante de 4° básico.
Debe estar alineado con el siguiente Objetivo de Aprendizaje: Demostrar que comprende las fracciones con denominadores 100, 12, 10, 8, 6, 5, 4, 3, 2:
• explicando que una fracción representa la parte de un todo o de un grupo de elementos y un lugar en la recta numérica
• describiendo situaciones en las cuales se puede usar fracciones
• mostrando que una fracción puede tener representaciones diferentes
• comparando y ordenando fracciones (por ejemplo: 1/100, 1/8, 1/5, 1/4, 1/2) con material concreto y pictórico.
Habilidad a evaluar: reconocer representaciones equivalentes de una fracción.
Condiciones curriculares: Usar denominadores entre 2, 3, 4, 5, 6, 8, 10, 12 y 100 según el OA; mantener representación textual..
Contexto: botellas.
Entrega el problema, su solución y la respuesta final.
Responde únicamente con un objeto JSON válido con esta estructura: {""problem"": ""..."", ""solution"": ""..."", ""answer"": ""...""}","En un concurso de botellas, los participantes deben llenar botellas con agua. Hay 4 botellas grandes, cada una con capacidad de 5 litros, y 6 botellas pequeñas, cada una con capacidad de 1 litro. ¿Cuántas botellas pequeñas se necesitan para llenar las 4 botellas grandes?","Cada botella grande tiene 5 litros, por lo que 4 botellas grandes contienen un total de 4 x 5 = 20 litros de agua. Si cada botella pequeña tiene 1 litro, se necesitan 20 botellas pequeñas para llenar las 4 botellas grandes.",20 botellas pequeñas,"{""problem"": ""En un concurso de botellas, los participantes deben llenar botellas con agua. Hay 4 botellas grandes, cada una con capacidad de 5 litros, y 6 botellas pequeñas, cada una con capacidad de 1 litro. ¿Cuántas botellas pequeñas se necesitan para llenar las 4 botellas grandes?"", ""solution"": ""Cada botella grande tiene 5 litros, por lo que 4 botellas grandes contienen un total de 4 x 5 = 20 litros de agua. Si cada botella pequeña tiene 1 litro, se necesitan 20 botellas pequeñas para llenar las 4 botellas grandes."", ""answer"": ""20 botellas pequeñas""}",
MA04-OA-09-01,4° básico,Números y operaciones,MA04 OA 09,"Resolver adiciones y sustracciones de fracciones con igual denominador (denominadores 100, 12, 10, 8, 6, 5, 4, 3, 2) de manera concreta y pictórica en el contexto de la resolución de problemas.",sumar fracciones de igual denominador,Usar fracciones con igual denominador y denominadores permitidos por el OA.,recetas,HuggingFaceTB/SmolLM3-3B,"Genera un problema matemático verbal para un estudiante de 4° básico.
Debe estar alineado con el siguiente Objetivo de Aprendizaje: Resolver adiciones y sustracciones de fracciones con igual denominador (denominadores 100, 12, 10, 8, 6, 5, 4, 3, 2) de manera concreta y pictórica en el contexto de la resolución de problemas.
Habilidad a evaluar: sumar fracciones de igual denominador.
Condiciones curriculares: Usar fracciones con igual denominador y denominadores permitidos por el OA..
Contexto: recetas.
Entrega el problema, su solución y la respuesta final.
Responde únicamente con un objeto JSON válido con esta estructura: {""problem"": ""..."", ""solution"": ""..."", ""answer"": ""...""}",María está preparando un pastel de frutas para una fiesta. La receta requiere 3/4 de taza de jugo de naranja y 1/2 de taza de jugo de limón. María tiene una jarra que contiene 5/4 de taza de jugo de naranja y 3/2 de taza de jugo de limón. ¿Cuántas tazas de jugo de naranja y limón en total tiene María? Resuelve la suma de las fracciones de jugo de naranja y jugo de limón.,"Para resolver el problema, primero sumamos las fracciones de jugo de naranja y jugo de limón.

Jugo de naranja: 5/4 + 3/4 = 8/4 = 2 tazas
Jugo de limón: 3/2 + 1/2 = 4/2 = 2 tazas

En total, María tiene 2 + 2 = 4 tazas de jugo de naranja y limón.",4,"{""problem"": ""María está preparando un pastel de frutas para una fiesta. La receta requiere 3/4 de taza de jugo de naranja y 1/2 de taza de jugo de limón. María tiene una jarra que contiene 5/4 de taza de jugo de naranja y 3/2 de taza de jugo de limón. ¿Cuántas tazas de jugo de naranja y limón en total tiene María? Resuelve la suma de las fracciones de jugo de naranja y jugo de limón."", ""solution"": ""Para resolver el problema, primero sumamos las fracciones de jugo de naranja y jugo de limón.\n\nJugo de naranja: 5/4 + 3/4 = 8/4 = 2 tazas\nJugo de limón: 3/2 + 1/2 = 4/2 = 2 tazas\n\nEn total, María tiene 2 + 2 = 4 tazas de jugo de naranja y limón."", ""answer"": ""4""}",
MA04-OA-09-02,4° básico,Números y operaciones,MA04 OA 09,"Resolver adiciones y sustracciones de fracciones con igual denominador (denominadores 100, 12, 10, 8, 6, 5, 4, 3, 2) de manera concreta y pictórica en el contexto de la resolución de problemas.",restar fracciones de igual denominador,Usar fracciones con igual denominador y denominadores permitidos por el OA.,pizza,HuggingFaceTB/SmolLM3-3B,"Genera un problema matemático verbal para un estudiante de 4° básico.
Debe estar alineado con el siguiente Objetivo de Aprendizaje: Resolver adiciones y sustracciones de fracciones con igual denominador (denominadores 100, 12, 10, 8, 6, 5, 4, 3, 2) de manera concreta y pictórica en el contexto de la resolución de problemas.
Habilidad a evaluar: restar fracciones de igual denominador.
Condiciones curriculares: Usar fracciones con igual denominador y denominadores permitidos por el OA..
Contexto: pizza.
Entrega el problema, su solución y la respuesta final.
Responde únicamente con un objeto JSON válido con esta estructura: {""problem"": ""..."", ""solution"": ""..."", ""answer"": ""...""}","Un grupo de amigos se dividió una pizza en 8 partes iguales. Si 3 amigos se comieron 1/8 de la pizza cada uno, ¿cuántas partes de la pizza quedan para los demás amigos?","Para resolver este problema, primero debemos determinar cuántas partes de la pizza se comieron en total. Cada uno de los 3 amigos se comió 1/8 de la pizza, por lo que en total se comieron 3 * (1/8) = 3/8 de la pizza. Ahora, restamos esta cantidad de la pizza completa, que es 1. Entonces, 1 - 3/8 = 5/8. Esto significa que 5/8 de la pizza quedan para los demás amigos.",5/8,"{""problem"": ""Un grupo de amigos se dividió una pizza en 8 partes iguales. Si 3 amigos se comieron 1/8 de la pizza cada uno, ¿cuántas partes de la pizza quedan para los demás amigos?"", ""solution"": ""Para resolver este problema, primero debemos determinar cuántas partes de la pizza se comieron en total. Cada uno de los 3 amigos se comió 1/8 de la pizza, por lo que en total se comieron 3 * (1/8) = 3/8 de la pizza. Ahora, restamos esta cantidad de la pizza completa, que es 1. Entonces, 1 - 3/8 = 5/8. Esto significa que 5/8 de la pizza quedan para los demás amigos."", ""answer"": ""5/8""}",
MA04-OA-09-03,4° básico,Números y operaciones,MA04 OA 09,"Resolver adiciones y sustracciones de fracciones con igual denominador (denominadores 100, 12, 10, 8, 6, 5, 4, 3, 2) de manera concreta y pictórica en el contexto de la resolución de problemas.",resolver una situación de adición de fracciones,Usar fracciones con igual denominador y denominadores permitidos por el OA.,cinta,HuggingFaceTB/SmolLM3-3B,"Genera un problema matemático verbal para un estudiante de 4° básico.
Debe estar alineado con el siguiente Objetivo de Aprendizaje: Resolver adiciones y sustracciones de fracciones con igual denominador (denominadores 100, 12, 10, 8, 6, 5, 4, 3, 2) de manera concreta y pictórica en el contexto de la resolución de problemas.
Habilidad a evaluar: resolver una situación de adición de fracciones.
Condiciones curriculares: Usar fracciones con igual denominador y denominadores permitidos por el OA..
Contexto: cinta.
Entrega el problema, su solución y la respuesta final.
Responde únicamente con un objeto JSON válido con esta estructura: {""problem"": ""..."", ""solution"": ""..."", ""answer"": ""...""}",Una cinta mide 3 metros y 2/3 de metro. Se corta en dos partes. La primera parte es 1 metro y 1/6 de metro. ¿Cuánto mide la segunda parte de la cinta?,"Primero, convertimos las fracciones a un denominador común. 3 metros es igual a 300 centímetros. 2/3 de metro es igual a (2/3)*100 = 66.67 centímetros. 1 metro es igual a 100 centímetros y 1/6 de metro es igual a (1/6)*100 = 16.67 centímetros. La longitud total de la cinta es 300 + 66.67 = 366.67 centímetros. La longitud de la primera parte es 100 + 16.67 = 116.67 centímetros. La longitud de la segunda parte es 366.67 - 116.67 = 250 centímetros, que es igual a 2 metros y 50 centímetros. Por lo tanto, la segunda parte de la cinta mide 2 metros y 50 centímetros.",2 metros y 50 centímetros,"{""problem"": ""Una cinta mide 3 metros y 2/3 de metro. Se corta en dos partes. La primera parte es 1 metro y 1/6 de metro. ¿Cuánto mide la segunda parte de la cinta?"", ""solution"": ""Primero, convertimos las fracciones a un denominador común. 3 metros es igual a 300 centímetros. 2/3 de metro es igual a (2/3)*100 = 66.67 centímetros. 1 metro es igual a 100 centímetros y 1/6 de metro es igual a (1/6)*100 = 16.67 centímetros. La longitud total de la cinta es 300 + 66.67 = 366.67 centímetros. La longitud de la primera parte es 100 + 16.67 = 116.67 centímetros. La longitud de la segunda parte es 366.67 - 116.67 = 250 centímetros, que es igual a 2 metros y 50 centímetros. Por lo tanto, la segunda parte de la cinta mide 2 metros y 50 centímetros."", ""answer"": ""2 metros y 50 centímetros""}",
MA04-OA-09-04,4° básico,Números y operaciones,MA04 OA 09,"Resolver adiciones y sustracciones de fracciones con igual denominador (denominadores 100, 12, 10, 8, 6, 5, 4, 3, 2) de manera concreta y pictórica en el contexto de la resolución de problemas.",resolver una situación de sustracción de fracciones,Usar fracciones con igual denominador y denominadores permitidos por el OA.,botellas,HuggingFaceTB/SmolLM3-3B,"Genera un problema matemático verbal para un estudiante de 4° básico.
Debe estar alineado con el siguiente Objetivo de Aprendizaje: Resolver adiciones y sustracciones de fracciones con igual denominador (denominadores 100, 12, 10, 8, 6, 5, 4, 3, 2) de manera concreta y pictórica en el contexto de la resolución de problemas.
Habilidad a evaluar: resolver una situación de sustracción de fracciones.
Condiciones curriculares: Usar fracciones con igual denominador y denominadores permitidos por el OA..
Contexto: botellas.
Entrega el problema, su solución y la respuesta final.
Responde únicamente con un objeto JSON válido con esta estructura: {""problem"": ""..."", ""solution"": ""..."", ""answer"": ""...""}","En una tienda de botellas, hay 15 botellas de agua de 500 ml y 20 botellas de jugo de 300 ml. Si se venden 5 botellas de agua y 3 botellas de jugo, ¿cuántas botellas de cada tipo de bebida quedan en la tienda? Resuelve la situación de sustracción de fracciones utilizando fracciones con igual denominador.","Primero, representamos las botellas de agua y jugo como fracciones. 15 botellas de agua equivalen a 15/1 botellas, pero para usar fracciones con denominador 100, podemos considerar que cada botella es 100/100. Así, 15 botellas de agua son 15 * 100/100 = 1500/100. 20 botellas de jugo son 20 * 300/300 = 6000/300, pero para usar fracciones con denominador 300, que es común, 20 botellas de jugo son 20 * 1/15 * 300/300 = 4000/300. Sin embargo, para simplificar, podemos usar denominadores 100 y 300. 5 botellas de agua vendidas son 5 * 100/100 = 500/100. 3 botellas de jugo vendidas son 3 * 300/300 = 900/300. Ahora, restamos las botellas vendidas de las botellas disponibles: 1500/100 - 500/100 = 1000/100 botellas de agua restantes. 4000/300 - 900/300 = 3100/300 botellas de jugo restantes. Simplificando las fracciones, 1000/100 = 10 botellas de agua restantes y 3100/300 = 10.333... botellas de jugo restantes. Dado que no podemos tener una fracción de botella, redondeamos a 10 botellas de jugo restantes.",10 botellas de agua y 10 botellas de jugo quedan en la tienda.,"{""problem"": ""En una tienda de botellas, hay 15 botellas de agua de 500 ml y 20 botellas de jugo de 300 ml. Si se venden 5 botellas de agua y 3 botellas de jugo, ¿cuántas botellas de cada tipo de bebida quedan en la tienda? Resuelve la situación de sustracción de fracciones utilizando fracciones con igual denominador."", ""solution"": ""Primero, representamos las botellas de agua y jugo como fracciones. 15 botellas de agua equivalen a 15/1 botellas, pero para usar fracciones con denominador 100, podemos considerar que cada botella es 100/100. Así, 15 botellas de agua son 15 * 100/100 = 1500/100. 20 botellas de jugo son 20 * 300/300 = 6000/300, pero para usar fracciones con denominador 300, que es común, 20 botellas de jugo son 20 * 1/15 * 300/300 = 4000/300. Sin embargo, para simplificar, podemos usar denominadores 100 y 300. 5 botellas de agua vendidas son 5 * 100/100 = 500/100. 3 botellas de jugo vendidas son 3 * 300/300 = 900/300. Ahora, restamos las botellas vendidas de las botellas disponibles: 1500/100 - 500/100 = 1000/100 botellas de agua restantes. 4000/300 - 900/300 = 3100/300 botellas de jugo restantes. Simplificando las fracciones, 1000/100 = 10 botellas de agua restantes y 3100/300 = 10.333... botellas de jugo restantes. Dado que no podemos tener una fracción de botella, redondeamos a 10 botellas de jugo restantes."", ""answer"": ""10 botellas de agua y 10 botellas de jugo quedan en la tienda.""}",
MA04-OA-09-05,4° básico,Números y operaciones,MA04 OA 09,"Resolver adiciones y sustracciones de fracciones con igual denominador (denominadores 100, 12, 10, 8, 6, 5, 4, 3, 2) de manera concreta y pictórica en el contexto de la resolución de problemas.",seleccionar suma o resta de fracciones,Usar fracciones con igual denominador y denominadores permitidos por el OA.,chocolate,HuggingFaceTB/SmolLM3-3B,"Genera un problema matemático verbal para un estudiante de 4° básico.
Debe estar alineado con el siguiente Objetivo de Aprendizaje: Resolver adiciones y sustracciones de fracciones con igual denominador (denominadores 100, 12, 10, 8, 6, 5, 4, 3, 2) de manera concreta y pictórica en el contexto de la resolución de problemas.
Habilidad a evaluar: seleccionar suma o resta de fracciones.
Condiciones curriculares: Usar fracciones con igual denominador y denominadores permitidos por el OA..
Contexto: chocolate.
Entrega el problema, su solución y la respuesta final.
Responde únicamente con un objeto JSON válido con esta estructura: {""problem"": ""..."", ""solution"": ""..."", ""answer"": ""...""}","Un grupo de amigos decidió compartir un paquete de 5 barras de chocolate. Cada barra tiene 10 rebanadas. Si cada amigo quiere comer 3/10 de una barra, ¿cuántas rebanadas de chocolate comerán todos juntos?","Primero, determinamos cuántas rebanadas de chocolate tiene cada barra: 10 rebanadas. Luego, calculamos cuántas rebanadas comerá cada amigo: 3/10 de una barra es igual a (3/10) * 10 = 3 rebanadas. Si hay 5 barras, el total de rebanadas es 5 * 10 = 50 rebanadas. Si cada amigo come 3 rebanadas, el total de rebanadas que comerán todos juntos es 5 * 3 = 15 rebanadas.",15,"{""problem"": ""Un grupo de amigos decidió compartir un paquete de 5 barras de chocolate. Cada barra tiene 10 rebanadas. Si cada amigo quiere comer 3/10 de una barra, ¿cuántas rebanadas de chocolate comerán todos juntos?"", ""solution"": ""Primero, determinamos cuántas rebanadas de chocolate tiene cada barra: 10 rebanadas. Luego, calculamos cuántas rebanadas comerá cada amigo: 3/10 de una barra es igual a (3/10) * 10 = 3 rebanadas. Si hay 5 barras, el total de rebanadas es 5 * 10 = 50 rebanadas. Si cada amigo come 3 rebanadas, el total de rebanadas que comerán todos juntos es 5 * 3 = 15 rebanadas."", ""answer"": ""15""}",
MA04-OA-10-01,4° básico,Números y operaciones,MA04 OA 10,"Identificar, escribir y representar fracciones propias y los números mixtos hasta el 5 de manera concreta, pictórica y simbólica, en el contexto de la resolución de problemas.",identificar una fracción propia,Usar fracciones propias y números mixtos hasta 5; evitar requerir representación gráfica.,pizzas,HuggingFaceTB/SmolLM3-3B,"Genera un problema matemático verbal para un estudiante de 4° básico.
Debe estar alineado con el siguiente Objetivo de Aprendizaje: Identificar, escribir y representar fracciones propias y los números mixtos hasta el 5 de manera concreta, pictórica y simbólica, en el contexto de la resolución de problemas.
Habilidad a evaluar: identificar una fracción propia.
Condiciones curriculares: Usar fracciones propias y números mixtos hasta 5; evitar requerir representación gráfica..
Contexto: pizzas.
Entrega el problema, su solución y la respuesta final.
Responde únicamente con un objeto JSON válido con esta estructura: {""problem"": ""..."", ""solution"": ""..."", ""answer"": ""...""}",Se corta una pizza en 5 partes iguales. Juan come 2 de esas partes. ¿Qué parte de la pizza quedó para los demás?,"Para resolver este problema, primero debemos identificar qué parte de la pizza comió Juan. Si la pizza fue cortada en 5 partes iguales, cada parte representa la fracción 1/5. Juan comió 2 de esas partes, por lo que comió 2/5 de la pizza. Para encontrar cuánta parte de la pizza queda, restamos la parte que comió de la total. Entonces, 5/5 - 2/5 = 3/5. Por lo tanto, 3/5 de la pizza quedó para los demás.",3/5,"{""problem"": ""Se corta una pizza en 5 partes iguales. Juan come 2 de esas partes. ¿Qué parte de la pizza quedó para los demás?"", ""solution"": ""Para resolver este problema, primero debemos identificar qué parte de la pizza comió Juan. Si la pizza fue cortada en 5 partes iguales, cada parte representa la fracción 1/5. Juan comió 2 de esas partes, por lo que comió 2/5 de la pizza. Para encontrar cuánta parte de la pizza queda, restamos la parte que comió de la total. Entonces, 5/5 - 2/5 = 3/5. Por lo tanto, 3/5 de la pizza quedó para los demás."", ""answer"": ""3/5""}",
MA04-OA-10-02,4° básico,Números y operaciones,MA04 OA 10,"Identificar, escribir y representar fracciones propias y los números mixtos hasta el 5 de manera concreta, pictórica y simbólica, en el contexto de la resolución de problemas.",interpretar un número mixto,Usar fracciones propias y números mixtos hasta 5; evitar requerir representación gráfica.,litros de jugo,HuggingFaceTB/SmolLM3-3B,"Genera un problema matemático verbal para un estudiante de 4° básico.
Debe estar alineado con el siguiente Objetivo de Aprendizaje: Identificar, escribir y representar fracciones propias y los números mixtos hasta el 5 de manera concreta, pictórica y simbólica, en el contexto de la resolución de problemas.
Habilidad a evaluar: interpretar un número mixto.
Condiciones curriculares: Usar fracciones propias y números mixtos hasta 5; evitar requerir representación gráfica..
Contexto: litros de jugo.
Entrega el problema, su solución y la respuesta final.
Responde únicamente con un objeto JSON válido con esta estructura: {""problem"": ""..."", ""solution"": ""..."", ""answer"": ""...""}","Juan tiene 2 litros de jugo en una botella. Después de beber 1 litro, el jugo restante se puede expresar como un número mixto. ¿Cuál es el número mixto que representa la cantidad de jugo que queda en la botella?","Primero, calculamos cuánto jugo ha quedado. Juan bebió 1 litro de los 2 litros originales, por lo que 2 - 1 = 1 litro de jugo queda en la botella. Un litro es igual a 1 mezcla de 1 litro y 0 fracciones. Por lo tanto, la cantidad de jugo que queda en la botella es 1 mezcla.",1 mezcla,"{""problem"": ""Juan tiene 2 litros de jugo en una botella. Después de beber 1 litro, el jugo restante se puede expresar como un número mixto. ¿Cuál es el número mixto que representa la cantidad de jugo que queda en la botella?"", ""solution"": ""Primero, calculamos cuánto jugo ha quedado. Juan bebió 1 litro de los 2 litros originales, por lo que 2 - 1 = 1 litro de jugo queda en la botella. Un litro es igual a 1 mezcla de 1 litro y 0 fracciones. Por lo tanto, la cantidad de jugo que queda en la botella es 1 mezcla."", ""answer"": ""1 mezcla""}",
MA04-OA-10-03,4° básico,Números y operaciones,MA04 OA 10,"Identificar, escribir y representar fracciones propias y los números mixtos hasta el 5 de manera concreta, pictórica y simbólica, en el contexto de la resolución de problemas.",convertir una situación a número mixto,Usar fracciones propias y números mixtos hasta 5; evitar requerir representación gráfica.,metros de cinta,HuggingFaceTB/SmolLM3-3B,"Genera un problema matemático verbal para un estudiante de 4° básico.
Debe estar alineado con el siguiente Objetivo de Aprendizaje: Identificar, escribir y representar fracciones propias y los números mixtos hasta el 5 de manera concreta, pictórica y simbólica, en el contexto de la resolución de problemas.
Habilidad a evaluar: convertir una situación a número mixto.
Condiciones curriculares: Usar fracciones propias y números mixtos hasta 5; evitar requerir representación gráfica..
Contexto: metros de cinta.
Entrega el problema, su solución y la respuesta final.
Responde únicamente con un objeto JSON válido con esta estructura: {""problem"": ""..."", ""solution"": ""..."", ""answer"": ""...""}","Una cinta mide 4 metros y 1/4 de metro. Si cortas esta cinta en 2 partes iguales, ¿cuántos metros miden cada una de las partes?","Primero, convertimos la longitud total de la cinta a un número mixto: 4 metros y 1/4 de metro. Luego, dividimos este número mixto entre 2 para encontrar la longitud de cada parte. 4 metros y 1/4 de metro es igual a 4.25 metros. Dividimos 4.25 entre 2, lo que da 2.125 metros. Convertimos 2.125 metros de vuelta a un número mixto: 2 metros y 1/8 de metro. Por lo tanto, cada parte mide 2 metros y 1/8 de metro.",2 metros y 1/8 de metro,"{""problem"": ""Una cinta mide 4 metros y 1/4 de metro. Si cortas esta cinta en 2 partes iguales, ¿cuántos metros miden cada una de las partes?"", ""solution"": ""Primero, convertimos la longitud total de la cinta a un número mixto: 4 metros y 1/4 de metro. Luego, dividimos este número mixto entre 2 para encontrar la longitud de cada parte. 4 metros y 1/4 de metro es igual a 4.25 metros. Dividimos 4.25 entre 2, lo que da 2.125 metros. Convertimos 2.125 metros de vuelta a un número mixto: 2 metros y 1/8 de metro. Por lo tanto, cada parte mide 2 metros y 1/8 de metro."", ""answer"": ""2 metros y 1/8 de metro""}",
MA04-OA-10-04,4° básico,Números y operaciones,MA04 OA 10,"Identificar, escribir y representar fracciones propias y los números mixtos hasta el 5 de manera concreta, pictórica y simbólica, en el contexto de la resolución de problemas.",comparar una fracción propia con un número mixto simple,Usar fracciones propias y números mixtos hasta 5; evitar requerir representación gráfica.,chocolates,HuggingFaceTB/SmolLM3-3B,"Genera un problema matemático verbal para un estudiante de 4° básico.
Debe estar alineado con el siguiente Objetivo de Aprendizaje: Identificar, escribir y representar fracciones propias y los números mixtos hasta el 5 de manera concreta, pictórica y simbólica, en el contexto de la resolución de problemas.
Habilidad a evaluar: comparar una fracción propia con un número mixto simple.
Condiciones curriculares: Usar fracciones propias y números mixtos hasta 5; evitar requerir representación gráfica..
Contexto: chocolates.
Entrega el problema, su solución y la respuesta final.
Responde únicamente con un objeto JSON válido con esta estructura: {""problem"": ""..."", ""solution"": ""..."", ""answer"": ""...""}",Ana tiene 3 chocolates enteros y 1 chocolate medio. ¿Cuántos chocolates tiene en total si el chocolate medio equivale a 1/2 de un chocolate entero?,"Primero, convertimos los chocolates enteros a fracciones. 3 chocolates enteros equivalen a 3/1. Luego, sumamos las fracciones. 3/1 + 1/2. Para sumar estas fracciones, necesitamos un denominador común. El denominador común de 1 y 2 es 2. Entonces, 3/1 se convierte en 6/2. Ahora, sumamos 6/2 + 1/2 = 7/2. 7/2 es igual a 3 y 1/2, que es un número mixto. Por lo tanto, Ana tiene 3 y 1/2 chocolates en total.",3 y 1/2,"{""problem"": ""Ana tiene 3 chocolates enteros y 1 chocolate medio. ¿Cuántos chocolates tiene en total si el chocolate medio equivale a 1/2 de un chocolate entero?"", ""solution"": ""Primero, convertimos los chocolates enteros a fracciones. 3 chocolates enteros equivalen a 3/1. Luego, sumamos las fracciones. 3/1 + 1/2. Para sumar estas fracciones, necesitamos un denominador común. El denominador común de 1 y 2 es 2. Entonces, 3/1 se convierte en 6/2. Ahora, sumamos 6/2 + 1/2 = 7/2. 7/2 es igual a 3 y 1/2, que es un número mixto. Por lo tanto, Ana tiene 3 y 1/2 chocolates en total."", ""answer"": ""3 y 1/2""}",
MA04-OA-10-05,4° básico,Números y operaciones,MA04 OA 10,"Identificar, escribir y representar fracciones propias y los números mixtos hasta el 5 de manera concreta, pictórica y simbólica, en el contexto de la resolución de problemas.",representar simbólicamente una cantidad fraccionaria,Usar fracciones propias y números mixtos hasta 5; evitar requerir representación gráfica.,recetas,HuggingFaceTB/SmolLM3-3B,"Genera un problema matemático verbal para un estudiante de 4° básico.
Debe estar alineado con el siguiente Objetivo de Aprendizaje: Identificar, escribir y representar fracciones propias y los números mixtos hasta el 5 de manera concreta, pictórica y simbólica, en el contexto de la resolución de problemas.
Habilidad a evaluar: representar simbólicamente una cantidad fraccionaria.
Condiciones curriculares: Usar fracciones propias y números mixtos hasta 5; evitar requerir representación gráfica..
Contexto: recetas.
Entrega el problema, su solución y la respuesta final.
Responde únicamente con un objeto JSON válido con esta estructura: {""problem"": ""..."", ""solution"": ""..."", ""answer"": ""...""}",Ana tiene una receta que requiere 3/4 taza de azúcar. Ella solo tiene 1/2 taza. ¿Cuánto más azúcar necesita Ana para completar la receta?,"Para determinar cuánto más azúcar necesita Ana, primero debemos encontrar la diferencia entre 3/4 taza y 1/2 taza. Para hacer esto, necesitamos convertir ambas fracciones a una forma común. El denominador más cercano común a 4 y 2 es 4. Por lo tanto, 1/2 taza es equivalente a 2/4 taza. Ahora, restamos 2/4 taza de 3/4 taza: 3/4 - 2/4 = 1/4 taza. Por lo tanto, Ana necesita 1/4 taza más de azúcar para completar la receta.",1/4 taza,"{""problem"": ""Ana tiene una receta que requiere 3/4 taza de azúcar. Ella solo tiene 1/2 taza. ¿Cuánto más azúcar necesita Ana para completar la receta?"", ""solution"": ""Para determinar cuánto más azúcar necesita Ana, primero debemos encontrar la diferencia entre 3/4 taza y 1/2 taza. Para hacer esto, necesitamos convertir ambas fracciones a una forma común. El denominador más cercano común a 4 y 2 es 4. Por lo tanto, 1/2 taza es equivalente a 2/4 taza. Ahora, restamos 2/4 taza de 3/4 taza: 3/4 - 2/4 = 1/4 taza. Por lo tanto, Ana necesita 1/4 taza más de azúcar para completar la receta."", ""answer"": ""1/4 taza""}",
MA04-OA-11-01,4° básico,Números y operaciones,MA04 OA 11,"Describir y representar decimales (décimos y centésimos):
• representándolos en forma concreta, pictórica y simbólica, de manera manual y/o con software educativo
• comparándolos y ordenándolos hasta la centésima.",interpretar décimos,Trabajar números decimales hasta la centésima.,dinero,HuggingFaceTB/SmolLM3-3B,"Genera un problema matemático verbal para un estudiante de 4° básico.
Debe estar alineado con el siguiente Objetivo de Aprendizaje: Describir y representar decimales (décimos y centésimos):
• representándolos en forma concreta, pictórica y simbólica, de manera manual y/o con software educativo
• comparándolos y ordenándolos hasta la centésima.
Habilidad a evaluar: interpretar décimos.
Condiciones curriculares: Trabajar números decimales hasta la centésima..
Contexto: dinero.
Entrega el problema, su solución y la respuesta final.
Responde únicamente con un objeto JSON válido con esta estructura: {""problem"": ""..."", ""solution"": ""..."", ""answer"": ""...""}","¿Cuánto dinero tienes si tienes 3 monedas de 10 centavos, 2 monedas de 5 centavos y 1 moneda de 1 centavo? ¿Cómo lo escribirías en centavos y en dólares?","Primero, calculamos el total en centavos: 3 monedas de 10 centavos es 3 x 10 = 30 centavos. 2 monedas de 5 centavos es 2 x 5 = 10 centavos. 1 moneda de 1 centavo es 1 x 1 = 1 centavo. Sumando todos estos, tenemos 30 + 10 + 1 = 41 centavos. Para convertir esto a dólares, recordemos que 100 centavos son 1 dólar. Por lo tanto, 41 centavos son 0.41 dólares.",41 centavos o 0.41 dólares,"{""problem"": ""¿Cuánto dinero tienes si tienes 3 monedas de 10 centavos, 2 monedas de 5 centavos y 1 moneda de 1 centavo? ¿Cómo lo escribirías en centavos y en dólares?"", ""solution"": ""Primero, calculamos el total en centavos: 3 monedas de 10 centavos es 3 x 10 = 30 centavos. 2 monedas de 5 centavos es 2 x 5 = 10 centavos. 1 moneda de 1 centavo es 1 x 1 = 1 centavo. Sumando todos estos, tenemos 30 + 10 + 1 = 41 centavos. Para convertir esto a dólares, recordemos que 100 centavos son 1 dólar. Por lo tanto, 41 centavos son 0.41 dólares."", ""answer"": ""41 centavos o 0.41 dólares""}",
MA04-OA-11-02,4° básico,Números y operaciones,MA04 OA 11,"Describir y representar decimales (décimos y centésimos):
• representándolos en forma concreta, pictórica y simbólica, de manera manual y/o con software educativo
• comparándolos y ordenándolos hasta la centésima.",interpretar centésimos,Trabajar números decimales hasta la centésima.,longitudes,HuggingFaceTB/SmolLM3-3B,"Genera un problema matemático verbal para un estudiante de 4° básico.
Debe estar alineado con el siguiente Objetivo de Aprendizaje: Describir y representar decimales (décimos y centésimos):
• representándolos en forma concreta, pictórica y simbólica, de manera manual y/o con software educativo
• comparándolos y ordenándolos hasta la centésima.
Habilidad a evaluar: interpretar centésimos.
Condiciones curriculares: Trabajar números decimales hasta la centésima..
Contexto: longitudes.
Entrega el problema, su solución y la respuesta final.
Responde únicamente con un objeto JSON válido con esta estructura: {""problem"": ""..."", ""solution"": ""..."", ""answer"": ""...""}","En un cuarto de patio, hay una piscina rectangular. La longitud de la piscina es de 2 metros y 5 centímetros, y la anchura es de 1 metro y 25 centímetros. ¿Cuál es el área de la piscina en metros cuadrados? Responde con centésimos.","Primero, convertimos las longitudes y anchuras de la piscina a centésimos para facilitar las operaciones. La longitud es 205 centímetros y la anchura es 125 centímetros. Calculamos el área multiplicando las longitudes y anchuras: 205 cm * 125 cm = 25625 cm². Luego, convertimos los centímetros cuadrados a metros cuadrados, sabiendo que 100 cm = 1 m, por lo que 1 cm² = 0.0001 m². Por lo tanto, 25625 cm² = 25625 * 0.0001 m² = 2.5625 m². El área de la piscina es 2.5625 metros cuadrados.",2.5625,"{""problem"": ""En un cuarto de patio, hay una piscina rectangular. La longitud de la piscina es de 2 metros y 5 centímetros, y la anchura es de 1 metro y 25 centímetros. ¿Cuál es el área de la piscina en metros cuadrados? Responde con centésimos."", ""solution"": ""Primero, convertimos las longitudes y anchuras de la piscina a centésimos para facilitar las operaciones. La longitud es 205 centímetros y la anchura es 125 centímetros. Calculamos el área multiplicando las longitudes y anchuras: 205 cm * 125 cm = 25625 cm². Luego, convertimos los centímetros cuadrados a metros cuadrados, sabiendo que 100 cm = 1 m, por lo que 1 cm² = 0.0001 m². Por lo tanto, 25625 cm² = 25625 * 0.0001 m² = 2.5625 m². El área de la piscina es 2.5625 metros cuadrados."", ""answer"": ""2.5625""}",
MA04-OA-11-03,4° básico,Números y operaciones,MA04 OA 11,"Describir y representar decimales (décimos y centésimos):
• representándolos en forma concreta, pictórica y simbólica, de manera manual y/o con software educativo
• comparándolos y ordenándolos hasta la centésima.",comparar decimales,Trabajar números decimales hasta la centésima.,puntajes,HuggingFaceTB/SmolLM3-3B,"Genera un problema matemático verbal para un estudiante de 4° básico.
Debe estar alineado con el siguiente Objetivo de Aprendizaje: Describir y representar decimales (décimos y centésimos):
• representándolos en forma concreta, pictórica y simbólica, de manera manual y/o con software educativo
• comparándolos y ordenándolos hasta la centésima.
Habilidad a evaluar: comparar decimales.
Condiciones curriculares: Trabajar números decimales hasta la centésima..
Contexto: puntajes.
Entrega el problema, su solución y la respuesta final.
Responde únicamente con un objeto JSON válido con esta estructura: {""problem"": ""..."", ""solution"": ""..."", ""answer"": ""...""}","En un juego de puntajes, dos estudiantes, Ana y Luis, han recibido las siguientes puntuaciones: Ana tiene 3.5 puntos y Luis tiene 3.75 puntos. ¿Quién tiene más puntos y cuántos más puntos tiene? Representa las puntuaciones de ambos estudiantes en forma concreta, pictórica y simbólica, y compara sus puntuaciones.","Para resolver este problema, primero representamos las puntuaciones de Ana y Luis en forma concreta. Ana tiene 3.5 puntos, lo que equivale a 3 puntos y 5 décimas, o 3 unidades y 5 décimas. Luis tiene 3.75 puntos, lo que equivale a 3 puntos y 75 décimas, o 3 unidades y 75 décimas. En forma pictórica, podemos representar estas puntuaciones como 3 puntos y 5 décimas para Ana y 3 puntos y 75 décimas para Luis. En forma simbólica, podemos escribir: Ana: 3.5 y Luis: 3.75. Para comparar sus puntuaciones, vemos que Luis tiene más puntos, ya que 3.75 es mayor que 3.5. La diferencia entre las puntuaciones es 3.75 - 3.5 = 0.25 puntos. Por lo tanto, Luis tiene 0.25 puntos más que Ana.",Luis tiene más puntos. Luis tiene 0.25 puntos más que Ana.,"{""problem"": ""En un juego de puntajes, dos estudiantes, Ana y Luis, han recibido las siguientes puntuaciones: Ana tiene 3.5 puntos y Luis tiene 3.75 puntos. ¿Quién tiene más puntos y cuántos más puntos tiene? Representa las puntuaciones de ambos estudiantes en forma concreta, pictórica y simbólica, y compara sus puntuaciones."", ""solution"": ""Para resolver este problema, primero representamos las puntuaciones de Ana y Luis en forma concreta. Ana tiene 3.5 puntos, lo que equivale a 3 puntos y 5 décimas, o 3 unidades y 5 décimas. Luis tiene 3.75 puntos, lo que equivale a 3 puntos y 75 décimas, o 3 unidades y 75 décimas. En forma pictórica, podemos representar estas puntuaciones como 3 puntos y 5 décimas para Ana y 3 puntos y 75 décimas para Luis. En forma simbólica, podemos escribir: Ana: 3.5 y Luis: 3.75. Para comparar sus puntuaciones, vemos que Luis tiene más puntos, ya que 3.75 es mayor que 3.5. La diferencia entre las puntuaciones es 3.75 - 3.5 = 0.25 puntos. Por lo tanto, Luis tiene 0.25 puntos más que Ana."", ""answer"": ""Luis tiene más puntos. Luis tiene 0.25 puntos más que Ana.""}",
MA04-OA-11-04,4° básico,Números y operaciones,MA04 OA 11,"Describir y representar decimales (décimos y centésimos):
• representándolos en forma concreta, pictórica y simbólica, de manera manual y/o con software educativo
• comparándolos y ordenándolos hasta la centésima.",ordenar decimales,Trabajar números decimales hasta la centésima.,litros,HuggingFaceTB/SmolLM3-3B,"Genera un problema matemático verbal para un estudiante de 4° básico.
Debe estar alineado con el siguiente Objetivo de Aprendizaje: Describir y representar decimales (décimos y centésimos):
• representándolos en forma concreta, pictórica y simbólica, de manera manual y/o con software educativo
• comparándolos y ordenándolos hasta la centésima.
Habilidad a evaluar: ordenar decimales.
Condiciones curriculares: Trabajar números decimales hasta la centésima..
Contexto: litros.
Entrega el problema, su solución y la respuesta final.
Responde únicamente con un objeto JSON válido con esta estructura: {""problem"": ""..."", ""solution"": ""..."", ""answer"": ""...""}","En la clase de Matemáticas, el profesor les pidió a los estudiantes que ordenen los siguientes valores de menor a mayor, teniendo en cuenta que todos los valores están en litros: 0.5 litros, 0.25 litros, 0.75 litros y 0.1 litros. ¿Cuál es el orden correcto de los valores?","Para resolver este problema, primero debemos entender que los decimales representan partes de un litro. Los decimales se pueden representar de manera pictórica, por ejemplo, como círculos divididos en 10 partes (décimos) o en 100 partes (centésimos). Aquí están los valores en forma pictórica: 0.5 litros es medio litro, 0.25 litros es un cuarto de litro, 0.75 litros es tres cuartos de litro y 0.1 litros es un décimo de litro. Para ordenarlos, podemos convertirlos a centésimos: 0.5 litros es 50 centésimos, 0.25 litros es 25 centésimos, 0.75 litros es 75 centésimos y 0.1 litros es 10 centésimos. Por lo tanto, el orden correcto de los valores desde el menor hasta el mayor es: 0.1 litros, 0.25 litros, 0.5 litros, 0.75 litros.","0.1 litros, 0.25 litros, 0.5 litros, 0.75 litros","{""problem"": ""En la clase de Matemáticas, el profesor les pidió a los estudiantes que ordenen los siguientes valores de menor a mayor, teniendo en cuenta que todos los valores están en litros: 0.5 litros, 0.25 litros, 0.75 litros y 0.1 litros. ¿Cuál es el orden correcto de los valores?"", ""solution"": ""Para resolver este problema, primero debemos entender que los decimales representan partes de un litro. Los decimales se pueden representar de manera pictórica, por ejemplo, como círculos divididos en 10 partes (décimos) o en 100 partes (centésimos). Aquí están los valores en forma pictórica: 0.5 litros es medio litro, 0.25 litros es un cuarto de litro, 0.75 litros es tres cuartos de litro y 0.1 litros es un décimo de litro. Para ordenarlos, podemos convertirlos a centésimos: 0.5 litros es 50 centésimos, 0.25 litros es 25 centésimos, 0.75 litros es 75 centésimos y 0.1 litros es 10 centésimos. Por lo tanto, el orden correcto de los valores desde el menor hasta el mayor es: 0.1 litros, 0.25 litros, 0.5 litros, 0.75 litros."", ""answer"": ""0.1 litros, 0.25 litros, 0.5 litros, 0.75 litros""}",
MA04-OA-11-05,4° básico,Números y operaciones,MA04 OA 11,"Describir y representar decimales (décimos y centésimos):
• representándolos en forma concreta, pictórica y simbólica, de manera manual y/o con software educativo
• comparándolos y ordenándolos hasta la centésima.",relacionar una cantidad contextual con su representación decimal,Trabajar números decimales hasta la centésima.,tiempos,HuggingFaceTB/SmolLM3-3B,"Genera un problema matemático verbal para un estudiante de 4° básico.
Debe estar alineado con el siguiente Objetivo de Aprendizaje: Describir y representar decimales (décimos y centésimos):
• representándolos en forma concreta, pictórica y simbólica, de manera manual y/o con software educativo
• comparándolos y ordenándolos hasta la centésima.
Habilidad a evaluar: relacionar una cantidad contextual con su representación decimal.
Condiciones curriculares: Trabajar números decimales hasta la centésima..
Contexto: tiempos.
Entrega el problema, su solución y la respuesta final.
Responde únicamente con un objeto JSON válido con esta estructura: {""problem"": ""..."", ""solution"": ""..."", ""answer"": ""...""}","Un niño tiene 1.23 dólares. ¿Qué significa el número 1.23 y cómo lo puede representar de diferentes maneras? ¿Cómo lo compararía con otro valor de dinero, por ejemplo, 1.21 dólares?","El número 1.23 dólares representa 1 dólar y 23 centavos. Puede representarse de manera concreta como 1 moneda de dólar y 23 monedas de centavos. En forma pictórica, se puede dibujar 1 moneda de dólar y 23 monedas de centavos. En forma simbólica, se escribe 1.23. Para compararlo con 1.21 dólares, se ve que 1.23 es mayor que 1.21 porque tiene más centavos.","El número 1.23 dólares significa 1 dólar y 23 centavos. Puede representarse de manera concreta con 1 moneda de dólar y 23 monedas de centavos. En forma pictórica, se dibuja 1 moneda de dólar y 23 monedas de centavos. En forma simbólica, se escribe 1.23. Al compararlo con 1.21 dólares, 1.23 es mayor porque tiene 2 centavos más.","{""problem"": ""Un niño tiene 1.23 dólares. ¿Qué significa el número 1.23 y cómo lo puede representar de diferentes maneras? ¿Cómo lo compararía con otro valor de dinero, por ejemplo, 1.21 dólares?"", ""solution"": ""El número 1.23 dólares representa 1 dólar y 23 centavos. Puede representarse de manera concreta como 1 moneda de dólar y 23 monedas de centavos. En forma pictórica, se puede dibujar 1 moneda de dólar y 23 monedas de centavos. En forma simbólica, se escribe 1.23. Para compararlo con 1.21 dólares, se ve que 1.23 es mayor que 1.21 porque tiene más centavos."", ""answer"": ""El número 1.23 dólares significa 1 dólar y 23 centavos. Puede representarse de manera concreta con 1 moneda de dólar y 23 monedas de centavos. En forma pictórica, se dibuja 1 moneda de dólar y 23 monedas de centavos. En forma simbólica, se escribe 1.23. Al compararlo con 1.21 dólares, 1.23 es mayor porque tiene 2 centavos más.""}",
MA04-OA-12-01,4° básico,Números y operaciones,MA04 OA 12,"Resolver adiciones y sustracciones de decimales, empleando el valor posicional hasta la centésima en el contexto de la resolución de problemas.",sumar decimales,Usar decimales hasta la centésima y respetar el valor posicional.,dinero,HuggingFaceTB/SmolLM3-3B,"Genera un problema matemático verbal para un estudiante de 4° básico.
Debe estar alineado con el siguiente Objetivo de Aprendizaje: Resolver adiciones y sustracciones de decimales, empleando el valor posicional hasta la centésima en el contexto de la resolución de problemas.
Habilidad a evaluar: sumar decimales.
Condiciones curriculares: Usar decimales hasta la centésima y respetar el valor posicional..
Contexto: dinero.
Entrega el problema, su solución y la respuesta final.
Responde únicamente con un objeto JSON válido con esta estructura: {""problem"": ""..."", ""solution"": ""..."", ""answer"": ""...""}",María compró 2.35 dólares en manzanas y 1.75 dólares en plátanos. ¿Cuánto dinero gastó en total en frutas?,"Para resolver este problema, sumaremos los dos valores de dinero. Primero, escribimos los números en la misma posición decimales: 2.35 + 1.75 = 4.10. María gastó 4.10 dólares en frutas.",4.10,"{""problem"": ""María compró 2.35 dólares en manzanas y 1.75 dólares en plátanos. ¿Cuánto dinero gastó en total en frutas?"", ""solution"": ""Para resolver este problema, sumaremos los dos valores de dinero. Primero, escribimos los números en la misma posición decimales: 2.35 + 1.75 = 4.10. María gastó 4.10 dólares en frutas."", ""answer"": ""4.10""}",
MA04-OA-12-02,4° básico,Números y operaciones,MA04 OA 12,"Resolver adiciones y sustracciones de decimales, empleando el valor posicional hasta la centésima en el contexto de la resolución de problemas.",restar decimales,Usar decimales hasta la centésima y respetar el valor posicional.,distancias,HuggingFaceTB/SmolLM3-3B,"Genera un problema matemático verbal para un estudiante de 4° básico.
Debe estar alineado con el siguiente Objetivo de Aprendizaje: Resolver adiciones y sustracciones de decimales, empleando el valor posicional hasta la centésima en el contexto de la resolución de problemas.
Habilidad a evaluar: restar decimales.
Condiciones curriculares: Usar decimales hasta la centésima y respetar el valor posicional..
Contexto: distancias.
Entrega el problema, su solución y la respuesta final.
Responde únicamente con un objeto JSON válido con esta estructura: {""problem"": ""..."", ""solution"": ""..."", ""answer"": ""...""}","María y Ana son amigas que viven en la misma calle. María vive a 2.35 metros de la esquina de su casa, mientras que Ana vive a 3.12 metros de la esquina. ¿Cuántos metros están separadas una de la otra? Resuelve el problema utilizando decimales hasta la centésima y respetando el valor posicional.","Para resolver este problema, debemos restar la distancia que vive María de la distancia que vive Ana. Primero, escribimos las distancias como decimales hasta la centésima:

María: 2.35 metros
Ana: 3.12 metros

Ahora, restamos las distancias:

3.12 metros - 2.35 metros = 0.77 metros

Por lo tanto, María y Ana están separadas 0.77 metros.",0.77,"{""problem"": ""María y Ana son amigas que viven en la misma calle. María vive a 2.35 metros de la esquina de su casa, mientras que Ana vive a 3.12 metros de la esquina. ¿Cuántos metros están separadas una de la otra? Resuelve el problema utilizando decimales hasta la centésima y respetando el valor posicional."", ""solution"": ""Para resolver este problema, debemos restar la distancia que vive María de la distancia que vive Ana. Primero, escribimos las distancias como decimales hasta la centésima:\n\nMaría: 2.35 metros\nAna: 3.12 metros\n\nAhora, restamos las distancias:\n\n3.12 metros - 2.35 metros = 0.77 metros\n\nPor lo tanto, María y Ana están separadas 0.77 metros."", ""answer"": ""0.77""}",
MA04-OA-12-03,4° básico,Números y operaciones,MA04 OA 12,"Resolver adiciones y sustracciones de decimales, empleando el valor posicional hasta la centésima en el contexto de la resolución de problemas.",resolver un problema de adición decimal,Usar decimales hasta la centésima y respetar el valor posicional.,litros,HuggingFaceTB/SmolLM3-3B,"Genera un problema matemático verbal para un estudiante de 4° básico.
Debe estar alineado con el siguiente Objetivo de Aprendizaje: Resolver adiciones y sustracciones de decimales, empleando el valor posicional hasta la centésima en el contexto de la resolución de problemas.
Habilidad a evaluar: resolver un problema de adición decimal.
Condiciones curriculares: Usar decimales hasta la centésima y respetar el valor posicional..
Contexto: litros.
Entrega el problema, su solución y la respuesta final.
Responde únicamente con un objeto JSON válido con esta estructura: {""problem"": ""..."", ""solution"": ""..."", ""answer"": ""...""}","Juan tiene 2,5 litros de agua en su cubo de jardín. Agrega 0,75 litros más. ¿Cuántos litros de agua tiene en total ahora?","Primero, se suman los litros de agua que Juan ya tenía y los que agregó. 2,5 litros + 0,75 litros = 3,25 litros. Por lo tanto, Juan tiene 3,25 litros de agua en total.","3,25","{""problem"": ""Juan tiene 2,5 litros de agua en su cubo de jardín. Agrega 0,75 litros más. ¿Cuántos litros de agua tiene en total ahora?"", ""solution"": ""Primero, se suman los litros de agua que Juan ya tenía y los que agregó. 2,5 litros + 0,75 litros = 3,25 litros. Por lo tanto, Juan tiene 3,25 litros de agua en total."", ""answer"": ""3,25""}",
MA04-OA-12-04,4° básico,Números y operaciones,MA04 OA 12,"Resolver adiciones y sustracciones de decimales, empleando el valor posicional hasta la centésima en el contexto de la resolución de problemas.",resolver un problema de sustracción decimal,Usar decimales hasta la centésima y respetar el valor posicional.,pesos de objetos,HuggingFaceTB/SmolLM3-3B,"Genera un problema matemático verbal para un estudiante de 4° básico.
Debe estar alineado con el siguiente Objetivo de Aprendizaje: Resolver adiciones y sustracciones de decimales, empleando el valor posicional hasta la centésima en el contexto de la resolución de problemas.
Habilidad a evaluar: resolver un problema de sustracción decimal.
Condiciones curriculares: Usar decimales hasta la centésima y respetar el valor posicional..
Contexto: pesos de objetos.
Entrega el problema, su solución y la respuesta final.
Responde únicamente con un objeto JSON válido con esta estructura: {""problem"": ""..."", ""solution"": ""..."", ""answer"": ""...""}","En una tienda, una caja de lápices pesa 1.25 kg y una caja de bolígrafos pesa 2.50 kg. Si se compran juntas, ¿cuánto pesan en total?","Primero, sumamos los pesos de ambos objetos. La caja de lápices pesa 1.25 kg y la caja de bolígrafos pesa 2.50 kg. Sumando 1.25 kg + 2.50 kg, obtenemos 3.75 kg. Por lo tanto, juntas pesan 3.75 kg.",3.75 kg,"{""problem"": ""En una tienda, una caja de lápices pesa 1.25 kg y una caja de bolígrafos pesa 2.50 kg. Si se compran juntas, ¿cuánto pesan en total?"", ""solution"": ""Primero, sumamos los pesos de ambos objetos. La caja de lápices pesa 1.25 kg y la caja de bolígrafos pesa 2.50 kg. Sumando 1.25 kg + 2.50 kg, obtenemos 3.75 kg. Por lo tanto, juntas pesan 3.75 kg."", ""answer"": ""3.75 kg""}",
MA04-OA-12-05,4° básico,Números y operaciones,MA04 OA 12,"Resolver adiciones y sustracciones de decimales, empleando el valor posicional hasta la centésima en el contexto de la resolución de problemas.",seleccionar suma o resta con decimales,Usar decimales hasta la centésima y respetar el valor posicional.,marcas deportivas,HuggingFaceTB/SmolLM3-3B,"Genera un problema matemático verbal para un estudiante de 4° básico.
Debe estar alineado con el siguiente Objetivo de Aprendizaje: Resolver adiciones y sustracciones de decimales, empleando el valor posicional hasta la centésima en el contexto de la resolución de problemas.
Habilidad a evaluar: seleccionar suma o resta con decimales.
Condiciones curriculares: Usar decimales hasta la centésima y respetar el valor posicional..
Contexto: marcas deportivas.
Entrega el problema, su solución y la respuesta final.
Responde únicamente con un objeto JSON válido con esta estructura: {""problem"": ""..."", ""solution"": ""..."", ""answer"": ""...""}","En una competencia de marcas deportivas, un atleta logra correr 2.45 metros en su primer intento y 1.75 metros en su segundo intento. ¿Cuántos metros en total logró correr el atleta en los dos intentos?","Para resolver este problema, primero sumamos los metros corridos en el primer intento y el segundo intento. 2.45 + 1.75 = 4.20 metros. Por lo tanto, el atleta logró correr un total de 4.20 metros.",4.20,"{""problem"": ""En una competencia de marcas deportivas, un atleta logra correr 2.45 metros en su primer intento y 1.75 metros en su segundo intento. ¿Cuántos metros en total logró correr el atleta en los dos intentos?"", ""solution"": ""Para resolver este problema, primero sumamos los metros corridos en el primer intento y el segundo intento. 2.45 + 1.75 = 4.20 metros. Por lo tanto, el atleta logró correr un total de 4.20 metros."", ""answer"": ""4.20""}",
MA04-OA-14-01,4° básico,Patrones y álgebra,MA04 OA 14,"Resolver ecuaciones e inecuaciones de un paso que involucren adiciones y sustracciones, comprobando los resultados en forma pictórica y simbólica del 0 al 100 y aplicando las relaciones inversas entre la adición y la sustracción.",resolver una ecuación de suma,Usar ecuaciones o inecuaciones de un paso con adición/sustracción y valores entre 0 y 100.,ahorro,HuggingFaceTB/SmolLM3-3B,"Genera un problema matemático verbal para un estudiante de 4° básico.
Debe estar alineado con el siguiente Objetivo de Aprendizaje: Resolver ecuaciones e inecuaciones de un paso que involucren adiciones y sustracciones, comprobando los resultados en forma pictórica y simbólica del 0 al 100 y aplicando las relaciones inversas entre la adición y la sustracción.
Habilidad a evaluar: resolver una ecuación de suma.
Condiciones curriculares: Usar ecuaciones o inecuaciones de un paso con adición/sustracción y valores entre 0 y 100..
Contexto: ahorro.
Entrega el problema, su solución y la respuesta final.
Responde únicamente con un objeto JSON válido con esta estructura: {""problem"": ""..."", ""solution"": ""..."", ""answer"": ""...""}",María tiene 45 monedas de 5 centavos. ¿Cuántas monedas de 5 centavos le faltarían para tener 85 monedas en total? Resuelve la ecuación: 85 - 45 = x.,"Para resolver esta ecuación, primero realizamos la resta: 85 - 45 = 40. Por lo tanto, María le faltarían 40 monedas de 5 centavos para tener 85 monedas en total.",40,"{""problem"": ""María tiene 45 monedas de 5 centavos. ¿Cuántas monedas de 5 centavos le faltarían para tener 85 monedas en total? Resuelve la ecuación: 85 - 45 = x."", ""solution"": ""Para resolver esta ecuación, primero realizamos la resta: 85 - 45 = 40. Por lo tanto, María le faltarían 40 monedas de 5 centavos para tener 85 monedas en total."", ""answer"": ""40""}",
MA04-OA-14-02,4° básico,Patrones y álgebra,MA04 OA 14,"Resolver ecuaciones e inecuaciones de un paso que involucren adiciones y sustracciones, comprobando los resultados en forma pictórica y simbólica del 0 al 100 y aplicando las relaciones inversas entre la adición y la sustracción.",resolver una ecuación de resta,Usar ecuaciones o inecuaciones de un paso con adición/sustracción y valores entre 0 y 100.,colecciones,HuggingFaceTB/SmolLM3-3B,"Genera un problema matemático verbal para un estudiante de 4° básico.
Debe estar alineado con el siguiente Objetivo de Aprendizaje: Resolver ecuaciones e inecuaciones de un paso que involucren adiciones y sustracciones, comprobando los resultados en forma pictórica y simbólica del 0 al 100 y aplicando las relaciones inversas entre la adición y la sustracción.
Habilidad a evaluar: resolver una ecuación de resta.
Condiciones curriculares: Usar ecuaciones o inecuaciones de un paso con adición/sustracción y valores entre 0 y 100..
Contexto: colecciones.
Entrega el problema, su solución y la respuesta final.
Responde únicamente con un objeto JSON válido con esta estructura: {""problem"": ""..."", ""solution"": ""..."", ""answer"": ""...""}","En una caja hay 15 manzanas. Si se sacan 7 manzanas, ¿cuántas manzanas quedan en la caja? Puedes usar una recta numérica para ayudarte a resolver el problema.","Para resolver este problema, podemos usar una recta numérica para visualizar la resta. Comenzamos en 15 y bajamos 7 unidades. 15 - 7 = 8. Por lo tanto, hay 8 manzanas en la caja.",8,"{""problem"": ""En una caja hay 15 manzanas. Si se sacan 7 manzanas, ¿cuántas manzanas quedan en la caja? Puedes usar una recta numérica para ayudarte a resolver el problema."", ""solution"": ""Para resolver este problema, podemos usar una recta numérica para visualizar la resta. Comenzamos en 15 y bajamos 7 unidades. 15 - 7 = 8. Por lo tanto, hay 8 manzanas en la caja."", ""answer"": ""8""}",
MA04-OA-14-03,4° básico,Patrones y álgebra,MA04 OA 14,"Resolver ecuaciones e inecuaciones de un paso que involucren adiciones y sustracciones, comprobando los resultados en forma pictórica y simbólica del 0 al 100 y aplicando las relaciones inversas entre la adición y la sustracción.",resolver una inecuación de suma,Usar ecuaciones o inecuaciones de un paso con adición/sustracción y valores entre 0 y 100.,puntajes,HuggingFaceTB/SmolLM3-3B,"Genera un problema matemático verbal para un estudiante de 4° básico.
Debe estar alineado con el siguiente Objetivo de Aprendizaje: Resolver ecuaciones e inecuaciones de un paso que involucren adiciones y sustracciones, comprobando los resultados en forma pictórica y simbólica del 0 al 100 y aplicando las relaciones inversas entre la adición y la sustracción.
Habilidad a evaluar: resolver una inecuación de suma.
Condiciones curriculares: Usar ecuaciones o inecuaciones de un paso con adición/sustracción y valores entre 0 y 100..
Contexto: puntajes.
Entrega el problema, su solución y la respuesta final.
Responde únicamente con un objeto JSON válido con esta estructura: {""problem"": ""..."", ""solution"": ""..."", ""answer"": ""...""}","Un estudiante de 4to grado obtuvo 20 puntos en su primer examen. Cada día que repasa los temas del examen, gana 5 puntos. ¿Cuántos días necesita repasar para tener al menos 50 puntos en total?","Para resolver esta inecuación, comenzamos con los puntos que ya tiene el estudiante: 20 puntos. Cada día que repasa, gana 5 puntos. Queremos que el total de puntos sea al menos 50. Entonces, podemos escribir la siguiente inecuación: 20 + 5x ≥ 50, donde x representa el número de días que repasa. Para encontrar x, restamos 20 de ambos lados: 5x ≥ 30. Luego, dividimos ambos lados por 5: x ≥ 6. Esto significa que el estudiante necesita repasar al menos 6 días para tener al menos 50 puntos en total.",6,"{""problem"": ""Un estudiante de 4to grado obtuvo 20 puntos en su primer examen. Cada día que repasa los temas del examen, gana 5 puntos. ¿Cuántos días necesita repasar para tener al menos 50 puntos en total?"", ""solution"": ""Para resolver esta inecuación, comenzamos con los puntos que ya tiene el estudiante: 20 puntos. Cada día que repasa, gana 5 puntos. Queremos que el total de puntos sea al menos 50. Entonces, podemos escribir la siguiente inecuación: 20 + 5x ≥ 50, donde x representa el número de días que repasa. Para encontrar x, restamos 20 de ambos lados: 5x ≥ 30. Luego, dividimos ambos lados por 5: x ≥ 6. Esto significa que el estudiante necesita repasar al menos 6 días para tener al menos 50 puntos en total."", ""answer"": ""6""}",
MA04-OA-14-04,4° básico,Patrones y álgebra,MA04 OA 14,"Resolver ecuaciones e inecuaciones de un paso que involucren adiciones y sustracciones, comprobando los resultados en forma pictórica y simbólica del 0 al 100 y aplicando las relaciones inversas entre la adición y la sustracción.",resolver una inecuación de resta,Usar ecuaciones o inecuaciones de un paso con adición/sustracción y valores entre 0 y 100.,entradas,HuggingFaceTB/SmolLM3-3B,"Genera un problema matemático verbal para un estudiante de 4° básico.
Debe estar alineado con el siguiente Objetivo de Aprendizaje: Resolver ecuaciones e inecuaciones de un paso que involucren adiciones y sustracciones, comprobando los resultados en forma pictórica y simbólica del 0 al 100 y aplicando las relaciones inversas entre la adición y la sustracción.
Habilidad a evaluar: resolver una inecuación de resta.
Condiciones curriculares: Usar ecuaciones o inecuaciones de un paso con adición/sustracción y valores entre 0 y 100..
Contexto: entradas.
Entrega el problema, su solución y la respuesta final.
Responde únicamente con un objeto JSON válido con esta estructura: {""problem"": ""..."", ""solution"": ""..."", ""answer"": ""...""}",María tiene 45 manzanas. Le da 15 manzanas a sus amigos. ¿Cuántas manzanas le quedan a María?,"Primero, resta 15 manzanas de 45 manzanas:
45 - 15 = 30
María le queda 30 manzanas.",30,"{""problem"": ""María tiene 45 manzanas. Le da 15 manzanas a sus amigos. ¿Cuántas manzanas le quedan a María?"", ""solution"": ""Primero, resta 15 manzanas de 45 manzanas:\n45 - 15 = 30\nMaría le queda 30 manzanas."", ""answer"": ""30""}",
MA04-OA-14-05,4° básico,Patrones y álgebra,MA04 OA 14,"Resolver ecuaciones e inecuaciones de un paso que involucren adiciones y sustracciones, comprobando los resultados en forma pictórica y simbólica del 0 al 100 y aplicando las relaciones inversas entre la adición y la sustracción.",comprobar una solución con la operación inversa,Usar ecuaciones o inecuaciones de un paso con adición/sustracción y valores entre 0 y 100.,cantidad de objetos,HuggingFaceTB/SmolLM3-3B,"Genera un problema matemático verbal para un estudiante de 4° básico.
Debe estar alineado con el siguiente Objetivo de Aprendizaje: Resolver ecuaciones e inecuaciones de un paso que involucren adiciones y sustracciones, comprobando los resultados en forma pictórica y simbólica del 0 al 100 y aplicando las relaciones inversas entre la adición y la sustracción.
Habilidad a evaluar: comprobar una solución con la operación inversa.
Condiciones curriculares: Usar ecuaciones o inecuaciones de un paso con adición/sustracción y valores entre 0 y 100..
Contexto: cantidad de objetos.
Entrega el problema, su solución y la respuesta final.
Responde únicamente con un objeto JSON válido con esta estructura: {""problem"": ""..."", ""solution"": ""..."", ""answer"": ""...""}","Había 45 manzanas en una caja. Si se agregaron 23 manzanas, ¿cuántas manzanas hay en total en la caja? Luego, si se quitaron 12 manzanas, ¿cuántas manzanas quedan en la caja? Comprueba tus respuestas utilizando la operación inversa.","Primero, sumamos las manzanas: 45 + 23 = 68 manzanas. Luego, restamos las manzanas que se quitaron: 68 - 12 = 56 manzanas.",56,"{""problem"": ""Había 45 manzanas en una caja. Si se agregaron 23 manzanas, ¿cuántas manzanas hay en total en la caja? Luego, si se quitaron 12 manzanas, ¿cuántas manzanas quedan en la caja? Comprueba tus respuestas utilizando la operación inversa."", ""solution"": ""Primero, sumamos las manzanas: 45 + 23 = 68 manzanas. Luego, restamos las manzanas que se quitaron: 68 - 12 = 56 manzanas."", ""answer"": ""56""}",
MA04-OA-21-01,4° básico,Medición,MA04 OA 21,"Realizar conversiones entre unidades de tiempo en el contexto de la resolución de problemas: el número de segundos en un minuto, el número de minutos en una hora, el número de días en un mes y el número de meses en un año.",convertir minutos a segundos,Usar las equivalencias temporales indicadas por el OA; evitar calendarios ambiguos cuando el número de días del mes importe.,entrenamiento,HuggingFaceTB/SmolLM3-3B,"Genera un problema matemático verbal para un estudiante de 4° básico.
Debe estar alineado con el siguiente Objetivo de Aprendizaje: Realizar conversiones entre unidades de tiempo en el contexto de la resolución de problemas: el número de segundos en un minuto, el número de minutos en una hora, el número de días en un mes y el número de meses en un año.
Habilidad a evaluar: convertir minutos a segundos.
Condiciones curriculares: Usar las equivalencias temporales indicadas por el OA; evitar calendarios ambiguos cuando el número de días del mes importe..
Contexto: entrenamiento.
Entrega el problema, su solución y la respuesta final.
Responde únicamente con un objeto JSON válido con esta estructura: {""problem"": ""..."", ""solution"": ""..."", ""answer"": ""...""}","Un niño está jugando y decide que quiere hacer una actividad durante 5 minutos. Si cada minuto tiene 60 segundos, ¿cuántos segundos durará su actividad de juego?","Para encontrar el número de segundos en 5 minutos, multiplicamos 5 minutos por 60 segundos por minuto. 5 minutos × 60 segundos/minute = 300 segundos.",300,"{""problem"": ""Un niño está jugando y decide que quiere hacer una actividad durante 5 minutos. Si cada minuto tiene 60 segundos, ¿cuántos segundos durará su actividad de juego?"", ""solution"": ""Para encontrar el número de segundos en 5 minutos, multiplicamos 5 minutos por 60 segundos por minuto. 5 minutos × 60 segundos/minute = 300 segundos."", ""answer"": ""300""}",
MA04-OA-21-02,4° básico,Medición,MA04 OA 21,"Realizar conversiones entre unidades de tiempo en el contexto de la resolución de problemas: el número de segundos en un minuto, el número de minutos en una hora, el número de días en un mes y el número de meses en un año.",convertir horas a minutos,Usar las equivalencias temporales indicadas por el OA; evitar calendarios ambiguos cuando el número de días del mes importe.,horario escolar,HuggingFaceTB/SmolLM3-3B,"Genera un problema matemático verbal para un estudiante de 4° básico.
Debe estar alineado con el siguiente Objetivo de Aprendizaje: Realizar conversiones entre unidades de tiempo en el contexto de la resolución de problemas: el número de segundos en un minuto, el número de minutos en una hora, el número de días en un mes y el número de meses en un año.
Habilidad a evaluar: convertir horas a minutos.
Condiciones curriculares: Usar las equivalencias temporales indicadas por el OA; evitar calendarios ambiguos cuando el número de días del mes importe..
Contexto: horario escolar.
Entrega el problema, su solución y la respuesta final.
Responde únicamente con un objeto JSON válido con esta estructura: {""problem"": ""..."", ""solution"": ""..."", ""answer"": ""...""}",María tiene que llegar a la escuela a tiempo. El horario escolar comienza a las 8:00 a. m. y dura 2 horas y 15 minutos. ¿Cuándo llegará María a la escuela si comienza a caminar a las 7:30 a. m. y tarda 20 minutos en llegar a la escuela?,"Primero, calculamos la duración total del horario escolar en minutos. 2 horas equivalen a 120 minutos, y 15 minutos son 15 minutos. Por lo tanto, 120 + 15 = 135 minutos. María comienza a caminar a las 7:30 a. m. y tarda 20 minutos en llegar a la escuela. Entonces, 7:30 a. m. + 20 minutos = 7:50 a. m. Luego, sumamos los 135 minutos del horario escolar a las 7:50 a. m. 7:50 a. m. + 1 hora = 8:50 a. m. 8:50 a. m. + 35 minutos = 9:25 a. m. Por lo tanto, María llegará a la escuela a las 9:25 a. m.",9:25 a. m.,"{""problem"": ""María tiene que llegar a la escuela a tiempo. El horario escolar comienza a las 8:00 a. m. y dura 2 horas y 15 minutos. ¿Cuándo llegará María a la escuela si comienza a caminar a las 7:30 a. m. y tarda 20 minutos en llegar a la escuela?"", ""solution"": ""Primero, calculamos la duración total del horario escolar en minutos. 2 horas equivalen a 120 minutos, y 15 minutos son 15 minutos. Por lo tanto, 120 + 15 = 135 minutos. María comienza a caminar a las 7:30 a. m. y tarda 20 minutos en llegar a la escuela. Entonces, 7:30 a. m. + 20 minutos = 7:50 a. m. Luego, sumamos los 135 minutos del horario escolar a las 7:50 a. m. 7:50 a. m. + 1 hora = 8:50 a. m. 8:50 a. m. + 35 minutos = 9:25 a. m. Por lo tanto, María llegará a la escuela a las 9:25 a. m."", ""answer"": ""9:25 a. m.""}",
MA04-OA-21-03,4° básico,Medición,MA04 OA 21,"Realizar conversiones entre unidades de tiempo en el contexto de la resolución de problemas: el número de segundos en un minuto, el número de minutos en una hora, el número de días en un mes y el número de meses en un año.",relacionar días y meses en un contexto,Usar las equivalencias temporales indicadas por el OA; evitar calendarios ambiguos cuando el número de días del mes importe.,viaje,HuggingFaceTB/SmolLM3-3B,"Genera un problema matemático verbal para un estudiante de 4° básico.
Debe estar alineado con el siguiente Objetivo de Aprendizaje: Realizar conversiones entre unidades de tiempo en el contexto de la resolución de problemas: el número de segundos en un minuto, el número de minutos en una hora, el número de días en un mes y el número de meses en un año.
Habilidad a evaluar: relacionar días y meses en un contexto.
Condiciones curriculares: Usar las equivalencias temporales indicadas por el OA; evitar calendarios ambiguos cuando el número de días del mes importe..
Contexto: viaje.
Entrega el problema, su solución y la respuesta final.
Responde únicamente con un objeto JSON válido con esta estructura: {""problem"": ""..."", ""solution"": ""..."", ""answer"": ""...""}","Un niño está planeando un viaje de 3 meses a otro país. Si cada mes tiene aproximadamente 30 días, ¿cuántos días en total durará su viaje?","Para resolver este problema, primero debemos convertir los meses a días. Dado que cada mes tiene 30 días, multiplicamos 3 meses por 30 días por mes. Esto da 3 * 30 = 90 días. Por lo tanto, el viaje durará 90 días en total.",90,"{""problem"": ""Un niño está planeando un viaje de 3 meses a otro país. Si cada mes tiene aproximadamente 30 días, ¿cuántos días en total durará su viaje?"", ""solution"": ""Para resolver este problema, primero debemos convertir los meses a días. Dado que cada mes tiene 30 días, multiplicamos 3 meses por 30 días por mes. Esto da 3 * 30 = 90 días. Por lo tanto, el viaje durará 90 días en total."", ""answer"": ""90""}",
MA04-OA-21-04,4° básico,Medición,MA04 OA 21,"Realizar conversiones entre unidades de tiempo en el contexto de la resolución de problemas: el número de segundos en un minuto, el número de minutos en una hora, el número de días en un mes y el número de meses en un año.",relacionar meses y años,Usar las equivalencias temporales indicadas por el OA; evitar calendarios ambiguos cuando el número de días del mes importe.,actividad recreativa,HuggingFaceTB/SmolLM3-3B,"Genera un problema matemático verbal para un estudiante de 4° básico.
Debe estar alineado con el siguiente Objetivo de Aprendizaje: Realizar conversiones entre unidades de tiempo en el contexto de la resolución de problemas: el número de segundos en un minuto, el número de minutos en una hora, el número de días en un mes y el número de meses en un año.
Habilidad a evaluar: relacionar meses y años.
Condiciones curriculares: Usar las equivalencias temporales indicadas por el OA; evitar calendarios ambiguos cuando el número de días del mes importe..
Contexto: actividad recreativa.
Entrega el problema, su solución y la respuesta final.
Responde únicamente con un objeto JSON válido con esta estructura: {""problem"": ""..."", ""solution"": ""..."", ""answer"": ""...""}","María y sus amigos decidieron pasar el día jugando al fútbol. Si juegan durante 2 horas y 30 minutos, ¿cuántos minutos jugarán en total? (Recuerda que hay 60 minutos en una hora).","Primero, convertimos las 2 horas en minutos. 2 horas = 2 * 60 minutos = 120 minutos. Luego, sumamos los 30 minutos adicionales. 120 minutos + 30 minutos = 150 minutos. Por lo tanto, jugarán 150 minutos en total.",150,"{""problem"": ""María y sus amigos decidieron pasar el día jugando al fútbol. Si juegan durante 2 horas y 30 minutos, ¿cuántos minutos jugarán en total? (Recuerda que hay 60 minutos en una hora)."", ""solution"": ""Primero, convertimos las 2 horas en minutos. 2 horas = 2 * 60 minutos = 120 minutos. Luego, sumamos los 30 minutos adicionales. 120 minutos + 30 minutos = 150 minutos. Por lo tanto, jugarán 150 minutos en total."", ""answer"":  ""150""}",
MA04-OA-21-05,4° básico,Medición,MA04 OA 21,"Realizar conversiones entre unidades de tiempo en el contexto de la resolución de problemas: el número de segundos en un minuto, el número de minutos en una hora, el número de días en un mes y el número de meses en un año.",resolver un problema con conversión de tiempo,Usar las equivalencias temporales indicadas por el OA; evitar calendarios ambiguos cuando el número de días del mes importe.,proyecto,HuggingFaceTB/SmolLM3-3B,"Genera un problema matemático verbal para un estudiante de 4° básico.
Debe estar alineado con el siguiente Objetivo de Aprendizaje: Realizar conversiones entre unidades de tiempo en el contexto de la resolución de problemas: el número de segundos en un minuto, el número de minutos en una hora, el número de días en un mes y el número de meses en un año.
Habilidad a evaluar: resolver un problema con conversión de tiempo.
Condiciones curriculares: Usar las equivalencias temporales indicadas por el OA; evitar calendarios ambiguos cuando el número de días del mes importe..
Contexto: proyecto.
Entrega el problema, su solución y la respuesta final.
Responde únicamente con un objeto JSON válido con esta estructura: {""problem"": ""..."", ""solution"": ""..."", ""answer"": ""...""}","En una clase de 4to grado, el profesor decidió realizar un proyecto sobre el tiempo. Los estudiantes deben convertir el tiempo de una hora en minutos, el tiempo de un mes en días, y el tiempo de un año en meses. El proyecto incluye resolver problemas que requieren estas conversiones. Por ejemplo, si un estudiante tarda 60 minutos en completar una tarea, ¿cuántos segundos tardará en completarla? Si un mes tiene 30 días, ¿cuántos meses tiene un año de 365 días? ¿Cuántos meses tiene un año de 360 días? Resuelve estos problemas y explica tus respuestas.","Para resolver estos problemas, utilizaremos las equivalencias temporales siguientes: 1 hora = 60 minutos, 1 mes = 30 días, y 1 año = 12 meses. Si un estudiante tarda 60 minutos en completar una tarea, para convertirlo a segundos, multiplicamos 60 minutos por 60 segundos por minuto, lo que da 60 × 60 = 3600 segundos. Si un mes tiene 30 días, para convertirlo a meses en un año de 365 días, dividimos 365 días entre 30 días por mes, lo que da 365 ÷ 30 = 12.1666... meses. Para un año de 360 días, dividimos 360 días entre 30 días por mes, lo que da 360 ÷ 30 = 12 meses.","El tiempo de 60 minutos es igual a 3600 segundos. Un año de 365 días tiene aproximadamente 12.1666 meses, y un año de 360 días tiene exactamente 12 meses.","{""problem"": ""En una clase de 4to grado, el profesor decidió realizar un proyecto sobre el tiempo. Los estudiantes deben convertir el tiempo de una hora en minutos, el tiempo de un mes en días, y el tiempo de un año en meses. El proyecto incluye resolver problemas que requieren estas conversiones. Por ejemplo, si un estudiante tarda 60 minutos en completar una tarea, ¿cuántos segundos tardará en completarla? Si un mes tiene 30 días, ¿cuántos meses tiene un año de 365 días? ¿Cuántos meses tiene un año de 360 días? Resuelve estos problemas y explica tus respuestas."", ""solution"": ""Para resolver estos problemas, utilizaremos las equivalencias temporales siguientes: 1 hora = 60 minutos, 1 mes = 30 días, y 1 año = 12 meses. Si un estudiante tarda 60 minutos en completar una tarea, para convertirlo a segundos, multiplicamos 60 minutos por 60 segundos por minuto, lo que da 60 × 60 = 3600 segundos. Si un mes tiene 30 días, para convertirlo a meses en un año de 365 días, dividimos 365 días entre 30 días por mes, lo que da 365 ÷ 30 = 12.1666... meses. Para un año de 360 días, dividimos 360 días entre 30 días por mes, lo que da 360 ÷ 30 = 12 meses."", ""answer"": ""El tiempo de 60 minutos es igual a 3600 segundos. Un año de 365 días tiene aproximadamente 12.1666 meses, y un año de 360 días tiene exactamente 12 meses.""}",
MA04-OA-22-01,4° básico,Medición,MA04 OA 22,"Medir longitudes con unidades estandarizadas (m, cm) y realizar transformaciones entre estas unidades (m a cm y viceversa) en el contexto de la resolución de problemas.",convertir metros a centímetros,Usar solo metros y centímetros y conversiones m↔cm.,sala de clases,HuggingFaceTB/SmolLM3-3B,"Genera un problema matemático verbal para un estudiante de 4° básico.
Debe estar alineado con el siguiente Objetivo de Aprendizaje: Medir longitudes con unidades estandarizadas (m, cm) y realizar transformaciones entre estas unidades (m a cm y viceversa) en el contexto de la resolución de problemas.
Habilidad a evaluar: convertir metros a centímetros.
Condiciones curriculares: Usar solo metros y centímetros y conversiones m↔cm..
Contexto: sala de clases.
Entrega el problema, su solución y la respuesta final.
Responde únicamente con un objeto JSON válido con esta estructura: {""problem"": ""..."", ""solution"": ""..."", ""answer"": ""...""}","En la sala de clases, la mesa mide 2 metros de largo. ¿Cuántos centímetros mide la mesa? Responde con tu respuesta final.","Primero, convertimos los metros a centímetros. Sabemos que 1 metro es igual a 100 centímetros. Por lo tanto, 2 metros son 2 x 100 = 200 centímetros. La mesa mide 200 centímetros de largo.",200,"{""problem"": ""En la sala de clases, la mesa mide 2 metros de largo. ¿Cuántos centímetros mide la mesa? Responde con tu respuesta final."", ""solution"": ""Primero, convertimos los metros a centímetros. Sabemos que 1 metro es igual a 100 centímetros. Por lo tanto, 2 metros son 2 x 100 = 200 centímetros. La mesa mide 200 centímetros de largo."", ""answer"": ""200""}",
MA04-OA-22-02,4° básico,Medición,MA04 OA 22,"Medir longitudes con unidades estandarizadas (m, cm) y realizar transformaciones entre estas unidades (m a cm y viceversa) en el contexto de la resolución de problemas.",convertir centímetros a metros,Usar solo metros y centímetros y conversiones m↔cm.,jardín,HuggingFaceTB/SmolLM3-3B,"Genera un problema matemático verbal para un estudiante de 4° básico.
Debe estar alineado con el siguiente Objetivo de Aprendizaje: Medir longitudes con unidades estandarizadas (m, cm) y realizar transformaciones entre estas unidades (m a cm y viceversa) en el contexto de la resolución de problemas.
Habilidad a evaluar: convertir centímetros a metros.
Condiciones curriculares: Usar solo metros y centímetros y conversiones m↔cm..
Contexto: jardín.
Entrega el problema, su solución y la respuesta final.
Responde únicamente con un objeto JSON válido con esta estructura: {""problem"": ""..."", ""solution"": ""..."", ""answer"": ""...""}","En el jardín de la escuela, la longitud de la valla es de 4 metros. Si se desea convertir esta medida a centímetros, ¿cuántos centímetros tendría la valla?","Para convertir 4 metros a centímetros, multiplicamos 4 metros por 100 centímetros por metro. 4 metros × 100 cm/m = 400 cm. Por lo tanto, la longitud de la valla en centímetros es 400 cm.",400,"{""problem"": ""En el jardín de la escuela, la longitud de la valla es de 4 metros. Si se desea convertir esta medida a centímetros, ¿cuántos centímetros tendría la valla?"", ""solution"": ""Para convertir 4 metros a centímetros, multiplicamos 4 metros por 100 centímetros por metro. 4 metros × 100 cm/m = 400 cm. Por lo tanto, la longitud de la valla en centímetros es 400 cm."", ""answer"": ""400""}",
MA04-OA-22-03,4° básico,Medición,MA04 OA 22,"Medir longitudes con unidades estandarizadas (m, cm) y realizar transformaciones entre estas unidades (m a cm y viceversa) en el contexto de la resolución de problemas.",resolver una medición en metros,Usar solo metros y centímetros y conversiones m↔cm.,cinta,HuggingFaceTB/SmolLM3-3B,"Genera un problema matemático verbal para un estudiante de 4° básico.
Debe estar alineado con el siguiente Objetivo de Aprendizaje: Medir longitudes con unidades estandarizadas (m, cm) y realizar transformaciones entre estas unidades (m a cm y viceversa) en el contexto de la resolución de problemas.
Habilidad a evaluar: resolver una medición en metros.
Condiciones curriculares: Usar solo metros y centímetros y conversiones m↔cm..
Contexto: cinta.
Entrega el problema, su solución y la respuesta final.
Responde únicamente con un objeto JSON válido con esta estructura: {""problem"": ""..."", ""solution"": ""..."", ""answer"": ""...""}",Una cinta de pintura mide 5 metros. ¿Cuántos centímetros tiene esta cinta de pintura?,"Primero, convertimos los metros a centímetros. Sabemos que 1 metro es igual a 100 centímetros. Por lo tanto, 5 metros es igual a 5 x 100 = 500 centímetros. La cinta de pintura mide 500 centímetros.",500,"{""problem"": ""Una cinta de pintura mide 5 metros. ¿Cuántos centímetros tiene esta cinta de pintura?"", ""solution"": ""Primero, convertimos los metros a centímetros. Sabemos que 1 metro es igual a 100 centímetros. Por lo tanto, 5 metros es igual a 5 x 100 = 500 centímetros. La cinta de pintura mide 500 centímetros."", ""answer"": ""500""}",
MA04-OA-22-04,4° básico,Medición,MA04 OA 22,"Medir longitudes con unidades estandarizadas (m, cm) y realizar transformaciones entre estas unidades (m a cm y viceversa) en el contexto de la resolución de problemas.",resolver una medición en centímetros,Usar solo metros y centímetros y conversiones m↔cm.,muebles,HuggingFaceTB/SmolLM3-3B,"Genera un problema matemático verbal para un estudiante de 4° básico.
Debe estar alineado con el siguiente Objetivo de Aprendizaje: Medir longitudes con unidades estandarizadas (m, cm) y realizar transformaciones entre estas unidades (m a cm y viceversa) en el contexto de la resolución de problemas.
Habilidad a evaluar: resolver una medición en centímetros.
Condiciones curriculares: Usar solo metros y centímetros y conversiones m↔cm..
Contexto: muebles.
Entrega el problema, su solución y la respuesta final.
Responde únicamente con un objeto JSON válido con esta estructura: {""problem"": ""..."", ""solution"": ""..."", ""answer"": ""...""}","En una habitación, hay un sofá que mide 2 metros de largo. ¿Cuántos centímetros mide el sofá si se convierte a centímetros?","Primero, convertimos 2 metros a centímetros. Sabemos que 1 metro es igual a 100 centímetros. Por lo tanto, 2 metros es igual a 2 * 100 = 200 centímetros. Así, el sofá mide 200 centímetros.",200,"{""problem"": ""En una habitación, hay un sofá que mide 2 metros de largo. ¿Cuántos centímetros mide el sofá si se convierte a centímetros?"", ""solution"": ""Primero, convertimos 2 metros a centímetros. Sabemos que 1 metro es igual a 100 centímetros. Por lo tanto, 2 metros es igual a 2 * 100 = 200 centímetros. Así, el sofá mide 200 centímetros."", ""answer"": ""200""}",
MA04-OA-22-05,4° básico,Medición,MA04 OA 22,"Medir longitudes con unidades estandarizadas (m, cm) y realizar transformaciones entre estas unidades (m a cm y viceversa) en el contexto de la resolución de problemas.",resolver un problema que combine m y cm,Usar solo metros y centímetros y conversiones m↔cm.,sendero,HuggingFaceTB/SmolLM3-3B,"Genera un problema matemático verbal para un estudiante de 4° básico.
Debe estar alineado con el siguiente Objetivo de Aprendizaje: Medir longitudes con unidades estandarizadas (m, cm) y realizar transformaciones entre estas unidades (m a cm y viceversa) en el contexto de la resolución de problemas.
Habilidad a evaluar: resolver un problema que combine m y cm.
Condiciones curriculares: Usar solo metros y centímetros y conversiones m↔cm..
Contexto: sendero.
Entrega el problema, su solución y la respuesta final.
Responde únicamente con un objeto JSON válido con esta estructura: {""problem"": ""..."", ""solution"": ""..."", ""answer"": ""...""}","En un sendero, la longitud de un tramo es de 4 metros. Se quiere convertir esta longitud a centímetros para medir la distancia que una persona tiene que caminar. ¿Cuántos centímetros son 4 metros?","Para convertir metros a centímetros, multiplicamos por 100. Por lo tanto, 4 metros son 4 * 100 = 400 centímetros.",400,"{""problem"": ""En un sendero, la longitud de un tramo es de 4 metros. Se quiere convertir esta longitud a centímetros para medir la distancia que una persona tiene que caminar. ¿Cuántos centímetros son 4 metros?"", ""solution"": ""Para convertir metros a centímetros, multiplicamos por 100. Por lo tanto, 4 metros son 4 * 100 = 400 centímetros."", ""answer"": ""400""}",
MA04-OA-23-01,4° básico,Medición,MA04 OA 23,"Demostrar que comprenden el concepto de área de un rectángulo y de un cuadrado:
• reconociendo que el área de una superficie se mide en unidades cuadradas
• seleccionando y justificando la elección de la unidad estandarizada (cm² y m²)
• determinando y registrando el área en cm² y m² en contextos cercanos
• construyendo diferentes rectángulos para un área dada (cm² y m²) para mostrar que distintos rectángulos pueden tener la misma área
• usando software geométrico.",calcular área de un cuadrado,Trabajar área de cuadrados y rectángulos en cm² o m²; entregar todas las dimensiones necesarias.,piso,HuggingFaceTB/SmolLM3-3B,"Genera un problema matemático verbal para un estudiante de 4° básico.
Debe estar alineado con el siguiente Objetivo de Aprendizaje: Demostrar que comprenden el concepto de área de un rectángulo y de un cuadrado:
• reconociendo que el área de una superficie se mide en unidades cuadradas
• seleccionando y justificando la elección de la unidad estandarizada (cm² y m²)
• determinando y registrando el área en cm² y m² en contextos cercanos
• construyendo diferentes rectángulos para un área dada (cm² y m²) para mostrar que distintos rectángulos pueden tener la misma área
• usando software geométrico.
Habilidad a evaluar: calcular área de un cuadrado.
Condiciones curriculares: Trabajar área de cuadrados y rectángulos en cm² o m²; entregar todas las dimensiones necesarias..
Contexto: piso.
Entrega el problema, su solución y la respuesta final.
Responde únicamente con un objeto JSON válido con esta estructura: {""problem"": ""..."", ""solution"": ""..."", ""answer"": ""...""}",Un patio tiene un área de 16 m². ¿Cuál es el largo de un lado de un cuadrado que tiene el mismo área? Puedes usar una calculadora si es necesario.,"Para encontrar el largo de un lado del cuadrado, usamos la fórmula para el área de un cuadrado: A = s², donde A es el área y s es el lado del cuadrado. Dado que el área es 16 m², podemos escribir 16 = s². Para resolver para s, tomamos la raíz cuadrada de ambos lados: s = √16 = 4 m. Por lo tanto, el largo de un lado del cuadrado es 4 metros.",4 metros,"{""problem"": ""Un patio tiene un área de 16 m². ¿Cuál es el largo de un lado de un cuadrado que tiene el mismo área? Puedes usar una calculadora si es necesario."", ""solution"": ""Para encontrar el largo de un lado del cuadrado, usamos la fórmula para el área de un cuadrado: A = s², donde A es el área y s es el lado del cuadrado. Dado que el área es 16 m², podemos escribir 16 = s². Para resolver para s, tomamos la raíz cuadrada de ambos lados: s = √16 = 4 m. Por lo tanto, el largo de un lado del cuadrado es 4 metros."", ""answer"": ""4 metros""}",
MA04-OA-23-02,4° básico,Medición,MA04 OA 23,"Demostrar que comprenden el concepto de área de un rectángulo y de un cuadrado:
• reconociendo que el área de una superficie se mide en unidades cuadradas
• seleccionando y justificando la elección de la unidad estandarizada (cm² y m²)
• determinando y registrando el área en cm² y m² en contextos cercanos
• construyendo diferentes rectángulos para un área dada (cm² y m²) para mostrar que distintos rectángulos pueden tener la misma área
• usando software geométrico.",calcular área de un rectángulo,Trabajar área de cuadrados y rectángulos en cm² o m²; entregar todas las dimensiones necesarias.,jardín,HuggingFaceTB/SmolLM3-3B,"Genera un problema matemático verbal para un estudiante de 4° básico.
Debe estar alineado con el siguiente Objetivo de Aprendizaje: Demostrar que comprenden el concepto de área de un rectángulo y de un cuadrado:
• reconociendo que el área de una superficie se mide en unidades cuadradas
• seleccionando y justificando la elección de la unidad estandarizada (cm² y m²)
• determinando y registrando el área en cm² y m² en contextos cercanos
• construyendo diferentes rectángulos para un área dada (cm² y m²) para mostrar que distintos rectángulos pueden tener la misma área
• usando software geométrico.
Habilidad a evaluar: calcular área de un rectángulo.
Condiciones curriculares: Trabajar área de cuadrados y rectángulos en cm² o m²; entregar todas las dimensiones necesarias..
Contexto: jardín.
Entrega el problema, su solución y la respuesta final.
Responde únicamente con un objeto JSON válido con esta estructura: {""problem"": ""..."", ""solution"": ""..."", ""answer"": ""...""}","En un jardín, hay un rectángulo de 3 metros de largo y 2 metros de ancho. ¿Cuál es el área del jardín en metros cuadrados? ¿Qué pasa si queremos medir el área en centímetros cuadrados? ¿Cuántos centímetros cuadrados tiene el jardín?","Para calcular el área del rectángulo en metros cuadrados, multiplicamos la longitud por el ancho: 3 m * 2 m = 6 m². Para convertir el área de metros cuadrados a centímetros cuadrados, multiplicamos por 10000 (ya que 1 m = 100 cm): 6 m² * 10000 cm²/m² = 60000 cm². Por lo tanto, el área del jardín es de 6 m² o 60000 cm².",El área del jardín es de 6 m² o 60000 cm².,"{""problem"": ""En un jardín, hay un rectángulo de 3 metros de largo y 2 metros de ancho. ¿Cuál es el área del jardín en metros cuadrados? ¿Qué pasa si queremos medir el área en centímetros cuadrados? ¿Cuántos centímetros cuadrados tiene el jardín?"", ""solution"": ""Para calcular el área del rectángulo en metros cuadrados, multiplicamos la longitud por el ancho: 3 m * 2 m = 6 m². Para convertir el área de metros cuadrados a centímetros cuadrados, multiplicamos por 10000 (ya que 1 m = 100 cm): 6 m² * 10000 cm²/m² = 60000 cm². Por lo tanto, el área del jardín es de 6 m² o 60000 cm²."", ""answer"": ""El área del jardín es de 6 m² o 60000 cm².""}",
MA04-OA-23-03,4° básico,Medición,MA04 OA 23,"Demostrar que comprenden el concepto de área de un rectángulo y de un cuadrado:
• reconociendo que el área de una superficie se mide en unidades cuadradas
• seleccionando y justificando la elección de la unidad estandarizada (cm² y m²)
• determinando y registrando el área en cm² y m² en contextos cercanos
• construyendo diferentes rectángulos para un área dada (cm² y m²) para mostrar que distintos rectángulos pueden tener la misma área
• usando software geométrico.",seleccionar cm² o m²,Trabajar área de cuadrados y rectángulos en cm² o m²; entregar todas las dimensiones necesarias.,cartulina,HuggingFaceTB/SmolLM3-3B,"Genera un problema matemático verbal para un estudiante de 4° básico.
Debe estar alineado con el siguiente Objetivo de Aprendizaje: Demostrar que comprenden el concepto de área de un rectángulo y de un cuadrado:
• reconociendo que el área de una superficie se mide en unidades cuadradas
• seleccionando y justificando la elección de la unidad estandarizada (cm² y m²)
• determinando y registrando el área en cm² y m² en contextos cercanos
• construyendo diferentes rectángulos para un área dada (cm² y m²) para mostrar que distintos rectángulos pueden tener la misma área
• usando software geométrico.
Habilidad a evaluar: seleccionar cm² o m².
Condiciones curriculares: Trabajar área de cuadrados y rectángulos en cm² o m²; entregar todas las dimensiones necesarias..
Contexto: cartulina.
Entrega el problema, su solución y la respuesta final.
Responde únicamente con un objeto JSON válido con esta estructura: {""problem"": ""..."", ""solution"": ""..."", ""answer"": ""...""}","María necesita hacer una caja para guardar sus juguetes. La caja debe tener una base rectangular y una tapa. La base mide 10 cm de largo y 5 cm de ancho. La altura de la caja es de 8 cm. María tiene una hoja de cartulina de 1 metro de largo por 50 cm de ancho. ¿Puede María cortar una caja de estas dimensiones con la hoja que tiene? Si es posible, ¿cuántos cuadrados de 10 cm de lado puede formar con la cartulina que le sobra después de cortar la caja?","Primero, calculamos el área de la base del rectángulo: 10 cm * 5 cm = 50 cm². El área total de la caja incluye la base y las cuatro paredes: 2 * (10 cm * 5 cm) + 2 * (10 cm * 8 cm) + 2 * (5 cm * 8 cm) = 100 cm² + 160 cm² + 80 cm² = 340 cm². María tiene una hoja de 100 cm * 50 cm = 5000 cm². La caja requiere 340 cm², por lo que le sobra 5000 cm² - 340 cm² = 4660 cm². Ahora, calculamos cuántos cuadrados de 10 cm de lado puede formar con la cartulina que le sobra: 4660 cm² / (10 cm * 10 cm) = 466 cm² / 100 cm² = 46.6. María puede formar 46 cuadrados de 10 cm de lado con la cartulina que le sobra.","Sí, María puede cortar la caja. Con la cartulina que le sobra, puede formar 46 cuadrados de 10 cm de lado.","{""problem"": ""María necesita hacer una caja para guardar sus juguetes. La caja debe tener una base rectangular y una tapa. La base mide 10 cm de largo y 5 cm de ancho. La altura de la caja es de 8 cm. María tiene una hoja de cartulina de 1 metro de largo por 50 cm de ancho. ¿Puede María cortar una caja de estas dimensiones con la hoja que tiene? Si es posible, ¿cuántos cuadrados de 10 cm de lado puede formar con la cartulina que le sobra después de cortar la caja?"", ""solution"": ""Primero, calculamos el área de la base del rectángulo: 10 cm * 5 cm = 50 cm². El área total de la caja incluye la base y las cuatro paredes: 2 * (10 cm * 5 cm) + 2 * (10 cm * 8 cm) + 2 * (5 cm * 8 cm) = 100 cm² + 160 cm² + 80 cm² = 340 cm². María tiene una hoja de 100 cm * 50 cm = 5000 cm². La caja requiere 340 cm², por lo que le sobra 5000 cm² - 340 cm² = 4660 cm². Ahora, calculamos cuántos cuadrados de 10 cm de lado puede formar con la cartulina que le sobra: 4660 cm² / (10 cm * 10 cm) = 466 cm² / 100 cm² = 46.6. María puede formar 46 cuadrados de 10 cm de lado con la cartulina que le sobra."", ""answer"": ""Sí, María puede cortar la caja. Con la cartulina que le sobra, puede formar 46 cuadrados de 10 cm de lado.""}",
MA04-OA-23-04,4° básico,Medición,MA04 OA 23,"Demostrar que comprenden el concepto de área de un rectángulo y de un cuadrado:
• reconociendo que el área de una superficie se mide en unidades cuadradas
• seleccionando y justificando la elección de la unidad estandarizada (cm² y m²)
• determinando y registrando el área en cm² y m² en contextos cercanos
• construyendo diferentes rectángulos para un área dada (cm² y m²) para mostrar que distintos rectángulos pueden tener la misma área
• usando software geométrico.",comparar áreas de rectángulos,Trabajar área de cuadrados y rectángulos en cm² o m²; entregar todas las dimensiones necesarias.,pared,HuggingFaceTB/SmolLM3-3B,"Genera un problema matemático verbal para un estudiante de 4° básico.
Debe estar alineado con el siguiente Objetivo de Aprendizaje: Demostrar que comprenden el concepto de área de un rectángulo y de un cuadrado:
• reconociendo que el área de una superficie se mide en unidades cuadradas
• seleccionando y justificando la elección de la unidad estandarizada (cm² y m²)
• determinando y registrando el área en cm² y m² en contextos cercanos
• construyendo diferentes rectángulos para un área dada (cm² y m²) para mostrar que distintos rectángulos pueden tener la misma área
• usando software geométrico.
Habilidad a evaluar: comparar áreas de rectángulos.
Condiciones curriculares: Trabajar área de cuadrados y rectángulos en cm² o m²; entregar todas las dimensiones necesarias..
Contexto: pared.
Entrega el problema, su solución y la respuesta final.
Responde únicamente con un objeto JSON válido con esta estructura: {""problem"": ""..."", ""solution"": ""..."", ""answer"": ""...""}","Una pared en la escuela tiene una superficie de 16 metros cuadrados. ¿Cómo puedes construir un rectángulo con el mismo área en metros cuadrados, pero usando diferentes dimensiones? Por ejemplo, ¿qué dimensiones podría tener un rectángulo que tenga un área de 16 metros cuadrados?","Para construir un rectángulo con el mismo área de 16 metros cuadrados, puedes elegir diferentes dimensiones siempre y cuando el producto de la longitud y la anchura sea igual a 16. Por ejemplo, puedes tener un rectángulo de 4 metros de largo y 4 metros de ancho, o 8 metros de largo y 2 metros de ancho. Estos rectángulos tendrán la misma área de 16 metros cuadrados, pero diferentes dimensiones.","Un rectángulo puede tener dimensiones de 4 metros de largo y 4 metros de ancho, o 8 metros de largo y 2 metros de ancho, y ambos tendrán una área de 16 metros cuadrados.","{""problem"": ""Una pared en la escuela tiene una superficie de 16 metros cuadrados. ¿Cómo puedes construir un rectángulo con el mismo área en metros cuadrados, pero usando diferentes dimensiones? Por ejemplo, ¿qué dimensiones podría tener un rectángulo que tenga un área de 16 metros cuadrados?"", ""solution"": ""Para construir un rectángulo con el mismo área de 16 metros cuadrados, puedes elegir diferentes dimensiones siempre y cuando el producto de la longitud y la anchura sea igual a 16. Por ejemplo, puedes tener un rectángulo de 4 metros de largo y 4 metros de ancho, o 8 metros de largo y 2 metros de ancho. Estos rectángulos tendrán la misma área de 16 metros cuadrados, pero diferentes dimensiones."", ""answer"": ""Un rectángulo puede tener dimensiones de 4 metros de largo y 4 metros de ancho, o 8 metros de largo y 2 metros de ancho, y ambos tendrán una área de 16 metros cuadrados.""}",
MA04-OA-23-05,4° básico,Medición,MA04 OA 23,"Demostrar que comprenden el concepto de área de un rectángulo y de un cuadrado:
• reconociendo que el área de una superficie se mide en unidades cuadradas
• seleccionando y justificando la elección de la unidad estandarizada (cm² y m²)
• determinando y registrando el área en cm² y m² en contextos cercanos
• construyendo diferentes rectángulos para un área dada (cm² y m²) para mostrar que distintos rectángulos pueden tener la misma área
• usando software geométrico.",determinar una dimensión a partir de un área sencilla,Trabajar área de cuadrados y rectángulos en cm² o m²; entregar todas las dimensiones necesarias.,cancha,HuggingFaceTB/SmolLM3-3B,"Genera un problema matemático verbal para un estudiante de 4° básico.
Debe estar alineado con el siguiente Objetivo de Aprendizaje: Demostrar que comprenden el concepto de área de un rectángulo y de un cuadrado:
• reconociendo que el área de una superficie se mide en unidades cuadradas
• seleccionando y justificando la elección de la unidad estandarizada (cm² y m²)
• determinando y registrando el área en cm² y m² en contextos cercanos
• construyendo diferentes rectángulos para un área dada (cm² y m²) para mostrar que distintos rectángulos pueden tener la misma área
• usando software geométrico.
Habilidad a evaluar: determinar una dimensión a partir de un área sencilla.
Condiciones curriculares: Trabajar área de cuadrados y rectángulos en cm² o m²; entregar todas las dimensiones necesarias..
Contexto: cancha.
Entrega el problema, su solución y la respuesta final.
Responde únicamente con un objeto JSON válido con esta estructura: {""problem"": ""..."", ""solution"": ""..."", ""answer"": ""...""}","En un parque, hay una cancha rectangular para jugar fútbol. La cancha tiene una longitud de 10 metros y una anchura de 5 metros. ¿Cuál es el área de la cancha en metros cuadrados (m²)?","Para calcular el área de la cancha, multiplicamos la longitud por la anchura. El área de la cancha es 10 m * 5 m = 50 m². Por lo tanto, el área de la cancha es de 50 m².",50,"{""problem"": ""En un parque, hay una cancha rectangular para jugar fútbol. La cancha tiene una longitud de 10 metros y una anchura de 5 metros. ¿Cuál es el área de la cancha en metros cuadrados (m²)?"", ""solution"": ""Para calcular el área de la cancha, multiplicamos la longitud por la anchura. El área de la cancha es 10 m * 5 m = 50 m². Por lo tanto, el área de la cancha es de 50 m²."", ""answer"": ""50""}",
MA05-OA-01-01,5° básico,Números y operaciones,MA05 OA 01,"Representar y describir números naturales de hasta más de 6 dígitos y menores que 1 000 millones:
• identificando el valor posicional de los dígitos
• componiendo y descomponiendo números naturales en forma estándar y expandida aproximando cantidades
• comparando y ordenando números naturales en este ámbito numérico
• dando ejemplos de estos números naturales en contextos reales.",identificar valor posicional,Usar números naturales de más de seis dígitos y menores que 1 000 millones cuando corresponda.,población ficticia,HuggingFaceTB/SmolLM3-3B,"Genera un problema matemático verbal para un estudiante de 5° básico.
Debe estar alineado con el siguiente Objetivo de Aprendizaje: Representar y describir números naturales de hasta más de 6 dígitos y menores que 1 000 millones:
• identificando el valor posicional de los dígitos
• componiendo y descomponiendo números naturales en forma estándar y expandida aproximando cantidades
• comparando y ordenando números naturales en este ámbito numérico
• dando ejemplos de estos números naturales en contextos reales.
Habilidad a evaluar: identificar valor posicional.
Condiciones curriculares: Usar números naturales de más de seis dígitos y menores que 1 000 millones cuando corresponda..
Contexto: población ficticia.
Entrega el problema, su solución y la respuesta final.
Responde únicamente con un objeto JSON válido con esta estructura: {""problem"": ""..."", ""solution"": ""..."", ""answer"": ""...""}","En el pueblo ficticio de Numeria, la población total es de 1 234 567 890 habitantes. Los habitantes de este pueblo están muy interesados en la geografía y la demografía. ¿Cuál es el número de habitantes en la mitad de Numeria? ¿Cómo se descompone este número en su forma estándar y en su forma expandida? ¿Cuál es el valor posicional del dígito 4 en esta descomposición?","Para encontrar la mitad de la población, dividimos 1 234 567 890 entre 2. El resultado es 617 283 945. En su forma estándar, el número es 617 283 945. En su forma expandida, el número se descompone como: 600 000 000 + 17 000 000 + 283 000 + 900 + 40 + 5. El valor posicional del dígito 4 es el de las decenas de miles, es decir, 4×10^5.",617 283 945,"{""problem"": ""En el pueblo ficticio de Numeria, la población total es de 1 234 567 890 habitantes. Los habitantes de este pueblo están muy interesados en la geografía y la demografía. ¿Cuál es el número de habitantes en la mitad de Numeria? ¿Cómo se descompone este número en su forma estándar y en su forma expandida? ¿Cuál es el valor posicional del dígito 4 en esta descomposición?"", ""solution"": ""Para encontrar la mitad de la población, dividimos 1 234 567 890 entre 2. El resultado es 617 283 945. En su forma estándar, el número es 617 283 945. En su forma expandida, el número se descompone como: 600 000 000 + 17 000 000 + 283 000 + 900 + 40 + 5. El valor posicional del dígito 4 es el de las decenas de miles, es decir, 4×10^5."", ""answer"": ""617 283 945""}",
MA05-OA-01-02,5° básico,Números y operaciones,MA05 OA 01,"Representar y describir números naturales de hasta más de 6 dígitos y menores que 1 000 millones:
• identificando el valor posicional de los dígitos
• componiendo y descomponiendo números naturales en forma estándar y expandida aproximando cantidades
• comparando y ordenando números naturales en este ámbito numérico
• dando ejemplos de estos números naturales en contextos reales.",componer y descomponer números,Usar números naturales de más de seis dígitos y menores que 1 000 millones cuando corresponda.,visitas a sitios web,HuggingFaceTB/SmolLM3-3B,"Genera un problema matemático verbal para un estudiante de 5° básico.
Debe estar alineado con el siguiente Objetivo de Aprendizaje: Representar y describir números naturales de hasta más de 6 dígitos y menores que 1 000 millones:
• identificando el valor posicional de los dígitos
• componiendo y descomponiendo números naturales en forma estándar y expandida aproximando cantidades
• comparando y ordenando números naturales en este ámbito numérico
• dando ejemplos de estos números naturales en contextos reales.
Habilidad a evaluar: componer y descomponer números.
Condiciones curriculares: Usar números naturales de más de seis dígitos y menores que 1 000 millones cuando corresponda..
Contexto: visitas a sitios web.
Entrega el problema, su solución y la respuesta final.
Responde únicamente con un objeto JSON válido con esta estructura: {""problem"": ""..."", ""solution"": ""..."", ""answer"": ""...""}",Un sitio web llamado 'Biblioteca Virtual' cuenta con 3 456 789 libros. Los administradores del sitio quieren saber cuántos más libros pueden agregar sin que el total supere los 5 000 000. ¿Cuántos libros adicionales pueden agregar los administradores?,"Primero, necesitamos restar el número actual de libros del límite de 5 000 000. El número a restar es 5 000 000 - 3 456 789. Al realizar la resta, obtenemos 1 543 211. Por lo tanto, los administradores pueden agregar 1 543 211 libros.",1543211,"{""problem"": ""Un sitio web llamado 'Biblioteca Virtual' cuenta con 3 456 789 libros. Los administradores del sitio quieren saber cuántos más libros pueden agregar sin que el total supere los 5 000 000. ¿Cuántos libros adicionales pueden agregar los administradores?"", ""solution"": ""Primero, necesitamos restar el número actual de libros del límite de 5 000 000. El número a restar es 5 000 000 - 3 456 789. Al realizar la resta, obtenemos 1 543 211. Por lo tanto, los administradores pueden agregar 1 543 211 libros."", ""answer"": ""1543211""}",
MA05-OA-01-03,5° básico,Números y operaciones,MA05 OA 01,"Representar y describir números naturales de hasta más de 6 dígitos y menores que 1 000 millones:
• identificando el valor posicional de los dígitos
• componiendo y descomponiendo números naturales en forma estándar y expandida aproximando cantidades
• comparando y ordenando números naturales en este ámbito numérico
• dando ejemplos de estos números naturales en contextos reales.",comparar números grandes,Usar números naturales de más de seis dígitos y menores que 1 000 millones cuando corresponda.,producción anual,HuggingFaceTB/SmolLM3-3B,"Genera un problema matemático verbal para un estudiante de 5° básico.
Debe estar alineado con el siguiente Objetivo de Aprendizaje: Representar y describir números naturales de hasta más de 6 dígitos y menores que 1 000 millones:
• identificando el valor posicional de los dígitos
• componiendo y descomponiendo números naturales en forma estándar y expandida aproximando cantidades
• comparando y ordenando números naturales en este ámbito numérico
• dando ejemplos de estos números naturales en contextos reales.
Habilidad a evaluar: comparar números grandes.
Condiciones curriculares: Usar números naturales de más de seis dígitos y menores que 1 000 millones cuando corresponda..
Contexto: producción anual.
Entrega el problema, su solución y la respuesta final.
Responde únicamente con un objeto JSON válido con esta estructura: {""problem"": ""..."", ""solution"": ""..."", ""answer"": ""...""}","En una fábrica, la producción anual de una empresa se estima en 1 234 567 890 unidades. ¿Cuál es la diferencia entre la producción de dos años consecutivos si la producción del primer año es de 1 234 567 800 unidades? ¿Qué porcentaje de la producción total del primer año representa la producción del segundo año?","Para encontrar la diferencia de producción entre los dos años, restamos la producción del primer año de la producción del segundo año: 1 234 567 890 - 1 234 567 800 = 90 unidades. Para calcular el porcentaje, dividimos la producción del segundo año por la producción del primer año y multiplicamos por 100: (1 234 567 800 / 1 234 567 890) * 100 ≈ 99.99%.",La diferencia de producción entre los dos años es 90 unidades y el segundo año representa aproximadamente el 99.99% de la producción del primer año.,"{""problem"": ""En una fábrica, la producción anual de una empresa se estima en 1 234 567 890 unidades. ¿Cuál es la diferencia entre la producción de dos años consecutivos si la producción del primer año es de 1 234 567 800 unidades? ¿Qué porcentaje de la producción total del primer año representa la producción del segundo año?"", ""solution"": ""Para encontrar la diferencia de producción entre los dos años, restamos la producción del primer año de la producción del segundo año: 1 234 567 890 - 1 234 567 800 = 90 unidades. Para calcular el porcentaje, dividimos la producción del segundo año por la producción del primer año y multiplicamos por 100: (1 234 567 800 / 1 234 567 890) * 100 ≈ 99.99%."", ""answer"": ""La diferencia de producción entre los dos años es 90 unidades y el segundo año representa aproximadamente el 99.99% de la producción del primer año.""}",
MA05-OA-01-04,5° básico,Números y operaciones,MA05 OA 01,"Representar y describir números naturales de hasta más de 6 dígitos y menores que 1 000 millones:
• identificando el valor posicional de los dígitos
• componiendo y descomponiendo números naturales en forma estándar y expandida aproximando cantidades
• comparando y ordenando números naturales en este ámbito numérico
• dando ejemplos de estos números naturales en contextos reales.",ordenar números grandes,Usar números naturales de más de seis dígitos y menores que 1 000 millones cuando corresponda.,distancias acumuladas,HuggingFaceTB/SmolLM3-3B,"Genera un problema matemático verbal para un estudiante de 5° básico.
Debe estar alineado con el siguiente Objetivo de Aprendizaje: Representar y describir números naturales de hasta más de 6 dígitos y menores que 1 000 millones:
• identificando el valor posicional de los dígitos
• componiendo y descomponiendo números naturales en forma estándar y expandida aproximando cantidades
• comparando y ordenando números naturales en este ámbito numérico
• dando ejemplos de estos números naturales en contextos reales.
Habilidad a evaluar: ordenar números grandes.
Condiciones curriculares: Usar números naturales de más de seis dígitos y menores que 1 000 millones cuando corresponda..
Contexto: distancias acumuladas.
Entrega el problema, su solución y la respuesta final.
Responde únicamente con un objeto JSON válido con esta estructura: {""problem"": ""..."", ""solution"": ""..."", ""answer"": ""...""}",María y Ana están caminando por el parque. María camina 1 234 567 metros y luego Ana camina 987 654 metros. ¿Cuántos metros han caminado juntas en total? Ordena los números de menor a mayor para verificar tu respuesta.,"Primero, sumamos los metros que caminaron María y Ana: 1 234 567 + 987 654 = 2 222 221 metros. A continuación, ordenamos los números de menor a mayor: 987 654, 1 234 567, 2 222 221. La suma correcta es 2 222 221 metros.",2 222 221,"{""problem"": ""María y Ana están caminando por el parque. María camina 1 234 567 metros y luego Ana camina 987 654 metros. ¿Cuántos metros han caminado juntas en total? Ordena los números de menor a mayor para verificar tu respuesta."", ""solution"": ""Primero, sumamos los metros que caminaron María y Ana: 1 234 567 + 987 654 = 2 222 221 metros. A continuación, ordenamos los números de menor a mayor: 987 654, 1 234 567, 2 222 221. La suma correcta es 2 222 221 metros."", ""answer"": ""2 222 221""}",
MA05-OA-01-05,5° básico,Números y operaciones,MA05 OA 01,"Representar y describir números naturales de hasta más de 6 dígitos y menores que 1 000 millones:
• identificando el valor posicional de los dígitos
• componiendo y descomponiendo números naturales en forma estándar y expandida aproximando cantidades
• comparando y ordenando números naturales en este ámbito numérico
• dando ejemplos de estos números naturales en contextos reales.",aproximar una cantidad,Usar números naturales de más de seis dígitos y menores que 1 000 millones cuando corresponda.,colecciones masivas,HuggingFaceTB/SmolLM3-3B,"Genera un problema matemático verbal para un estudiante de 5° básico.
Debe estar alineado con el siguiente Objetivo de Aprendizaje: Representar y describir números naturales de hasta más de 6 dígitos y menores que 1 000 millones:
• identificando el valor posicional de los dígitos
• componiendo y descomponiendo números naturales en forma estándar y expandida aproximando cantidades
• comparando y ordenando números naturales en este ámbito numérico
• dando ejemplos de estos números naturales en contextos reales.
Habilidad a evaluar: aproximar una cantidad.
Condiciones curriculares: Usar números naturales de más de seis dígitos y menores que 1 000 millones cuando corresponda..
Contexto: colecciones masivas.
Entrega el problema, su solución y la respuesta final.
Responde únicamente con un objeto JSON válido con esta estructura: {""problem"": ""..."", ""solution"": ""..."", ""answer"": ""...""}","En un concurso de reciclaje, una escuela recolectó 9876543 botellas de plástico. Quieren saber cuántas botellas tienen en total si se suman las botellas recolectadas por tres equipos más. Cada uno de estos equipos recolectó aproximadamente 1000000 botellas. ¿Cuántas botellas tienen en total? Responde con un número aproximado.","Primero, sumamos las botellas recolectadas por los tres equipos más. Cada equipo recolectó 1000000 botellas, por lo que 3 equipos recolectaron 3 * 1000000 = 3000000 botellas. Luego, sumamos las botellas recolectadas por la escuela: 9876543 + 3000000 = 12876543 botellas aproximadamente.",12876543,"{""problem"": ""En un concurso de reciclaje, una escuela recolectó 9876543 botellas de plástico. Quieren saber cuántas botellas tienen en total si se suman las botellas recolectadas por tres equipos más. Cada uno de estos equipos recolectó aproximadamente 1000000 botellas. ¿Cuántas botellas tienen en total? Responde con un número aproximado."", ""solution"": ""Primero, sumamos las botellas recolectadas por los tres equipos más. Cada equipo recolectó 1000000 botellas, por lo que 3 equipos recolectaron 3 * 1000000 = 3000000 botellas. Luego, sumamos las botellas recolectadas por la escuela: 9876543 + 3000000 = 12876543 botellas aproximadamente."", ""answer"": ""12876543""}",
MA05-OA-03-01,5° básico,Números y operaciones,MA05 OA 03,"Demostrar que comprenden la multiplicación de números naturales de dos dígitos por números naturales de dos dígitos:
• estimando productos
• aplicando estrategias de cálculo mental
• resolviendo problemas rutinarios y no rutinarios aplicando el algoritmo.",multiplicar dos números de dos dígitos,Usar multiplicaciones de dos dígitos por dos dígitos.,asientos en filas,HuggingFaceTB/SmolLM3-3B,"Genera un problema matemático verbal para un estudiante de 5° básico.
Debe estar alineado con el siguiente Objetivo de Aprendizaje: Demostrar que comprenden la multiplicación de números naturales de dos dígitos por números naturales de dos dígitos:
• estimando productos
• aplicando estrategias de cálculo mental
• resolviendo problemas rutinarios y no rutinarios aplicando el algoritmo.
Habilidad a evaluar: multiplicar dos números de dos dígitos.
Condiciones curriculares: Usar multiplicaciones de dos dígitos por dos dígitos..
Contexto: asientos en filas.
Entrega el problema, su solución y la respuesta final.
Responde únicamente con un objeto JSON válido con esta estructura: {""problem"": ""..."", ""solution"": ""..."", ""answer"": ""...""}","En una sala de teatro, hay 23 asientos en la primera fila y 17 asientos en la segunda fila. ¿Cuántos asientos hay en total en ambas filas? Resuelve el problema utilizando multiplicaciones de dos dígitos por dos dígitos.","Para resolver este problema, primero multiplicamos 23 por 1 (el número de filas) y luego sumamos 23 por 1 más 17 por 1, pero en este caso, podemos considerar 23 asientos en la primera fila y 17 asientos en la segunda fila como dos números de dos dígitos que sumamos. Sin embargo, el contexto sugiere una multiplicación. Por lo tanto, interpretamos el problema como multiplicar 23 asientos por 2 filas y luego sumar 23 asientos por 1 fila más 17 asientos por 1 fila. Esto se simplifica a 23 * 2 + 17. Calculamos 23 * 2 = 46 y 17 = 17. Luego sumamos 46 + 17 = 63. Por lo tanto, hay 63 asientos en total en ambas filas.",63,"{""problem"": ""En una sala de teatro, hay 23 asientos en la primera fila y 17 asientos en la segunda fila. ¿Cuántos asientos hay en total en ambas filas? Resuelve el problema utilizando multiplicaciones de dos dígitos por dos dígitos."", ""solution"": ""Para resolver este problema, primero multiplicamos 23 por 1 (el número de filas) y luego sumamos 23 por 1 más 17 por 1, pero en este caso, podemos considerar 23 asientos en la primera fila y 17 asientos en la segunda fila como dos números de dos dígitos que sumamos. Sin embargo, el contexto sugiere una multiplicación. Por lo tanto, interpretamos el problema como multiplicar 23 asientos por 2 filas y luego sumar 23 asientos por 1 fila más 17 asientos por 1 fila. Esto se simplifica a 23 * 2 + 17. Calculamos 23 * 2 = 46 y 17 = 17. Luego sumamos 46 + 17 = 63. Por lo tanto, hay 63 asientos en total en ambas filas."", ""answer"":  ""63""}",
MA05-OA-03-02,5° básico,Números y operaciones,MA05 OA 03,"Demostrar que comprenden la multiplicación de números naturales de dos dígitos por números naturales de dos dígitos:
• estimando productos
• aplicando estrategias de cálculo mental
• resolviendo problemas rutinarios y no rutinarios aplicando el algoritmo.",estimar un producto,Usar multiplicaciones de dos dígitos por dos dígitos.,cajas con productos,HuggingFaceTB/SmolLM3-3B,"Genera un problema matemático verbal para un estudiante de 5° básico.
Debe estar alineado con el siguiente Objetivo de Aprendizaje: Demostrar que comprenden la multiplicación de números naturales de dos dígitos por números naturales de dos dígitos:
• estimando productos
• aplicando estrategias de cálculo mental
• resolviendo problemas rutinarios y no rutinarios aplicando el algoritmo.
Habilidad a evaluar: estimar un producto.
Condiciones curriculares: Usar multiplicaciones de dos dígitos por dos dígitos..
Contexto: cajas con productos.
Entrega el problema, su solución y la respuesta final.
Responde únicamente con un objeto JSON válido con esta estructura: {""problem"": ""..."", ""solution"": ""..."", ""answer"": ""...""}",Teresa tiene 25 cajas de juguetes en su tienda. Cada caja contiene 34 juguetes. ¿Cuántos juguetes tiene Teresa en total?,"Para resolver este problema, primero multiplicamos el número de cajas por el número de juguetes en cada caja. 25 cajas × 34 juguetos = 850 juguetos. Por lo tanto, Teresa tiene 850 juguetes en total.",850,"{""problem"": ""Teresa tiene 25 cajas de juguetes en su tienda. Cada caja contiene 34 juguetes. ¿Cuántos juguetes tiene Teresa en total?"", ""solution"": ""Para resolver este problema, primero multiplicamos el número de cajas por el número de juguetes en cada caja. 25 cajas × 34 juguetos = 850 juguetos. Por lo tanto, Teresa tiene 850 juguetes en total."", ""answer"":  ""850""}",
MA05-OA-03-03,5° básico,Números y operaciones,MA05 OA 03,"Demostrar que comprenden la multiplicación de números naturales de dos dígitos por números naturales de dos dígitos:
• estimando productos
• aplicando estrategias de cálculo mental
• resolviendo problemas rutinarios y no rutinarios aplicando el algoritmo.",usar cálculo mental como apoyo,Usar multiplicaciones de dos dígitos por dos dígitos.,producción diaria,HuggingFaceTB/SmolLM3-3B,"Genera un problema matemático verbal para un estudiante de 5° básico.
Debe estar alineado con el siguiente Objetivo de Aprendizaje: Demostrar que comprenden la multiplicación de números naturales de dos dígitos por números naturales de dos dígitos:
• estimando productos
• aplicando estrategias de cálculo mental
• resolviendo problemas rutinarios y no rutinarios aplicando el algoritmo.
Habilidad a evaluar: usar cálculo mental como apoyo.
Condiciones curriculares: Usar multiplicaciones de dos dígitos por dos dígitos..
Contexto: producción diaria.
Entrega el problema, su solución y la respuesta final.
Responde únicamente con un objeto JSON válido con esta estructura: {""problem"": ""..."", ""solution"": ""..."", ""answer"": ""...""}","María y sus amigos recogen manzanas en un huerto. María recoge 23 manzanas en una fila, mientras que sus amigos recogen 17 manzanas en otra fila. ¿Cuántas manzanas recogieron en total?","Primero, sumamos las manzanas que recogió María: 23 manzanas. Luego, sumamos las manzanas que recogieron sus amigos: 17 manzanas. La suma total de manzanas es 23 + 17 = 40 manzanas. Por lo tanto, María y sus amigos recogieron un total de 40 manzanas.",40,"{""problem"": ""María y sus amigos recogen manzanas en un huerto. María recoge 23 manzanas en una fila, mientras que sus amigos recogen 17 manzanas en otra fila. ¿Cuántas manzanas recogieron en total?"", ""solution"": ""Primero, sumamos las manzanas que recogió María: 23 manzanas. Luego, sumamos las manzanas que recogieron sus amigos: 17 manzanas. La suma total de manzanas es 23 + 17 = 40 manzanas. Por lo tanto, María y sus amigos recogieron un total de 40 manzanas."", ""answer"": ""40""}",
MA05-OA-03-04,5° básico,Números y operaciones,MA05 OA 03,"Demostrar que comprenden la multiplicación de números naturales de dos dígitos por números naturales de dos dígitos:
• estimando productos
• aplicando estrategias de cálculo mental
• resolviendo problemas rutinarios y no rutinarios aplicando el algoritmo.",resolver un problema rutinario de multiplicación,Usar multiplicaciones de dos dígitos por dos dígitos.,paquetes,HuggingFaceTB/SmolLM3-3B,"Genera un problema matemático verbal para un estudiante de 5° básico.
Debe estar alineado con el siguiente Objetivo de Aprendizaje: Demostrar que comprenden la multiplicación de números naturales de dos dígitos por números naturales de dos dígitos:
• estimando productos
• aplicando estrategias de cálculo mental
• resolviendo problemas rutinarios y no rutinarios aplicando el algoritmo.
Habilidad a evaluar: resolver un problema rutinario de multiplicación.
Condiciones curriculares: Usar multiplicaciones de dos dígitos por dos dígitos..
Contexto: paquetes.
Entrega el problema, su solución y la respuesta final.
Responde únicamente con un objeto JSON válido con esta estructura: {""problem"": ""..."", ""solution"": ""..."", ""answer"": ""...""}",Una tienda de zapatos tiene dos cajas grandes de zapatos deportivos. Cada caja contiene 34 pares de zapatos. ¿Cuántos pares de zapatos deportivos hay en total en las dos cajas?,"Para resolver este problema, primero multiplicamos 34 pares de zapatos por 2 cajas. 34 x 2 = 68. Por lo tanto, hay 68 pares de zapatos deportivos en total en las dos cajas.",68,"{""problem"": ""Una tienda de zapatos tiene dos cajas grandes de zapatos deportivos. Cada caja contiene 34 pares de zapatos. ¿Cuántos pares de zapatos deportivos hay en total en las dos cajas?"", ""solution"": ""Para resolver este problema, primero multiplicamos 34 pares de zapatos por 2 cajas. 34 x 2 = 68. Por lo tanto, hay 68 pares de zapatos deportivos en total en las dos cajas."", ""answer"": ""68""}",
MA05-OA-03-05,5° básico,Números y operaciones,MA05 OA 03,"Demostrar que comprenden la multiplicación de números naturales de dos dígitos por números naturales de dos dígitos:
• estimando productos
• aplicando estrategias de cálculo mental
• resolviendo problemas rutinarios y no rutinarios aplicando el algoritmo.",resolver un problema no rutinario de multiplicación,Usar multiplicaciones de dos dígitos por dos dígitos.,entradas vendidas,HuggingFaceTB/SmolLM3-3B,"Genera un problema matemático verbal para un estudiante de 5° básico.
Debe estar alineado con el siguiente Objetivo de Aprendizaje: Demostrar que comprenden la multiplicación de números naturales de dos dígitos por números naturales de dos dígitos:
• estimando productos
• aplicando estrategias de cálculo mental
• resolviendo problemas rutinarios y no rutinarios aplicando el algoritmo.
Habilidad a evaluar: resolver un problema no rutinario de multiplicación.
Condiciones curriculares: Usar multiplicaciones de dos dígitos por dos dígitos..
Contexto: entradas vendidas.
Entrega el problema, su solución y la respuesta final.
Responde únicamente con un objeto JSON válido con esta estructura: {""problem"": ""..."", ""solution"": ""..."", ""answer"": ""...""}","En una tienda de ropa, se vendieron 23 camisas y 17 pantalones. Si cada camisa cuesta 18 pesos y cada pantalón cuesta 12 pesos, ¿cuánto dinero se recaudó en total? Resuelve el problema utilizando multiplicaciones de dos dígitos por dos dígitos.","Primero, calculamos el costo total de las camisas: 23 camisas × 18 pesos = 414 pesos. Luego, calculamos el costo total de los pantalones: 17 pantalones × 12 pesos = 204 pesos. Finalmente, sumamos los dos valores para obtener el total recaudado: 414 pesos + 204 pesos = 618 pesos.",618 pesos,"{""problem"": ""En una tienda de ropa, se vendieron 23 camisas y 17 pantalones. Si cada camisa cuesta 18 pesos y cada pantalón cuesta 12 pesos, ¿cuánto dinero se recaudó en total? Resuelve el problema utilizando multiplicaciones de dos dígitos por dos dígitos."", ""solution"": ""Primero, calculamos el costo total de las camisas: 23 camisas × 18 pesos = 414 pesos. Luego, calculamos el costo total de los pantalones: 17 pantalones × 12 pesos = 204 pesos. Finalmente, sumamos los dos valores para obtener el total recaudado: 414 pesos + 204 pesos = 618 pesos."", ""answer"": ""618 pesos""}",
MA05-OA-04-01,5° básico,Números y operaciones,MA05 OA 04,"Demostrar que comprenden la división con dividendos de tres dígitos y divisores de un dígito:
• interpretando el resto
• resolviendo problemas rutinarios y no rutinarios que impliquen divisiones.",dividir un número de tres cifras por uno de una cifra,Usar dividendos de tres dígitos y divisores de un dígito; interpretar el resto cuando aparezca.,transporte escolar,HuggingFaceTB/SmolLM3-3B,"Genera un problema matemático verbal para un estudiante de 5° básico.
Debe estar alineado con el siguiente Objetivo de Aprendizaje: Demostrar que comprenden la división con dividendos de tres dígitos y divisores de un dígito:
• interpretando el resto
• resolviendo problemas rutinarios y no rutinarios que impliquen divisiones.
Habilidad a evaluar: dividir un número de tres cifras por uno de una cifra.
Condiciones curriculares: Usar dividendos de tres dígitos y divisores de un dígito; interpretar el resto cuando aparezca..
Contexto: transporte escolar.
Entrega el problema, su solución y la respuesta final.
Responde únicamente con un objeto JSON válido con esta estructura: {""problem"": ""..."", ""solution"": ""..."", ""answer"": ""...""}","En una escuela, hay 252 estudiantes que se dividen en 7 autobuses. ¿Cuántos estudiantes caben en cada autobús? ¿Cuántos estudiantes quedan sin autobús si todos los autobuses están llenos?","Para encontrar cuántos estudiantes caben en cada autobús, dividimos 252 entre 7. 252 ÷ 7 = 36. Por lo tanto, 36 estudiantes caben en cada autobús. Para encontrar cuántos estudiantes quedan sin autobús, restamos el número total de estudiantes que caben en los autobuses del total de estudiantes. 252 - (36 × 7) = 252 - 252 = 0. Así, no quedan estudiantes sin autobús.",36 estudiantes caben en cada autobús y 0 estudiantes quedan sin autobús.,"{""problem"": ""En una escuela, hay 252 estudiantes que se dividen en 7 autobuses. ¿Cuántos estudiantes caben en cada autobús? ¿Cuántos estudiantes quedan sin autobús si todos los autobuses están llenos?"", ""solution"": ""Para encontrar cuántos estudiantes caben en cada autobús, dividimos 252 entre 7. 252 ÷ 7 = 36. Por lo tanto, 36 estudiantes caben en cada autobús. Para encontrar cuántos estudiantes quedan sin autobús, restamos el número total de estudiantes que caben en los autobuses del total de estudiantes. 252 - (36 × 7) = 252 - 252 = 0. Así, no quedan estudiantes sin autobús."", ""answer"": ""36 estudiantes caben en cada autobús y 0 estudiantes quedan sin autobús.""}",
MA05-OA-04-02,5° básico,Números y operaciones,MA05 OA 04,"Demostrar que comprenden la división con dividendos de tres dígitos y divisores de un dígito:
• interpretando el resto
• resolviendo problemas rutinarios y no rutinarios que impliquen divisiones.",interpretar el resto,Usar dividendos de tres dígitos y divisores de un dígito; interpretar el resto cuando aparezca.,paquetes,HuggingFaceTB/SmolLM3-3B,"Genera un problema matemático verbal para un estudiante de 5° básico.
Debe estar alineado con el siguiente Objetivo de Aprendizaje: Demostrar que comprenden la división con dividendos de tres dígitos y divisores de un dígito:
• interpretando el resto
• resolviendo problemas rutinarios y no rutinarios que impliquen divisiones.
Habilidad a evaluar: interpretar el resto.
Condiciones curriculares: Usar dividendos de tres dígitos y divisores de un dígito; interpretar el resto cuando aparezca..
Contexto: paquetes.
Entrega el problema, su solución y la respuesta final.
Responde únicamente con un objeto JSON válido con esta estructura: {""problem"": ""..."", ""solution"": ""..."", ""answer"": ""...""}","Un paquete de dulces tiene 234 caramelos. Si se distribuyen estos caramelos en 7 cajas de manera igual, ¿cuántos caramelos quedarán en la última caja? Explica el proceso y el resto.","Primero, dividimos 234 entre 7. 7 * 33 = 231. Restamos 231 de 234, obteniendo 3. Por lo tanto, 234 ÷ 7 = 33 con un resto de 3. En la última caja, quedan 3 caramelos.",3,"{""problem"": ""Un paquete de dulces tiene 234 caramelos. Si se distribuyen estos caramelos en 7 cajas de manera igual, ¿cuántos caramelos quedarán en la última caja? Explica el proceso y el resto."", ""solution"": ""Primero, dividimos 234 entre 7. 7 * 33 = 231. Restamos 231 de 234, obteniendo 3. Por lo tanto, 234 ÷ 7 = 33 con un resto de 3. En la última caja, quedan 3 caramelos."", ""answer"": ""3""}",
MA05-OA-04-03,5° básico,Números y operaciones,MA05 OA 04,"Demostrar que comprenden la división con dividendos de tres dígitos y divisores de un dígito:
• interpretando el resto
• resolviendo problemas rutinarios y no rutinarios que impliquen divisiones.",resolver un reparto con resto,Usar dividendos de tres dígitos y divisores de un dígito; interpretar el resto cuando aparezca.,equipos,HuggingFaceTB/SmolLM3-3B,"Genera un problema matemático verbal para un estudiante de 5° básico.
Debe estar alineado con el siguiente Objetivo de Aprendizaje: Demostrar que comprenden la división con dividendos de tres dígitos y divisores de un dígito:
• interpretando el resto
• resolviendo problemas rutinarios y no rutinarios que impliquen divisiones.
Habilidad a evaluar: resolver un reparto con resto.
Condiciones curriculares: Usar dividendos de tres dígitos y divisores de un dígito; interpretar el resto cuando aparezca..
Contexto: equipos.
Entrega el problema, su solución y la respuesta final.
Responde únicamente con un objeto JSON válido con esta estructura: {""problem"": ""..."", ""solution"": ""..."", ""answer"": ""...""}",Un equipo de fútbol tiene 345 pelotas y quiere distribuirlas equitativamente entre 5 jugadores. ¿Cuántas pelotas le tocará a cada jugador y cuántas pelotas quedarán de sobra?,"Para resolver este problema, primero dividimos 345 pelotas entre 5 jugadores. 345 ÷ 5 = 69. Esto significa que cada jugador recibirá 69 pelotas. Para encontrar el resto, restamos 69 pelotas multiplicadas por 5 jugadores (69 x 5 = 345) de 345 pelotas: 345 - 345 = 0. Sin embargo, si consideramos un ejemplo donde el resultado no sea exacto, digamos que el equipo tiene 346 pelotas, entonces 346 ÷ 5 = 69 con un resto de 1. Por lo tanto, cada jugador recibirá 69 pelotas y quedarán 1 pelota de sobra.",Cada jugador recibirá 69 pelotas y quedarán 0 pelotas de sobra.,"{""problem"": ""Un equipo de fútbol tiene 345 pelotas y quiere distribuirlas equitativamente entre 5 jugadores. ¿Cuántas pelotas le tocará a cada jugador y cuántas pelotas quedarán de sobra?"", ""solution"": ""Para resolver este problema, primero dividimos 345 pelotas entre 5 jugadores. 345 ÷ 5 = 69. Esto significa que cada jugador recibirá 69 pelotas. Para encontrar el resto, restamos 69 pelotas multiplicadas por 5 jugadores (69 x 5 = 345) de 345 pelotas: 345 - 345 = 0. Sin embargo, si consideramos un ejemplo donde el resultado no sea exacto, digamos que el equipo tiene 346 pelotas, entonces 346 ÷ 5 = 69 con un resto de 1. Por lo tanto, cada jugador recibirá 69 pelotas y quedarán 1 pelota de sobra."", ""answer"": ""Cada jugador recibirá 69 pelotas y quedarán 0 pelotas de sobra.""}",
MA05-OA-04-04,5° básico,Números y operaciones,MA05 OA 04,"Demostrar que comprenden la división con dividendos de tres dígitos y divisores de un dígito:
• interpretando el resto
• resolviendo problemas rutinarios y no rutinarios que impliquen divisiones.",resolver una agrupación con resto,Usar dividendos de tres dígitos y divisores de un dígito; interpretar el resto cuando aparezca.,cajas,HuggingFaceTB/SmolLM3-3B,"Genera un problema matemático verbal para un estudiante de 5° básico.
Debe estar alineado con el siguiente Objetivo de Aprendizaje: Demostrar que comprenden la división con dividendos de tres dígitos y divisores de un dígito:
• interpretando el resto
• resolviendo problemas rutinarios y no rutinarios que impliquen divisiones.
Habilidad a evaluar: resolver una agrupación con resto.
Condiciones curriculares: Usar dividendos de tres dígitos y divisores de un dígito; interpretar el resto cuando aparezca..
Contexto: cajas.
Entrega el problema, su solución y la respuesta final.
Responde únicamente con un objeto JSON válido con esta estructura: {""problem"": ""..."", ""solution"": ""..."", ""answer"": ""...""}",María tiene 235 caramelos. Quiere repartirlos en 5 cajas de manera igual. ¿Cuántos caramelos tendrá cada caja? ¿Cuántos caramelos le quedarán a María después de repartirlos?,"Para resolver este problema, primero dividimos 235 entre 5. 235 ÷ 5 = 47. Esto significa que cada caja tendrá 47 caramelos. Para encontrar el resto, restamos 47 × 5 de 235. 235 - (47 × 5) = 235 - 235 = 0. Por lo tanto, María no tendrá ningún caramelo restante después de repartirlos en las 5 cajas.",Cada caja tendrá 47 caramelos y María no tendrá ningún caramelo restante.,"{""problem"": ""María tiene 235 caramelos. Quiere repartirlos en 5 cajas de manera igual. ¿Cuántos caramelos tendrá cada caja? ¿Cuántos caramelos le quedarán a María después de repartirlos?"", ""solution"": ""Para resolver este problema, primero dividimos 235 entre 5. 235 ÷ 5 = 47. Esto significa que cada caja tendrá 47 caramelos. Para encontrar el resto, restamos 47 × 5 de 235. 235 - (47 × 5) = 235 - 235 = 0. Por lo tanto, María no tendrá ningún caramelo restante después de repartirlos en las 5 cajas."", ""answer"": ""Cada caja tendrá 47 caramelos y María no tendrá ningún caramelo restante.""}",
MA05-OA-04-05,5° básico,Números y operaciones,MA05 OA 04,"Demostrar que comprenden la división con dividendos de tres dígitos y divisores de un dígito:
• interpretando el resto
• resolviendo problemas rutinarios y no rutinarios que impliquen divisiones.",resolver un problema no rutinario de división,Usar dividendos de tres dígitos y divisores de un dígito; interpretar el resto cuando aparezca.,reparto de materiales,HuggingFaceTB/SmolLM3-3B,"Genera un problema matemático verbal para un estudiante de 5° básico.
Debe estar alineado con el siguiente Objetivo de Aprendizaje: Demostrar que comprenden la división con dividendos de tres dígitos y divisores de un dígito:
• interpretando el resto
• resolviendo problemas rutinarios y no rutinarios que impliquen divisiones.
Habilidad a evaluar: resolver un problema no rutinario de división.
Condiciones curriculares: Usar dividendos de tres dígitos y divisores de un dígito; interpretar el resto cuando aparezca..
Contexto: reparto de materiales.
Entrega el problema, su solución y la respuesta final.
Responde únicamente con un objeto JSON válido con esta estructura: {""problem"": ""..."", ""solution"": ""..."", ""answer"": ""...""}","En una escuela, se tienen 246 lápices para repartir entre 6 estudiantes. ¿Cuántos lápices le tocará a cada estudiante? ¿Cuántos lápices quedarán sin distribuir?","Primero, dividimos 246 entre 6 para encontrar cuántos lápices le tocarán a cada estudiante: 246 ÷ 6 = 41. Por lo tanto, cada estudiante recibirá 41 lápices. Luego, multiplicamos 41 por 6 para verificar: 41 × 6 = 246. Dado que 246 es exactamente divisible por 6, no quedan lápices sin distribuir. Por lo tanto, el resto es 0.",Cada estudiante recibirá 41 lápices y no quedarán lápices sin distribuir.,"{""problem"": ""En una escuela, se tienen 246 lápices para repartir entre 6 estudiantes. ¿Cuántos lápices le tocará a cada estudiante? ¿Cuántos lápices quedarán sin distribuir?"", ""solution"": ""Primero, dividimos 246 entre 6 para encontrar cuántos lápices le tocarán a cada estudiante: 246 ÷ 6 = 41. Por lo tanto, cada estudiante recibirá 41 lápices. Luego, multiplicamos 41 por 6 para verificar: 41 × 6 = 246. Dado que 246 es exactamente divisible por 6, no quedan lápices sin distribuir. Por lo tanto, el resto es 0."", ""answer"": ""Cada estudiante recibirá 41 lápices y no quedarán lápices sin distribuir.""}",
MA05-OA-05-01,5° básico,Números y operaciones,MA05 OA 05,"Realizar cálculos que involucren las cuatro operaciones, aplicando las reglas relativas a paréntesis y la prevalencia de la multiplicación y la división por sobre la adición y la sustracción cuando corresponda.",aplicar prioridad de multiplicación,Aplicar paréntesis y la precedencia de multiplicación/división sobre adición/sustracción.,puntos de un juego,HuggingFaceTB/SmolLM3-3B,"Genera un problema matemático verbal para un estudiante de 5° básico.
Debe estar alineado con el siguiente Objetivo de Aprendizaje: Realizar cálculos que involucren las cuatro operaciones, aplicando las reglas relativas a paréntesis y la prevalencia de la multiplicación y la división por sobre la adición y la sustracción cuando corresponda.
Habilidad a evaluar: aplicar prioridad de multiplicación.
Condiciones curriculares: Aplicar paréntesis y la precedencia de multiplicación/división sobre adición/sustracción..
Contexto: puntos de un juego.
Entrega el problema, su solución y la respuesta final.
Responde únicamente con un objeto JSON válido con esta estructura: {""problem"": ""..."", ""solution"": ""..."", ""answer"": ""...""}","En un juego, el jugador necesita sumar puntos de diferentes categorías. En la categoría de matemáticas, hay 3 puntos de multiplicación, 2 puntos de división, 5 puntos de adición y 4 puntos de sustracción. ¿Cuántos puntos totales tiene el jugador en esta categoría si multiplica las 3 puntos de multiplicación, luego divide los 2 puntos de división, y finalmente suma y resta los puntos de adición y sustracción en ese orden?","Primero, el jugador multiplica las 3 puntos de multiplicación: 3 	imes 3 = 9 puntos. Luego, divide los 2 puntos de división: 9 ÷ 2 = 4.5 puntos. A continuación, suma los 5 puntos de adición: 4.5 + 5 = 9.5 puntos. Finalmente, resta los 4 puntos de sustracción: 9.5 - 4 = 5.5 puntos.",5.5,"{""problem"": ""En un juego, el jugador necesita sumar puntos de diferentes categorías. En la categoría de matemáticas, hay 3 puntos de multiplicación, 2 puntos de división, 5 puntos de adición y 4 puntos de sustracción. ¿Cuántos puntos totales tiene el jugador en esta categoría si multiplica las 3 puntos de multiplicación, luego divide los 2 puntos de división, y finalmente suma y resta los puntos de adición y sustracción en ese orden?"", ""solution"": ""Primero, el jugador multiplica las 3 puntos de multiplicación: 3 \times 3 = 9 puntos. Luego, divide los 2 puntos de división: 9 ÷ 2 = 4.5 puntos. A continuación, suma los 5 puntos de adición: 4.5 + 5 = 9.5 puntos. Finalmente, resta los 4 puntos de sustracción: 9.5 - 4 = 5.5 puntos."", ""answer"": ""5.5""}",
MA05-OA-05-02,5° básico,Números y operaciones,MA05 OA 05,"Realizar cálculos que involucren las cuatro operaciones, aplicando las reglas relativas a paréntesis y la prevalencia de la multiplicación y la división por sobre la adición y la sustracción cuando corresponda.",aplicar prioridad de división,Aplicar paréntesis y la precedencia de multiplicación/división sobre adición/sustracción.,inventario,HuggingFaceTB/SmolLM3-3B,"Genera un problema matemático verbal para un estudiante de 5° básico.
Debe estar alineado con el siguiente Objetivo de Aprendizaje: Realizar cálculos que involucren las cuatro operaciones, aplicando las reglas relativas a paréntesis y la prevalencia de la multiplicación y la división por sobre la adición y la sustracción cuando corresponda.
Habilidad a evaluar: aplicar prioridad de división.
Condiciones curriculares: Aplicar paréntesis y la precedencia de multiplicación/división sobre adición/sustracción..
Contexto: inventario.
Entrega el problema, su solución y la respuesta final.
Responde únicamente con un objeto JSON válido con esta estructura: {""problem"": ""..."", ""solution"": ""..."", ""answer"": ""...""}","Un niño tiene 24 caramelos. Le da 4 a su hermano. Luego, le da a su hermana la mitad de los caramelos que le quedan. ¿Cuántos caramelos le quedan al niño después de darle los caramelos a sus hermanos?","Primero, resta los 4 caramelos que le dio al hermano: 24 - 4 = 20 caramelos. Luego, le da a su hermana la mitad de los 20 caramelos restantes: 20 / 2 = 10 caramelos. Finalmente, resta los 10 caramelos que le dio a su hermana: 20 - 10 = 10 caramelos. Por lo tanto, el niño le queda 10 caramelos.",10,"{""problem"": ""Un niño tiene 24 caramelos. Le da 4 a su hermano. Luego, le da a su hermana la mitad de los caramelos que le quedan. ¿Cuántos caramelos le quedan al niño después de darle los caramelos a sus hermanos?"", ""solution"": ""Primero, resta los 4 caramelos que le dio al hermano: 24 - 4 = 20 caramelos. Luego, le da a su hermana la mitad de los 20 caramelos restantes: 20 / 2 = 10 caramelos. Finalmente, resta los 10 caramelos que le dio a su hermana: 20 - 10 = 10 caramelos. Por lo tanto, el niño le queda 10 caramelos."", ""answer"": ""10""}",
MA05-OA-05-03,5° básico,Números y operaciones,MA05 OA 05,"Realizar cálculos que involucren las cuatro operaciones, aplicando las reglas relativas a paréntesis y la prevalencia de la multiplicación y la división por sobre la adición y la sustracción cuando corresponda.",resolver una expresión con paréntesis,Aplicar paréntesis y la precedencia de multiplicación/división sobre adición/sustracción.,presupuesto,HuggingFaceTB/SmolLM3-3B,"Genera un problema matemático verbal para un estudiante de 5° básico.
Debe estar alineado con el siguiente Objetivo de Aprendizaje: Realizar cálculos que involucren las cuatro operaciones, aplicando las reglas relativas a paréntesis y la prevalencia de la multiplicación y la división por sobre la adición y la sustracción cuando corresponda.
Habilidad a evaluar: resolver una expresión con paréntesis.
Condiciones curriculares: Aplicar paréntesis y la precedencia de multiplicación/división sobre adición/sustracción..
Contexto: presupuesto.
Entrega el problema, su solución y la respuesta final.
Responde únicamente con un objeto JSON válido con esta estructura: {""problem"": ""..."", ""solution"": ""..."", ""answer"": ""...""}",María tiene 25 dólares para comprar frutas en el mercado. Decide comprar 3 manzanas que cuestan 2 dólares cada una y 5 naranjas que cuestan 1.50 dólares cada una. ¿Cuántos dólares le quedan después de comprar las frutas? ,"Primero, calculamos el costo total de las manzanas: 3 manzanas * 2 dólares/manzana = 6 dólares. Luego, calculamos el costo total de las naranjas: 5 naranjas * 1.50 dólares/naranja = 7.50 dólares. Sumamos los costos totales: 6 dólares + 7.50 dólares = 13.50 dólares. Finalmente, restamos el monto total gastado de los 25 dólares que María tenía: 25 dólares - 13.50 dólares = 11.50 dólares. María le quedan 11.50 dólares.",11.50,"{""problem"": ""María tiene 25 dólares para comprar frutas en el mercado. Decide comprar 3 manzanas que cuestan 2 dólares cada una y 5 naranjas que cuestan 1.50 dólares cada una. ¿Cuántos dólares le quedan después de comprar las frutas? "", ""solution"": ""Primero, calculamos el costo total de las manzanas: 3 manzanas * 2 dólares/manzana = 6 dólares. Luego, calculamos el costo total de las naranjas: 5 naranjas * 1.50 dólares/naranja = 7.50 dólares. Sumamos los costos totales: 6 dólares + 7.50 dólares = 13.50 dólares. Finalmente, restamos el monto total gastado de los 25 dólares que María tenía: 25 dólares - 13.50 dólares = 11.50 dólares. María le quedan 11.50 dólares."", ""answer"": ""11.50""}",
MA05-OA-05-04,5° básico,Números y operaciones,MA05 OA 05,"Realizar cálculos que involucren las cuatro operaciones, aplicando las reglas relativas a paréntesis y la prevalencia de la multiplicación y la división por sobre la adición y la sustracción cuando corresponda.",resolver una expresión con las cuatro operaciones,Aplicar paréntesis y la precedencia de multiplicación/división sobre adición/sustracción.,producción,HuggingFaceTB/SmolLM3-3B,"Genera un problema matemático verbal para un estudiante de 5° básico.
Debe estar alineado con el siguiente Objetivo de Aprendizaje: Realizar cálculos que involucren las cuatro operaciones, aplicando las reglas relativas a paréntesis y la prevalencia de la multiplicación y la división por sobre la adición y la sustracción cuando corresponda.
Habilidad a evaluar: resolver una expresión con las cuatro operaciones.
Condiciones curriculares: Aplicar paréntesis y la precedencia de multiplicación/división sobre adición/sustracción..
Contexto: producción.
Entrega el problema, su solución y la respuesta final.
Responde únicamente con un objeto JSON válido con esta estructura: {""problem"": ""..."", ""solution"": ""..."", ""answer"": ""...""}","En una fábrica, se producen 3,000 unidades de un producto cada día. El costo de producir cada unidad es de $4,00. Además, la empresa paga a sus empleados $500,00 por día. ¿Cuál es el ingreso neto diario de la fábrica?","Primero, calculamos el costo total de producción: 3,000 unidades * $4,00 = $12,000. Luego, calculamos el ingreso total de los empleados: $500,00. El ingreso neto diario es el ingreso total menos el costo de producción: $500,00 - $12,000 = $490,00.","$490,00","{""problem"": ""En una fábrica, se producen 3,000 unidades de un producto cada día. El costo de producir cada unidad es de $4,00. Además, la empresa paga a sus empleados $500,00 por día. ¿Cuál es el ingreso neto diario de la fábrica?"", ""solution"": ""Primero, calculamos el costo total de producción: 3,000 unidades * $4,00 = $12,000. Luego, calculamos el ingreso total de los empleados: $500,00. El ingreso neto diario es el ingreso total menos el costo de producción: $500,00 - $12,000 = $490,00."", ""answer"": ""$490,00""}",
MA05-OA-05-05,5° básico,Números y operaciones,MA05 OA 05,"Realizar cálculos que involucren las cuatro operaciones, aplicando las reglas relativas a paréntesis y la prevalencia de la multiplicación y la división por sobre la adición y la sustracción cuando corresponda.",determinar el orden correcto de operaciones,Aplicar paréntesis y la precedencia de multiplicación/división sobre adición/sustracción.,entradas,HuggingFaceTB/SmolLM3-3B,"Genera un problema matemático verbal para un estudiante de 5° básico.
Debe estar alineado con el siguiente Objetivo de Aprendizaje: Realizar cálculos que involucren las cuatro operaciones, aplicando las reglas relativas a paréntesis y la prevalencia de la multiplicación y la división por sobre la adición y la sustracción cuando corresponda.
Habilidad a evaluar: determinar el orden correcto de operaciones.
Condiciones curriculares: Aplicar paréntesis y la precedencia de multiplicación/división sobre adición/sustracción..
Contexto: entradas.
Entrega el problema, su solución y la respuesta final.
Responde únicamente con un objeto JSON válido con esta estructura: {""problem"": ""..."", ""solution"": ""..."", ""answer"": ""...""}","María tiene 24 caramelos. Primero, se los divide entre sus 3 amigos, luego le da a cada uno de ellos 5 caramelos adicionales. ¿Cuántos caramelos le quedan a María después de esto?","Primero, María divide los 24 caramelos entre sus 3 amigos. Esto significa que cada amigo recibe 24 ÷ 3 = 8 caramelos. Después, María le da a cada amigo 5 caramelos adicionales, por lo que cada uno recibe 8 + 5 = 13 caramelos. María le dio un total de 3 × 13 = 39 caramelos. Si le quedan 24 caramelos al principio y le da 39, entonces María le queda 24 - 39 = -15 caramelos. Sin embargo, esto no tiene sentido en el contexto, por lo que debemos reevaluar. María le dio 39 caramelos a sus amigos, pero inicialmente solo tenía 24. Por lo tanto, María debe haber tenido que pedir más caramelos a su mamá para poder darle los 5 adicionales a cada uno. La cantidad de caramelos que María le queda es 24 - 39 = -15. Dado que no puede tener menos de 0 caramelos, esto indica que María necesitó 15 caramelos adicionales para poder darle los 5 a cada uno de sus amigos. Por lo tanto, el número de caramelos que María le queda es 0.",0,"{""problem"": ""María tiene 24 caramelos. Primero, se los divide entre sus 3 amigos, luego le da a cada uno de ellos 5 caramelos adicionales. ¿Cuántos caramelos le quedan a María después de esto?"", ""solution"": ""Primero, María divide los 24 caramelos entre sus 3 amigos. Esto significa que cada amigo recibe 24 ÷ 3 = 8 caramelos. Después, María le da a cada amigo 5 caramelos adicionales, por lo que cada uno recibe 8 + 5 = 13 caramelos. María le dio un total de 3 × 13 = 39 caramelos. Si le quedan 24 caramelos al principio y le da 39, entonces María le queda 24 - 39 = -15 caramelos. Sin embargo, esto no tiene sentido en el contexto, por lo que debemos reevaluar. María le dio 39 caramelos a sus amigos, pero inicialmente solo tenía 24. Por lo tanto, María debe haber tenido que pedir más caramelos a su mamá para poder darle los 5 adicionales a cada uno. La cantidad de caramelos que María le queda es 24 - 39 = -15. Dado que no puede tener menos de 0 caramelos, esto indica que María necesitó 15 caramelos adicionales para poder darle los 5 a cada uno de sus amigos. Por lo tanto, el número de caramelos que María le queda es 0."", ""answer"": ""0""}",
MA05-OA-06-01,5° básico,Números y operaciones,MA05 OA 06,"Resolver problemas rutinarios y no rutinarios que involucren las cuatro operaciones y combinaciones de ellas:
• que incluyan situaciones con dinero
• usando la calculadora y el computador en ámbitos numéricos superiores al 10 000.",resolver un problema con dos operaciones,Permitir las cuatro operaciones y combinaciones de ellas; incluir al menos algunos contextos con dinero.,presupuesto de curso,HuggingFaceTB/SmolLM3-3B,"Genera un problema matemático verbal para un estudiante de 5° básico.
Debe estar alineado con el siguiente Objetivo de Aprendizaje: Resolver problemas rutinarios y no rutinarios que involucren las cuatro operaciones y combinaciones de ellas:
• que incluyan situaciones con dinero
• usando la calculadora y el computador en ámbitos numéricos superiores al 10 000.
Habilidad a evaluar: resolver un problema con dos operaciones.
Condiciones curriculares: Permitir las cuatro operaciones y combinaciones de ellas; incluir al menos algunos contextos con dinero..
Contexto: presupuesto de curso.
Entrega el problema, su solución y la respuesta final.
Responde únicamente con un objeto JSON válido con esta estructura: {""problem"": ""..."", ""solution"": ""..."", ""answer"": ""...""}","Una clase de 5to grado tiene un presupuesto de $15 000 para comprar útiles escolares. El maestro necesita comprar 50 cuadernos a $8 cada uno, 30 lápices a $2 cada uno y 20 bolígrafos a $5 cada uno. ¿Cuánto dinero quedará del presupuesto después de la compra?","Primero, calculamos el costo de cada tipo de útil:

- Cuadernos: 50 cuadernos × $8 = $400
- Lápices: 30 lápices × $2 = $60
- Bolígrafos: 20 bolígrafos × $5 = $100

Luego, sumamos los costos:

$400 + $60 + $100 = $560

Finalmente, restamos el total de los gastos del presupuesto:

$15 000 - $560 = $14 440

El dinero que quedará del presupuesto es $14 440.",$14 440,"{""problem"": ""Una clase de 5to grado tiene un presupuesto de $15 000 para comprar útiles escolares. El maestro necesita comprar 50 cuadernos a $8 cada uno, 30 lápices a $2 cada uno y 20 bolígrafos a $5 cada uno. ¿Cuánto dinero quedará del presupuesto después de la compra?"", ""solution"": ""Primero, calculamos el costo de cada tipo de útil:\n\n- Cuadernos: 50 cuadernos × $8 = $400\n- Lápices: 30 lápices × $2 = $60\n- Bolígrafos: 20 bolígrafos × $5 = $100\n\nLuego, sumamos los costos:\n\n$400 + $60 + $100 = $560\n\nFinalmente, restamos el total de los gastos del presupuesto:\n\n$15 000 - $560 = $14 440\n\nEl dinero que quedará del presupuesto es $14 440."", ""answer"": ""$14 440""}",
MA05-OA-06-02,5° básico,Números y operaciones,MA05 OA 06,"Resolver problemas rutinarios y no rutinarios que involucren las cuatro operaciones y combinaciones de ellas:
• que incluyan situaciones con dinero
• usando la calculadora y el computador en ámbitos numéricos superiores al 10 000.",resolver un problema con tres operaciones,Permitir las cuatro operaciones y combinaciones de ellas; incluir al menos algunos contextos con dinero.,feria escolar,HuggingFaceTB/SmolLM3-3B,"Genera un problema matemático verbal para un estudiante de 5° básico.
Debe estar alineado con el siguiente Objetivo de Aprendizaje: Resolver problemas rutinarios y no rutinarios que involucren las cuatro operaciones y combinaciones de ellas:
• que incluyan situaciones con dinero
• usando la calculadora y el computador en ámbitos numéricos superiores al 10 000.
Habilidad a evaluar: resolver un problema con tres operaciones.
Condiciones curriculares: Permitir las cuatro operaciones y combinaciones de ellas; incluir al menos algunos contextos con dinero..
Contexto: feria escolar.
Entrega el problema, su solución y la respuesta final.
Responde únicamente con un objeto JSON válido con esta estructura: {""problem"": ""..."", ""solution"": ""..."", ""answer"": ""...""}","En una feria escolar, se venden 5 tipos de juguetes. El primer juguete cuesta $150, el segundo $200, el tercero $250, el cuarto $300 y el quinto $350. Durante el evento, se vendieron 120 unidades del primer juguete, 80 del segundo, 60 del tercero, 50 del cuarto y 30 del quinto. ¿Cuánto dinero se recaudó en total durante la feria?","Para resolver este problema, primero calculamos el costo total de cada tipo de juguete vendido y luego sumamos todos los montos. El costo total del primer juguete es 120 unidades * $150 = $18,000. El costo total del segundo juguete es 80 unidades * $200 = $16,000. El costo total del tercer juguete es 60 unidades * $250 = $15,000. El costo total del cuarto juguete es 50 unidades * $300 = $15,000. El costo total del quinto juguete es 30 unidades * $350 = $10,500. Sumando todos estos montos, obtenemos $18,000 + $16,000 + $15,000 + $15,000 + $10,500 = $74,500. Por lo tanto, se recaudó un total de $74,500.",74500,"{""problem"": ""En una feria escolar, se venden 5 tipos de juguetes. El primer juguete cuesta $150, el segundo $200, el tercero $250, el cuarto $300 y el quinto $350. Durante el evento, se vendieron 120 unidades del primer juguete, 80 del segundo, 60 del tercero, 50 del cuarto y 30 del quinto. ¿Cuánto dinero se recaudó en total durante la feria?"", ""solution"": ""Para resolver este problema, primero calculamos el costo total de cada tipo de juguete vendido y luego sumamos todos los montos. El costo total del primer juguete es 120 unidades * $150 = $18,000. El costo total del segundo juguete es 80 unidades * $200 = $16,000. El costo total del tercer juguete es 60 unidades * $250 = $15,000. El costo total del cuarto juguete es 50 unidades * $300 = $15,000. El costo total del quinto juguete es 30 unidades * $350 = $10,500. Sumando todos estos montos, obtenemos $18,000 + $16,000 + $15,000 + $15,000 + $10,500 = $74,500. Por lo tanto, se recaudó un total de $74,500."", ""answer"": ""74500""}",
MA05-OA-06-03,5° básico,Números y operaciones,MA05 OA 06,"Resolver problemas rutinarios y no rutinarios que involucren las cuatro operaciones y combinaciones de ellas:
• que incluyan situaciones con dinero
• usando la calculadora y el computador en ámbitos numéricos superiores al 10 000.",resolver un problema con dinero,Permitir las cuatro operaciones y combinaciones de ellas; incluir al menos algunos contextos con dinero.,viaje,HuggingFaceTB/SmolLM3-3B,"Genera un problema matemático verbal para un estudiante de 5° básico.
Debe estar alineado con el siguiente Objetivo de Aprendizaje: Resolver problemas rutinarios y no rutinarios que involucren las cuatro operaciones y combinaciones de ellas:
• que incluyan situaciones con dinero
• usando la calculadora y el computador en ámbitos numéricos superiores al 10 000.
Habilidad a evaluar: resolver un problema con dinero.
Condiciones curriculares: Permitir las cuatro operaciones y combinaciones de ellas; incluir al menos algunos contextos con dinero..
Contexto: viaje.
Entrega el problema, su solución y la respuesta final.
Responde únicamente con un objeto JSON válido con esta estructura: {""problem"": ""..."", ""solution"": ""..."", ""answer"": ""...""}","María y su familia están planeando un viaje de 5 días a la playa. El costo total del viaje incluye el pasaje aéreo, el alojamiento en un hotel, la comida y las actividades. El pasaje aéreo cuesta $2,500. El hotel cuesta $150 por noche. La comida diaria cuesta $30. Las actividades del día cuestan $50 por día. María tiene $1,500 y su familia tiene $2,000. ¿Cuánto más necesitarán para cubrir todos los gastos del viaje?","Para resolver este problema, primero calculamos el costo total del viaje. El costo del pasaje aéreo es $2,500. El costo del alojamiento es $150 por noche durante 5 días, lo que suma $150 * 5 = $750. El costo de la comida diaria es $30 por día durante 5 días, lo que suma $30 * 5 = $150. El costo de las actividades es $50 por día durante 5 días, lo que suma $50 * 5 = $250. Sumando todos estos costos, obtenemos: $2,500 + $750 + $150 + $250 = $4,150. María y su familia tienen un total de $1,500 + $2,000 = $3,500. Para cubrir el costo total del viaje, necesitan $4,150 - $3,500 = $650 más.",650,"{""problem"": ""María y su familia están planeando un viaje de 5 días a la playa. El costo total del viaje incluye el pasaje aéreo, el alojamiento en un hotel, la comida y las actividades. El pasaje aéreo cuesta $2,500. El hotel cuesta $150 por noche. La comida diaria cuesta $30. Las actividades del día cuestan $50 por día. María tiene $1,500 y su familia tiene $2,000. ¿Cuánto más necesitarán para cubrir todos los gastos del viaje?"",

""solution"": ""Para resolver este problema, primero calculamos el costo total del viaje. El costo del pasaje aéreo es $2,500. El costo del alojamiento es $150 por noche durante 5 días, lo que suma $150 * 5 = $750. El costo de la comida diaria es $30 por día durante 5 días, lo que suma $30 * 5 = $150. El costo de las actividades es $50 por día durante 5 días, lo que suma $50 * 5 = $250. Sumando todos estos costos, obtenemos: $2,500 + $750 + $150 + $250 = $4,150. María y su familia tienen un total de $1,500 + $2,000 = $3,500. Para cubrir el costo total del viaje, necesitan $4,150 - $3,500 = $650 más."",

""answer"": ""650""}",
MA05-OA-06-04,5° básico,Números y operaciones,MA05 OA 06,"Resolver problemas rutinarios y no rutinarios que involucren las cuatro operaciones y combinaciones de ellas:
• que incluyan situaciones con dinero
• usando la calculadora y el computador en ámbitos numéricos superiores al 10 000.",seleccionar una combinación de operaciones,Permitir las cuatro operaciones y combinaciones de ellas; incluir al menos algunos contextos con dinero.,tienda,HuggingFaceTB/SmolLM3-3B,"Genera un problema matemático verbal para un estudiante de 5° básico.
Debe estar alineado con el siguiente Objetivo de Aprendizaje: Resolver problemas rutinarios y no rutinarios que involucren las cuatro operaciones y combinaciones de ellas:
• que incluyan situaciones con dinero
• usando la calculadora y el computador en ámbitos numéricos superiores al 10 000.
Habilidad a evaluar: seleccionar una combinación de operaciones.
Condiciones curriculares: Permitir las cuatro operaciones y combinaciones de ellas; incluir al menos algunos contextos con dinero..
Contexto: tienda.
Entrega el problema, su solución y la respuesta final.
Responde únicamente con un objeto JSON válido con esta estructura: {""problem"": ""..."", ""solution"": ""..."", ""answer"": ""...""}","En una tienda, un cliente compra 3 relojes a 1,500 pesos cada uno y 2 relojes a 2,000 pesos cada uno. ¿Cuánto dinero pagó el cliente en total?","Primero, calculamos el costo de los 3 relojes a 1,500 pesos cada uno: 3 * 1,500 = 4,500 pesos. Luego, calculamos el costo de los 2 relojes a 2,000 pesos cada uno: 2 * 2,000 = 4,000 pesos. Sumamos ambos montos: 4,500 + 4,000 = 8,500 pesos. Por lo tanto, el cliente pagó 8,500 pesos en total.",8500,"{""problem"": ""En una tienda, un cliente compra 3 relojes a 1,500 pesos cada uno y 2 relojes a 2,000 pesos cada uno. ¿Cuánto dinero pagó el cliente en total?"", ""solution"": ""Primero, calculamos el costo de los 3 relojes a 1,500 pesos cada uno: 3 * 1,500 = 4,500 pesos. Luego, calculamos el costo de los 2 relojes a 2,000 pesos cada uno: 2 * 2,000 = 4,000 pesos. Sumamos ambos montos: 4,500 + 4,000 = 8,500 pesos. Por lo tanto, el cliente pagó 8,500 pesos en total."", ""answer"":  ""8500""}",
MA05-OA-06-05,5° básico,Números y operaciones,MA05 OA 06,"Resolver problemas rutinarios y no rutinarios que involucren las cuatro operaciones y combinaciones de ellas:
• que incluyan situaciones con dinero
• usando la calculadora y el computador en ámbitos numéricos superiores al 10 000.",resolver un problema no rutinario con las cuatro operaciones,Permitir las cuatro operaciones y combinaciones de ellas; incluir al menos algunos contextos con dinero.,evento deportivo,HuggingFaceTB/SmolLM3-3B,"Genera un problema matemático verbal para un estudiante de 5° básico.
Debe estar alineado con el siguiente Objetivo de Aprendizaje: Resolver problemas rutinarios y no rutinarios que involucren las cuatro operaciones y combinaciones de ellas:
• que incluyan situaciones con dinero
• usando la calculadora y el computador en ámbitos numéricos superiores al 10 000.
Habilidad a evaluar: resolver un problema no rutinario con las cuatro operaciones.
Condiciones curriculares: Permitir las cuatro operaciones y combinaciones de ellas; incluir al menos algunos contextos con dinero..
Contexto: evento deportivo.
Entrega el problema, su solución y la respuesta final.
Responde únicamente con un objeto JSON válido con esta estructura: {""problem"": ""..."", ""solution"": ""..."", ""answer"": ""...""}","En un evento deportivo, se vendieron 1,234 entradas al primer round. Al final del evento, se vendieron 567 entradas al segundo round. Sin embargo, al principio, se registró un error y se vendieron 234 entradas adicionales al primer round. ¿Cuántas entradas se vendieron en total para ambos rounds del evento? ¿Cuánto dinero se recaudó si cada entrada cuesta $15?","Primero, calculamos el número total de entradas vendidas al primer round, considerando el error: 1,234 + 234 = 1,468 entradas. Luego, sumamos las entradas vendidas al segundo round: 1,468 + 567 = 2,035 entradas. Para calcular el dinero recaudado, multiplicamos el número total de entradas por el precio de cada entrada: 2,035 * 15 = 30,525 pesos.","El total de entradas vendidas fue de 2,035 y se recaudó 30,525 pesos.","{""problem"": ""En un evento deportivo, se vendieron 1,234 entradas al primer round. Al final del evento, se vendieron 567 entradas al segundo round. Sin embargo, al principio, se registró un error y se vendieron 234 entradas adicionales al primer round. ¿Cuántas entradas se vendieron en total para ambos rounds del evento? ¿Cuánto dinero se recaudó si cada entrada cuesta $15?"", ""solution"": ""Primero, calculamos el número total de entradas vendidas al primer round, considerando el error: 1,234 + 234 = 1,468 entradas. Luego, sumamos las entradas vendidas al segundo round: 1,468 + 567 = 2,035 entradas. Para calcular el dinero recaudado, multiplicamos el número total de entradas por el precio de cada entrada: 2,035 * 15 = 30,525 pesos."", ""answer"": ""El total de entradas vendidas fue de 2,035 y se recaudó 30,525 pesos.""}",
MA05-OA-07-01,5° básico,Números y operaciones,MA05 OA 07,"Demostrar que comprenden las fracciones propias:
• representándolas de manera concreta, pictórica y simbólica
• creando grupos de fracciones equivalentes -simplificando y amplificando- de manera concreta, pictórica y simbólica, de forma manual y/o con software educativo
• comparando fracciones propias con igual y distinto denominador de manera concreta, pictórica y simbólica.",interpretar una fracción propia,Trabajar fracciones propias; las equivalencias deben poder resolverse simbólicamente sin imagen.,recetas,HuggingFaceTB/SmolLM3-3B,"Genera un problema matemático verbal para un estudiante de 5° básico.
Debe estar alineado con el siguiente Objetivo de Aprendizaje: Demostrar que comprenden las fracciones propias:
• representándolas de manera concreta, pictórica y simbólica
• creando grupos de fracciones equivalentes -simplificando y amplificando- de manera concreta, pictórica y simbólica, de forma manual y/o con software educativo
• comparando fracciones propias con igual y distinto denominador de manera concreta, pictórica y simbólica.
Habilidad a evaluar: interpretar una fracción propia.
Condiciones curriculares: Trabajar fracciones propias; las equivalencias deben poder resolverse simbólicamente sin imagen..
Contexto: recetas.
Entrega el problema, su solución y la respuesta final.
Responde únicamente con un objeto JSON válido con esta estructura: {""problem"": ""..."", ""solution"": ""..."", ""answer"": ""...""}",Ana prepara una receta que requiere 3/4 taza de azúcar. Ella tiene 2 tazas de azúcar en la alacena. ¿Cuántas veces puede repetir la receta utilizando todo el azúcar que tiene?,"Para resolver este problema, primero debemos determinar cuánto azúcar necesitamos para repetir la receta una vez y cuánto azúcar tiene Ana en total. La receta requiere 3/4 taza de azúcar, y Ana tiene 2 tazas de azúcar. Para averiguar cuántas veces puede repetir la receta, dividimos la cantidad total de azúcar que tiene Ana por la cantidad de azúcar que necesita por receta. Esto se puede hacer de la siguiente manera: 2 tazas de azúcar / 3/4 taza de azúcar por receta. Para simplificar, convertimos 2 tazas a fracción: 2 = 8/4. Luego, dividimos 8/4 entre 3/4: (8/4) / (3/4) = 8/4 * 4/3 = 32/12 = 8/3. Como 8/3 es mayor que 2, redondeamos a 2 veces. Por lo tanto, Ana puede repetir la receta 2 veces utilizando todo el azúcar que tiene.",2,"{""problem"": ""Ana prepara una receta que requiere 3/4 taza de azúcar. Ella tiene 2 tazas de azúcar en la alacena. ¿Cuántas veces puede repetir la receta utilizando todo el azúcar que tiene?"", ""solution"": ""Para resolver este problema, primero debemos determinar cuánto azúcar necesitamos para repetir la receta una vez y cuánto azúcar tiene Ana en total. La receta requiere 3/4 taza de azúcar, y Ana tiene 2 tazas de azúcar. Para averiguar cuántas veces puede repetir la receta, dividimos la cantidad total de azúcar que tiene Ana por la cantidad de azúcar que necesita por receta. Esto se puede hacer de la siguiente manera: 2 tazas de azúcar / 3/4 taza de azúcar por receta. Para simplificar, convertimos 2 tazas a fracción: 2 = 8/4. Luego, dividimos 8/4 entre 3/4: (8/4) / (3/4) = 8/4 * 4/3 = 32/12 = 8/3. Como 8/3 es mayor que 2, redondeamos a 2 veces. Por lo tanto, Ana puede repetir la receta 2 veces utilizando todo el azúcar que tiene."", ""answer"": ""2""}",
MA05-OA-07-02,5° básico,Números y operaciones,MA05 OA 07,"Demostrar que comprenden las fracciones propias:
• representándolas de manera concreta, pictórica y simbólica
• creando grupos de fracciones equivalentes -simplificando y amplificando- de manera concreta, pictórica y simbólica, de forma manual y/o con software educativo
• comparando fracciones propias con igual y distinto denominador de manera concreta, pictórica y simbólica.",identificar fracciones equivalentes,Trabajar fracciones propias; las equivalencias deben poder resolverse simbólicamente sin imagen.,pizza,HuggingFaceTB/SmolLM3-3B,"Genera un problema matemático verbal para un estudiante de 5° básico.
Debe estar alineado con el siguiente Objetivo de Aprendizaje: Demostrar que comprenden las fracciones propias:
• representándolas de manera concreta, pictórica y simbólica
• creando grupos de fracciones equivalentes -simplificando y amplificando- de manera concreta, pictórica y simbólica, de forma manual y/o con software educativo
• comparando fracciones propias con igual y distinto denominador de manera concreta, pictórica y simbólica.
Habilidad a evaluar: identificar fracciones equivalentes.
Condiciones curriculares: Trabajar fracciones propias; las equivalencias deben poder resolverse simbólicamente sin imagen..
Contexto: pizza.
Entrega el problema, su solución y la respuesta final.
Responde únicamente con un objeto JSON válido con esta estructura: {""problem"": ""..."", ""solution"": ""..."", ""answer"": ""...""}","Una pizza se corta en 8 partes iguales. Si Juan come 2 de esas partes, ¿cuántas partes de la pizza le quedan si la pizza se corta en 4 partes iguales en lugar de 8?","Primero, calculamos cuántas partes de la pizza le quedan a Juan cuando la pizza está en 8 partes. Si Juan come 2 partes, le quedan 8 - 2 = 6 partes. Luego, calculamos cuántas partes de la pizza le quedan a Juan cuando la pizza está en 4 partes. Para hacer esto, dividimos las 6 partes originales en partes de 4 partes cada una. 6 partes = 6/4 = 1.5 partes. Por lo tanto, Juan le queda 1.5 partes de la pizza cuando la pizza está cortada en 4 partes.",La respuesta es 1.5 partes de pizza.,"{""problem"": ""Una pizza se corta en 8 partes iguales. Si Juan come 2 de esas partes, ¿cuántas partes de la pizza le quedan si la pizza se corta en 4 partes iguales en lugar de 8?"", ""solution"": ""Primero, calculamos cuántas partes de la pizza le quedan a Juan cuando la pizza está en 8 partes. Si Juan come 2 partes, le quedan 8 - 2 = 6 partes. Luego, calculamos cuántas partes de la pizza le quedan a Juan cuando la pizza está en 4 partes. Para hacer esto, dividimos las 6 partes originales en partes de 4 partes cada una. 6 partes = 6/4 = 1.5 partes. Por lo tanto, Juan le queda 1.5 partes de la pizza cuando la pizza está cortada en 4 partes."", ""answer"": ""La respuesta es 1.5 partes de pizza.""}",
MA05-OA-07-03,5° básico,Números y operaciones,MA05 OA 07,"Demostrar que comprenden las fracciones propias:
• representándolas de manera concreta, pictórica y simbólica
• creando grupos de fracciones equivalentes -simplificando y amplificando- de manera concreta, pictórica y simbólica, de forma manual y/o con software educativo
• comparando fracciones propias con igual y distinto denominador de manera concreta, pictórica y simbólica.",simplificar una fracción,Trabajar fracciones propias; las equivalencias deben poder resolverse simbólicamente sin imagen.,huerto,HuggingFaceTB/SmolLM3-3B,"Genera un problema matemático verbal para un estudiante de 5° básico.
Debe estar alineado con el siguiente Objetivo de Aprendizaje: Demostrar que comprenden las fracciones propias:
• representándolas de manera concreta, pictórica y simbólica
• creando grupos de fracciones equivalentes -simplificando y amplificando- de manera concreta, pictórica y simbólica, de forma manual y/o con software educativo
• comparando fracciones propias con igual y distinto denominador de manera concreta, pictórica y simbólica.
Habilidad a evaluar: simplificar una fracción.
Condiciones curriculares: Trabajar fracciones propias; las equivalencias deben poder resolverse simbólicamente sin imagen..
Contexto: huerto.
Entrega el problema, su solución y la respuesta final.
Responde únicamente con un objeto JSON válido con esta estructura: {""problem"": ""..."", ""solution"": ""..."", ""answer"": ""...""}","En el huerto de la escuela, los niños están plantando semillas de tomate. Comenzaron con un grupo de 24 semillas. Decidieron dividir estas semillas entre 6 niños para que cada uno tenga la misma cantidad. ¿Cuántas semillas recibirán cada niño? Luego, decidieron que cada niño quiere plantar 2 tomates por semilla. ¿Cuántos tomates plantará cada niño en total? Responde con fracciones propias para explicar la división de las semillas.","Primero, dividimos 24 semillas entre 6 niños. Esto se puede representar como una fracción propia: rac{24}{6}. Simplificando esta fracción, obtenemos rac{4}{1} o simplemente 4 semillas por niño. Luego, cada niño quiere plantar 2 tomates por semilla. Esto se puede representar como 4 semillas por niño multiplicadas por 2 tomates por semilla, lo que da 4 * 2 = 8 tomates por niño. Por lo tanto, cada niño plantará 8 tomates.",8,"{""problem"": ""En el huerto de la escuela, los niños están plantando semillas de tomate. Comenzaron con un grupo de 24 semillas. Decidieron dividir estas semillas entre 6 niños para que cada uno tenga la misma cantidad. ¿Cuántas semillas recibirán cada niño? Luego, decidieron que cada niño quiere plantar 2 tomates por semilla. ¿Cuántos tomates plantará cada niño en total? Responde con fracciones propias para explicar la división de las semillas."", ""solution"": ""Primero, dividimos 24 semillas entre 6 niños. Esto se puede representar como una fracción propia: \frac{24}{6}. Simplificando esta fracción, obtenemos \frac{4}{1} o simplemente 4 semillas por niño. Luego, cada niño quiere plantar 2 tomates por semilla. Esto se puede representar como 4 semillas por niño multiplicadas por 2 tomates por semilla, lo que da 4 * 2 = 8 tomates por niño. Por lo tanto, cada niño plantará 8 tomates."", ""answer"": ""8""}",
MA05-OA-07-04,5° básico,Números y operaciones,MA05 OA 07,"Demostrar que comprenden las fracciones propias:
• representándolas de manera concreta, pictórica y simbólica
• creando grupos de fracciones equivalentes -simplificando y amplificando- de manera concreta, pictórica y simbólica, de forma manual y/o con software educativo
• comparando fracciones propias con igual y distinto denominador de manera concreta, pictórica y simbólica.",amplificar una fracción,Trabajar fracciones propias; las equivalencias deben poder resolverse simbólicamente sin imagen.,chocolate,HuggingFaceTB/SmolLM3-3B,"Genera un problema matemático verbal para un estudiante de 5° básico.
Debe estar alineado con el siguiente Objetivo de Aprendizaje: Demostrar que comprenden las fracciones propias:
• representándolas de manera concreta, pictórica y simbólica
• creando grupos de fracciones equivalentes -simplificando y amplificando- de manera concreta, pictórica y simbólica, de forma manual y/o con software educativo
• comparando fracciones propias con igual y distinto denominador de manera concreta, pictórica y simbólica.
Habilidad a evaluar: amplificar una fracción.
Condiciones curriculares: Trabajar fracciones propias; las equivalencias deben poder resolverse simbólicamente sin imagen..
Contexto: chocolate.
Entrega el problema, su solución y la respuesta final.
Responde únicamente con un objeto JSON válido con esta estructura: {""problem"": ""..."", ""solution"": ""..."", ""answer"": ""...""}","Tienes 8 barras de chocolate, cada una dividida en 4 partes iguales. Si decides comer 2 de estas barras enteras, ¿cuántas partes de chocolate comerás? ¿Cuántas partes de chocolate te quedarán?","Cada barra de chocolate tiene 4 partes iguales, por lo que 8 barras tienen 8 × 4 = 32 partes. Si comes 2 barras enteras, comes 2 × 4 = 8 partes. Por lo tanto, te quedan 32 - 8 = 24 partes de chocolate.",24,"{""problem"": ""Tienes 8 barras de chocolate, cada una dividida en 4 partes iguales. Si decides comer 2 de estas barras enteras, ¿cuántas partes de chocolate comerás? ¿Cuántas partes de chocolate te quedarán?"", ""solution"": ""Cada barra de chocolate tiene 4 partes iguales, por lo que 8 barras tienen 8 × 4 = 32 partes. Si comes 2 barras enteras, comes 2 × 4 = 8 partes. Por lo tanto, te quedan 32 - 8 = 24 partes de chocolate."", ""answer"": ""24""}",
MA05-OA-07-05,5° básico,Números y operaciones,MA05 OA 07,"Demostrar que comprenden las fracciones propias:
• representándolas de manera concreta, pictórica y simbólica
• creando grupos de fracciones equivalentes -simplificando y amplificando- de manera concreta, pictórica y simbólica, de forma manual y/o con software educativo
• comparando fracciones propias con igual y distinto denominador de manera concreta, pictórica y simbólica.",comparar fracciones propias con distinto denominador,Trabajar fracciones propias; las equivalencias deben poder resolverse simbólicamente sin imagen.,cinta,HuggingFaceTB/SmolLM3-3B,"Genera un problema matemático verbal para un estudiante de 5° básico.
Debe estar alineado con el siguiente Objetivo de Aprendizaje: Demostrar que comprenden las fracciones propias:
• representándolas de manera concreta, pictórica y simbólica
• creando grupos de fracciones equivalentes -simplificando y amplificando- de manera concreta, pictórica y simbólica, de forma manual y/o con software educativo
• comparando fracciones propias con igual y distinto denominador de manera concreta, pictórica y simbólica.
Habilidad a evaluar: comparar fracciones propias con distinto denominador.
Condiciones curriculares: Trabajar fracciones propias; las equivalencias deben poder resolverse simbólicamente sin imagen..
Contexto: cinta.
Entrega el problema, su solución y la respuesta final.
Responde únicamente con un objeto JSON válido con esta estructura: {""problem"": ""..."", ""solution"": ""..."", ""answer"": ""...""}",Ana tiene una cinta de 1 metro de largo. Decide cortarla en 5 partes iguales. ¿Cuál es la longitud de cada parte de la cinta? ¿Cómo se representa cada parte de la cinta como una fracción propia?,"Cada parte de la cinta tiene una longitud de 1/5 de metro. Para representar cada parte como una fracción propia, podemos usar una figura con 5 partes iguales, donde una de ellas está coloreada o marcada. Esto simboliza 1/5 del total de la cinta.","La longitud de cada parte de la cinta es 1/5 de metro. Esto se representa simbólicamente con la fracción 1/5 y con una figura de 5 partes iguales, donde una de ellas está marcada.","{""problem"": ""Ana tiene una cinta de 1 metro de largo. Decide cortarla en 5 partes iguales. ¿Cuál es la longitud de cada parte de la cinta? ¿Cómo se representa cada parte de la cinta como una fracción propia?"", ""solution"": ""Cada parte de la cinta tiene una longitud de 1/5 de metro. Para representar cada parte como una fracción propia, podemos usar una figura con 5 partes iguales, donde una de ellas está coloreada o marcada. Esto simboliza 1/5 del total de la cinta."", ""answer"": ""La longitud de cada parte de la cinta es 1/5 de metro. Esto se representa simbólicamente con la fracción 1/5 y con una figura de 5 partes iguales, donde una de ellas está marcada.""}",
MA05-OA-08-01,5° básico,Números y operaciones,MA05 OA 08,"Demostrar que comprenden las fracciones impropias de uso común de denominadores 2, 3, 4, 5, 6, 8, 10, 12 y los números mixtos asociados:
• usando material concreto y pictórico para representarlas, de manera manual y/o con software educativo
• identificando y determinando equivalencias entre fracciones impropias y números mixtos
• representando estas fracciones y estos números mixtos en la recta numérica.",interpretar una fracción impropia,"Usar denominadores 2, 3, 4, 5, 6, 8, 10 o 12 y números mixtos asociados.",pizzas,HuggingFaceTB/SmolLM3-3B,"Genera un problema matemático verbal para un estudiante de 5° básico.
Debe estar alineado con el siguiente Objetivo de Aprendizaje: Demostrar que comprenden las fracciones impropias de uso común de denominadores 2, 3, 4, 5, 6, 8, 10, 12 y los números mixtos asociados:
• usando material concreto y pictórico para representarlas, de manera manual y/o con software educativo
• identificando y determinando equivalencias entre fracciones impropias y números mixtos
• representando estas fracciones y estos números mixtos en la recta numérica.
Habilidad a evaluar: interpretar una fracción impropia.
Condiciones curriculares: Usar denominadores 2, 3, 4, 5, 6, 8, 10 o 12 y números mixtos asociados..
Contexto: pizzas.
Entrega el problema, su solución y la respuesta final.
Responde únicamente con un objeto JSON válido con esta estructura: {""problem"": ""..."", ""solution"": ""..."", ""answer"": ""...""}","Un grupo de amigos decidió dividir una pizza grande entre ellos. Si hay 7 amigos y cada uno recibe una pizza impropia con un denominador de 8, ¿cuál es la fracción impropia que recibe cada amigo si la pizza se divide exactamente entre ellos? Luego, ¿qué número mixto representa la misma cantidad de pizza que la fracción impropia encontrada?","Para encontrar la fracción impropia que recibe cada amigo, dividimos el número total de amigos (7) por el denominador de la fracción impropia (8). La fracción impropia es 7/8. Para representar esta fracción en un número mixto, dividimos el numerador (7) entre el denominador (8). El cociente es 0 con un residuo de 7. Por lo tanto, la fracción impropia 7/8 se puede escribir como el número mixto 0 7/8.",La fracción impropia que recibe cada amigo es 7/8 y el número mixto asociado es 0 7/8.,"{""problem"": ""Un grupo de amigos decidió dividir una pizza grande entre ellos. Si hay 7 amigos y cada uno recibe una pizza impropia con un denominador de 8, ¿cuál es la fracción impropia que recibe cada amigo si la pizza se divide exactamente entre ellos? Luego, ¿qué número mixto representa la misma cantidad de pizza que la fracción impropia encontrada?"", ""solution"": ""Para encontrar la fracción impropia que recibe cada amigo, dividimos el número total de amigos (7) por el denominador de la fracción impropia (8). La fracción impropia es 7/8. Para representar esta fracción en un número mixto, dividimos el numerador (7) entre el denominador (8). El cociente es 0 con un residuo de 7. Por lo tanto, la fracción impropia 7/8 se puede escribir como el número mixto 0 7/8."", ""answer"": ""La fracción impropia que recibe cada amigo es 7/8 y el número mixto asociado es 0 7/8.""}",
MA05-OA-08-02,5° básico,Números y operaciones,MA05 OA 08,"Demostrar que comprenden las fracciones impropias de uso común de denominadores 2, 3, 4, 5, 6, 8, 10, 12 y los números mixtos asociados:
• usando material concreto y pictórico para representarlas, de manera manual y/o con software educativo
• identificando y determinando equivalencias entre fracciones impropias y números mixtos
• representando estas fracciones y estos números mixtos en la recta numérica.",convertir fracción impropia a número mixto,"Usar denominadores 2, 3, 4, 5, 6, 8, 10 o 12 y números mixtos asociados.",litros,HuggingFaceTB/SmolLM3-3B,"Genera un problema matemático verbal para un estudiante de 5° básico.
Debe estar alineado con el siguiente Objetivo de Aprendizaje: Demostrar que comprenden las fracciones impropias de uso común de denominadores 2, 3, 4, 5, 6, 8, 10, 12 y los números mixtos asociados:
• usando material concreto y pictórico para representarlas, de manera manual y/o con software educativo
• identificando y determinando equivalencias entre fracciones impropias y números mixtos
• representando estas fracciones y estos números mixtos en la recta numérica.
Habilidad a evaluar: convertir fracción impropia a número mixto.
Condiciones curriculares: Usar denominadores 2, 3, 4, 5, 6, 8, 10 o 12 y números mixtos asociados..
Contexto: litros.
Entrega el problema, su solución y la respuesta final.
Responde únicamente con un objeto JSON válido con esta estructura: {""problem"": ""..."", ""solution"": ""..."", ""answer"": ""...""}","Un recipiente puede contener 3 litros de agua. Si se llena completamente, ¿cuántos litros de agua se necesitan para llenarlo? Asegúrate de que tu respuesta sea un número mixto. Explica tu proceso de forma detallada, utilizando fracciones impropias y números mixtos.","Para resolver este problema, primero determinamos la fracción impropia que representa la cantidad total de agua necesaria para llenar el recipiente. Dado que el recipiente puede contener 3 litros, la fracción impropia es 3/1. A continuación, convertimos esta fracción impropia a un número mixto. Para hacerlo, dividimos el numerador (3) entre el denominador (1), lo que da 3. El cociente es 3 y el residuo es 0. Por lo tanto, 3/1 se convierte en 3 0/1, que es simplemente 3. Entonces, necesitamos 3 litros de agua para llenar el recipiente.",3,"{""problem"": ""Un recipiente puede contener 3 litros de agua. Si se llena completamente, ¿cuántos litros de agua se necesitan para llenarlo? Asegúrate de que tu respuesta sea un número mixto. Explica tu proceso de forma detallada, utilizando fracciones impropias y números mixtos."", ""solution"": ""Para resolver este problema, primero determinamos la fracción impropia que representa la cantidad total de agua necesaria para llenar el recipiente. Dado que el recipiente puede contener 3 litros, la fracción impropia es 3/1. A continuación, convertimos esta fracción impropia a un número mixto. Para hacerlo, dividimos el numerador (3) entre el denominador (1), lo que da 3. El cociente es 3 y el residuo es 0. Por lo tanto, 3/1 se convierte en 3 0/1, que es simplemente 3. Entonces, necesitamos 3 litros de agua para llenar el recipiente."", ""answer"": ""3""}",
MA05-OA-08-03,5° básico,Números y operaciones,MA05 OA 08,"Demostrar que comprenden las fracciones impropias de uso común de denominadores 2, 3, 4, 5, 6, 8, 10, 12 y los números mixtos asociados:
• usando material concreto y pictórico para representarlas, de manera manual y/o con software educativo
• identificando y determinando equivalencias entre fracciones impropias y números mixtos
• representando estas fracciones y estos números mixtos en la recta numérica.",convertir número mixto a fracción impropia,"Usar denominadores 2, 3, 4, 5, 6, 8, 10 o 12 y números mixtos asociados.",metros de cuerda,HuggingFaceTB/SmolLM3-3B,"Genera un problema matemático verbal para un estudiante de 5° básico.
Debe estar alineado con el siguiente Objetivo de Aprendizaje: Demostrar que comprenden las fracciones impropias de uso común de denominadores 2, 3, 4, 5, 6, 8, 10, 12 y los números mixtos asociados:
• usando material concreto y pictórico para representarlas, de manera manual y/o con software educativo
• identificando y determinando equivalencias entre fracciones impropias y números mixtos
• representando estas fracciones y estos números mixtos en la recta numérica.
Habilidad a evaluar: convertir número mixto a fracción impropia.
Condiciones curriculares: Usar denominadores 2, 3, 4, 5, 6, 8, 10 o 12 y números mixtos asociados..
Contexto: metros de cuerda.
Entrega el problema, su solución y la respuesta final.
Responde únicamente con un objeto JSON válido con esta estructura: {""problem"": ""..."", ""solution"": ""..."", ""answer"": ""...""}",Una cuerda tiene una longitud de 7 metros y 1/2 metros. ¿Cuál es la longitud de la cuerda en forma de fracción impropia?,"Para convertir el número mixto 7 y 1/2 a una fracción impropia, primero multiplicamos el número entero por el denominador de la fracción y luego sumamos el numerador de la fracción. En este caso, 7 metros es igual a 7 * 2 = 14 metros. Luego, sumamos 1 metro (el numerador de la fracción 1/2) a 14 metros, lo que da 15 metros. Por lo tanto, la longitud de la cuerda en forma de fracción impropia es 15/2 metros.",La longitud de la cuerda en forma de fracción impropia es 15/2 metros.,"{
  ""problem"": ""Una cuerda tiene una longitud de 7 metros y 1/2 metros. ¿Cuál es la longitud de la cuerda en forma de fracción impropia?"",
  ""solution"": ""Para convertir el número mixto 7 y 1/2 a una fracción impropia, primero multiplicamos el número entero por el denominador de la fracción y luego sumamos el numerador de la fracción. En este caso, 7 metros es igual a 7 * 2 = 14 metros. Luego, sumamos 1 metro (el numerador de la fracción 1/2) a 14 metros, lo que da 15 metros. Por lo tanto, la longitud de la cuerda en forma de fracción impropia es 15/2 metros."",
  ""answer"": ""La longitud de la cuerda en forma de fracción impropia es 15/2 metros.""
}",
MA05-OA-08-04,5° básico,Números y operaciones,MA05 OA 08,"Demostrar que comprenden las fracciones impropias de uso común de denominadores 2, 3, 4, 5, 6, 8, 10, 12 y los números mixtos asociados:
• usando material concreto y pictórico para representarlas, de manera manual y/o con software educativo
• identificando y determinando equivalencias entre fracciones impropias y números mixtos
• representando estas fracciones y estos números mixtos en la recta numérica.",identificar equivalencias,"Usar denominadores 2, 3, 4, 5, 6, 8, 10 o 12 y números mixtos asociados.",recetas,HuggingFaceTB/SmolLM3-3B,"Genera un problema matemático verbal para un estudiante de 5° básico.
Debe estar alineado con el siguiente Objetivo de Aprendizaje: Demostrar que comprenden las fracciones impropias de uso común de denominadores 2, 3, 4, 5, 6, 8, 10, 12 y los números mixtos asociados:
• usando material concreto y pictórico para representarlas, de manera manual y/o con software educativo
• identificando y determinando equivalencias entre fracciones impropias y números mixtos
• representando estas fracciones y estos números mixtos en la recta numérica.
Habilidad a evaluar: identificar equivalencias.
Condiciones curriculares: Usar denominadores 2, 3, 4, 5, 6, 8, 10 o 12 y números mixtos asociados..
Contexto: recetas.
Entrega el problema, su solución y la respuesta final.
Responde únicamente con un objeto JSON válido con esta estructura: {""problem"": ""..."", ""solution"": ""..."", ""answer"": ""...""}",María está preparando una receta que requiere 3 y 3/4 tazas de harina. Ella tiene una bolsa grande de harina que pesa 8 tazas. ¿Cuántas bolsas de harina más necesita María para completar la receta?,"Para resolver este problema, primero debemos entender qué significa 3 y 3/4 tazas de harina. 3 y 3/4 es una fracción impropia, que se puede convertir en una fracción mixta. 3 y 3/4 es igual a 15/4 tazas. María necesita 15/4 tazas de harina. Ella tiene 8 tazas de harina en la bolsa grande. Para determinar cuántas bolsas de harina más necesita, primero calculamos cuánta harina necesita más: 15/4 tazas - 8 tazas. Convertimos 8 tazas a cuartos de taza (4/1 = 16/2, 16/2 = 32/4). Entonces, 15/4 - 32/4 = -17/4. Esto indica que María tiene más harina de la que necesita, pero para entender cuántas bolsas más necesita, consideremos la cantidad de harina que faltaba si la receta fuera más grande. Sin embargo, en este caso, María tiene suficiente harina en una bolsa. Por lo tanto, María no necesita más bolsas de harina.","María no necesita más bolsas de harina, ya que tiene suficiente harina en la bolsa grande que pesa 8 tazas.","{""problem"": ""María está preparando una receta que requiere 3 y 3/4 tazas de harina. Ella tiene una bolsa grande de harina que pesa 8 tazas. ¿Cuántas bolsas de harina más necesita María para completar la receta?"", ""solution"": ""Para resolver este problema, primero debemos entender qué significa 3 y 3/4 tazas de harina. 3 y 3/4 es una fracción impropia, que se puede convertir en una fracción mixta. 3 y 3/4 es igual a 15/4 tazas. María necesita 15/4 tazas de harina. Ella tiene 8 tazas de harina en la bolsa grande. Para determinar cuántas bolsas de harina más necesita, primero calculamos cuánta harina necesita más: 15/4 tazas - 8 tazas. Convertimos 8 tazas a cuartos de taza (4/1 = 16/2, 16/2 = 32/4). Entonces, 15/4 - 32/4 = -17/4. Esto indica que María tiene más harina de la que necesita, pero para entender cuántas bolsas más necesita, consideremos la cantidad de harina que faltaba si la receta fuera más grande. Sin embargo, en este caso, María tiene suficiente harina en una bolsa. Por lo tanto, María no necesita más bolsas de harina."", ""answer"": ""María no necesita más bolsas de harina, ya que tiene suficiente harina en la bolsa grande que pesa 8 tazas.""}",
MA05-OA-08-05,5° básico,Números y operaciones,MA05 OA 08,"Demostrar que comprenden las fracciones impropias de uso común de denominadores 2, 3, 4, 5, 6, 8, 10, 12 y los números mixtos asociados:
• usando material concreto y pictórico para representarlas, de manera manual y/o con software educativo
• identificando y determinando equivalencias entre fracciones impropias y números mixtos
• representando estas fracciones y estos números mixtos en la recta numérica.",comparar cantidades expresadas como impropias o mixtos,"Usar denominadores 2, 3, 4, 5, 6, 8, 10 o 12 y números mixtos asociados.",chocolates,HuggingFaceTB/SmolLM3-3B,"Genera un problema matemático verbal para un estudiante de 5° básico.
Debe estar alineado con el siguiente Objetivo de Aprendizaje: Demostrar que comprenden las fracciones impropias de uso común de denominadores 2, 3, 4, 5, 6, 8, 10, 12 y los números mixtos asociados:
• usando material concreto y pictórico para representarlas, de manera manual y/o con software educativo
• identificando y determinando equivalencias entre fracciones impropias y números mixtos
• representando estas fracciones y estos números mixtos en la recta numérica.
Habilidad a evaluar: comparar cantidades expresadas como impropias o mixtos.
Condiciones curriculares: Usar denominadores 2, 3, 4, 5, 6, 8, 10 o 12 y números mixtos asociados..
Contexto: chocolates.
Entrega el problema, su solución y la respuesta final.
Responde únicamente con un objeto JSON válido con esta estructura: {""problem"": ""..."", ""solution"": ""..."", ""answer"": ""...""}","Tienes 7 tortas de chocolate, y cada torta está dividida en 3 partes iguales. ¿Cuántas partes de torta tienes en total? ¿Cuál es la fracción que representa la cantidad total de partes de torta que tienes? ¿Puedes representar esta fracción como un número mixto? ¿Y cómo se vería esta fracción en la recta numérica? ¿Puedes comparar la cantidad de partes de torta que tienes con la cantidad de partes de torta que faltan para tener 9 tortas completas?","7 tortas divididas en 3 partes iguales cada una, da 7 x 3 = 21 partes de torta en total. La fracción que representa la cantidad total de partes de torta que tienes es 21/3. Como 21/3 = 7, esta fracción es equivalente al número entero 7, que se puede representar como el número mixto 0 7/3 (considerando que 7 es mayor que 3). En la recta numérica, 21/3 se ubicaría entre 6 y 7, exactamente en 7. Para comparar con 9 tortas completas, necesitas 9 x 3 = 27 partes de torta. Has 21 partes de torta, por lo que faltan 27 - 21 = 6 partes de torta para tener 9 tortas completas.","21/3 = 7 (número mixto: 0 7/3), ubicado en 7 en la recta numérica, faltan 6 partes de torta para tener 9 tortas completas.","{""problem"": ""Tienes 7 tortas de chocolate, y cada torta está dividida en 3 partes iguales. ¿Cuántas partes de torta tienes en total? ¿Cuál es la fracción que representa la cantidad total de partes de torta que tienes? ¿Puedes representar esta fracción como un número mixto? ¿Y cómo se vería esta fracción en la recta numérica? ¿Puedes comparar la cantidad de partes de torta que tienes con la cantidad de partes de torta que faltan para tener 9 tortas completas?"", ""solution"": ""7 tortas divididas en 3 partes iguales cada una, da 7 x 3 = 21 partes de torta en total. La fracción que representa la cantidad total de partes de torta que tienes es 21/3. Como 21/3 = 7, esta fracción es equivalente al número entero 7, que se puede representar como el número mixto 0 7/3 (considerando que 7 es mayor que 3). En la recta numérica, 21/3 se ubicaría entre 6 y 7, exactamente en 7. Para comparar con 9 tortas completas, necesitas 9 x 3 = 27 partes de torta. Has 21 partes de torta, por lo que faltan 27 - 21 = 6 partes de torta para tener 9 tortas completas."", ""answer"": ""21/3 = 7 (número mixto: 0 7/3), ubicado en 7 en la recta numérica, faltan 6 partes de torta para tener 9 tortas completas.""}",
MA05-OA-09-01,5° básico,Números y operaciones,MA05 OA 09,"Resolver adiciones y sustracciones con fracciones propias con denominadores menores o iguales a 12:
• de manera pictórica y simbólica
• amplificando o simplificando.",sumar fracciones propias con igual denominador,Usar fracciones propias con denominadores menores o iguales a 12.,recetas,HuggingFaceTB/SmolLM3-3B,"Genera un problema matemático verbal para un estudiante de 5° básico.
Debe estar alineado con el siguiente Objetivo de Aprendizaje: Resolver adiciones y sustracciones con fracciones propias con denominadores menores o iguales a 12:
• de manera pictórica y simbólica
• amplificando o simplificando.
Habilidad a evaluar: sumar fracciones propias con igual denominador.
Condiciones curriculares: Usar fracciones propias con denominadores menores o iguales a 12..
Contexto: recetas.
Entrega el problema, su solución y la respuesta final.
Responde únicamente con un objeto JSON válido con esta estructura: {""problem"": ""..."", ""solution"": ""..."", ""answer"": ""...""}","Una receta de panqueques requiere 3/4 de taza de harina y 1/2 de taza de azúcar. Si se necesita duplicar la receta, ¿cuántas tazas de harina y azúcar se necesitarán?","Para duplicar la receta, multiplicamos cada fracción por 2. 3/4 * 2 = 6/4 y 1/2 * 2 = 2/2. Simplificamos 6/4 a 3/2. Por lo tanto, se necesitarán 3/2 tazas de harina y 2 tazas de azúcar.",3/2 tazas de harina y 2 tazas de azúcar,"{
  ""problem"": ""Una receta de panqueques requiere 3/4 de taza de harina y 1/2 de taza de azúcar. Si se necesita duplicar la receta, ¿cuántas tazas de harina y azúcar se necesitarán?"",
  ""solution"": ""Para duplicar la receta, multiplicamos cada fracción por 2. 3/4 * 2 = 6/4 y 1/2 * 2 = 2/2. Simplificamos 6/4 a 3/2. Por lo tanto, se necesitarán 3/2 tazas de harina y 2 tazas de azúcar."",
  ""answer"": ""3/2 tazas de harina y 2 tazas de azúcar""
}",
MA05-OA-09-02,5° básico,Números y operaciones,MA05 OA 09,"Resolver adiciones y sustracciones con fracciones propias con denominadores menores o iguales a 12:
• de manera pictórica y simbólica
• amplificando o simplificando.",restar fracciones propias con igual denominador,Usar fracciones propias con denominadores menores o iguales a 12.,cinta,HuggingFaceTB/SmolLM3-3B,"Genera un problema matemático verbal para un estudiante de 5° básico.
Debe estar alineado con el siguiente Objetivo de Aprendizaje: Resolver adiciones y sustracciones con fracciones propias con denominadores menores o iguales a 12:
• de manera pictórica y simbólica
• amplificando o simplificando.
Habilidad a evaluar: restar fracciones propias con igual denominador.
Condiciones curriculares: Usar fracciones propias con denominadores menores o iguales a 12..
Contexto: cinta.
Entrega el problema, su solución y la respuesta final.
Responde únicamente con un objeto JSON válido con esta estructura: {""problem"": ""..."", ""solution"": ""..."", ""answer"": ""...""}",Un grupo de estudiantes está cortando cinta para un proyecto escolar. Tienen 8 cintas de 1/4 de metro de largo y 3 cintas de 1/3 de metro de largo. ¿Cuánto metro de cinta tienen en total? Resuelve el problema usando fracciones propias con denominadores menores o iguales a 12.,"Para resolver este problema, primero calculamos la longitud total de las cintas de 1/4 de metro. Tenemos 8 cintas, por lo que la longitud total es 8 * (1/4) = 2 metros. Luego, calculamos la longitud total de las cintas de 1/3 de metro. Tenemos 3 cintas, por lo que la longitud total es 3 * (1/3) = 1 metro. Sumamos las longitudes de ambas cantidades de cinta: 2 metros + 1 metro = 3 metros. Por lo tanto, el grupo de estudiantes tiene 3 metros de cinta en total.",3,"{""problem"": ""Un grupo de estudiantes está cortando cinta para un proyecto escolar. Tienen 8 cintas de 1/4 de metro de largo y 3 cintas de 1/3 de metro de largo. ¿Cuánto metro de cinta tienen en total? Resuelve el problema usando fracciones propias con denominadores menores o iguales a 12."", ""solution"": ""Para resolver este problema, primero calculamos la longitud total de las cintas de 1/4 de metro. Tenemos 8 cintas, por lo que la longitud total es 8 * (1/4) = 2 metros. Luego, calculamos la longitud total de las cintas de 1/3 de metro. Tenemos 3 cintas, por lo que la longitud total es 3 * (1/3) = 1 metro. Sumamos las longitudes de ambas cantidades de cinta: 2 metros + 1 metro = 3 metros. Por lo tanto, el grupo de estudiantes tiene 3 metros de cinta en total."", ""answer"": ""3""}",
MA05-OA-09-03,5° básico,Números y operaciones,MA05 OA 09,"Resolver adiciones y sustracciones con fracciones propias con denominadores menores o iguales a 12:
• de manera pictórica y simbólica
• amplificando o simplificando.",sumar fracciones con distinto denominador,Usar fracciones propias con denominadores menores o iguales a 12.,pizza,HuggingFaceTB/SmolLM3-3B,"Genera un problema matemático verbal para un estudiante de 5° básico.
Debe estar alineado con el siguiente Objetivo de Aprendizaje: Resolver adiciones y sustracciones con fracciones propias con denominadores menores o iguales a 12:
• de manera pictórica y simbólica
• amplificando o simplificando.
Habilidad a evaluar: sumar fracciones con distinto denominador.
Condiciones curriculares: Usar fracciones propias con denominadores menores o iguales a 12..
Contexto: pizza.
Entrega el problema, su solución y la respuesta final.
Responde únicamente con un objeto JSON válido con esta estructura: {""problem"": ""..."", ""solution"": ""..."", ""answer"": ""...""}","María y Ana están dividiendo una pizza de 12 rebanadas entre ellas. María come 3/4 de la pizza, y Ana come 1/3 de la pizza. ¿Cuántas rebanadas de pizza quedan sin comer?","Primero, convertimos las fracciones a un denominador común de 12. María come 3/4 = 9/12 rebanadas. Ana come 1/3 = 4/12 rebanadas. En total, comen 9/12 + 4/12 = 13/12 rebanadas. Sin embargo, solo hay 12 rebanadas en total. Entonces, 13/12 - 12/12 = 1/12 rebanada. Las rebanadas restantes son 1/12.",1/12,"{""problem"": ""María y Ana están dividiendo una pizza de 12 rebanadas entre ellas. María come 3/4 de la pizza, y Ana come 1/3 de la pizza. ¿Cuántas rebanadas de pizza quedan sin comer?"", ""solution"": ""Primero, convertimos las fracciones a un denominador común de 12. María come 3/4 = 9/12 rebanadas. Ana come 1/3 = 4/12 rebanadas. En total, comen 9/12 + 4/12 = 13/12 rebanadas. Sin embargo, solo hay 12 rebanadas en total. Entonces, 13/12 - 12/12 = 1/12 rebanada. Las rebanadas restantes son 1/12."", ""answer"": ""1/12""}",
MA05-OA-09-04,5° básico,Números y operaciones,MA05 OA 09,"Resolver adiciones y sustracciones con fracciones propias con denominadores menores o iguales a 12:
• de manera pictórica y simbólica
• amplificando o simplificando.",restar fracciones con distinto denominador,Usar fracciones propias con denominadores menores o iguales a 12.,botellas,HuggingFaceTB/SmolLM3-3B,"Genera un problema matemático verbal para un estudiante de 5° básico.
Debe estar alineado con el siguiente Objetivo de Aprendizaje: Resolver adiciones y sustracciones con fracciones propias con denominadores menores o iguales a 12:
• de manera pictórica y simbólica
• amplificando o simplificando.
Habilidad a evaluar: restar fracciones con distinto denominador.
Condiciones curriculares: Usar fracciones propias con denominadores menores o iguales a 12..
Contexto: botellas.
Entrega el problema, su solución y la respuesta final.
Responde únicamente con un objeto JSON válido con esta estructura: {""problem"": ""..."", ""solution"": ""..."", ""answer"": ""...""}","En un juego escolar, los estudiantes recibieron botellas de agua. María recibió 3 botellas de 1/2 litro cada una, Juan recibió 2 botellas de 1/3 litro cada una, y Luis recibió 1 botella de 1/6 litro. ¿Cuántos litros de agua recibieron los estudiantes en total?","Para resolver este problema, primero calculamos la cantidad de agua que recibieron cada estudiante. María recibió 3 botellas de 1/2 litro cada una, por lo que la cantidad de agua que recibió es 3 * (1/2) = 3/2 litros. Juan recibió 2 botellas de 1/3 litro cada una, por lo que la cantidad de agua que recibió es 2 * (1/3) = 2/3 litros. Luis recibió 1 botella de 1/6 litro, por lo que la cantidad de agua que recibió es 1 * (1/6) = 1/6 litros. Ahora, sumamos la cantidad de agua que recibieron todos los estudiantes: 3/2 + 2/3 + 1/6. Para sumar estas fracciones, necesitamos encontrar un denominador común. El denominador común más pequeño para 2, 3 y 6 es 6. Convertimos cada fracción a este denominador: 3/2 = 9/6, 2/3 = 4/6, y 1/6 = 1/6. Ahora, sumamos: 9/6 + 4/6 + 1/6 = 14/6. Simplificamos la fracción 14/6, que es igual a 7/3 litros. Por lo tanto, los estudiantes recibieron un total de 7/3 litros de agua.",7/3,"{""problem"": ""En un juego escolar, los estudiantes recibieron botellas de agua. María recibió 3 botellas de 1/2 litro cada una, Juan recibió 2 botellas de 1/3 litro cada una, y Luis recibió 1 botella de 1/6 litro. ¿Cuántos litros de agua recibieron los estudiantes en total?"", ""solution"": ""Para resolver este problema, primero calculamos la cantidad de agua que recibieron cada estudiante. María recibió 3 botellas de 1/2 litro cada una, por lo que la cantidad de agua que recibió es 3 * (1/2) = 3/2 litros. Juan recibió 2 botellas de 1/3 litro cada una, por lo que la cantidad de agua que recibió es 2 * (1/3) = 2/3 litros. Luis recibió 1 botella de 1/6 litro, por lo que la cantidad de agua que recibió es 1 * (1/6) = 1/6 litros. Ahora, sumamos la cantidad de agua que recibieron todos los estudiantes: 3/2 + 2/3 + 1/6. Para sumar estas fracciones, necesitamos encontrar un denominador común. El denominador común más pequeño para 2, 3 y 6 es 6. Convertimos cada fracción a este denominador: 3/2 = 9/6, 2/3 = 4/6, y 1/6 = 1/6. Ahora, sumamos: 9/6 + 4/6 + 1/6 = 14/6. Simplificamos la fracción 14/6, que es igual a 7/3 litros. Por lo tanto, los estudiantes recibieron un total de 7/3 litros de agua."", ""answer"": ""7/3""}",
MA05-OA-09-05,5° básico,Números y operaciones,MA05 OA 09,"Resolver adiciones y sustracciones con fracciones propias con denominadores menores o iguales a 12:
• de manera pictórica y simbólica
• amplificando o simplificando.",resolver un problema con amplificación o simplificación,Usar fracciones propias con denominadores menores o iguales a 12.,huerto,HuggingFaceTB/SmolLM3-3B,"Genera un problema matemático verbal para un estudiante de 5° básico.
Debe estar alineado con el siguiente Objetivo de Aprendizaje: Resolver adiciones y sustracciones con fracciones propias con denominadores menores o iguales a 12:
• de manera pictórica y simbólica
• amplificando o simplificando.
Habilidad a evaluar: resolver un problema con amplificación o simplificación.
Condiciones curriculares: Usar fracciones propias con denominadores menores o iguales a 12..
Contexto: huerto.
Entrega el problema, su solución y la respuesta final.
Responde únicamente con un objeto JSON válido con esta estructura: {""problem"": ""..."", ""solution"": ""..."", ""answer"": ""...""}","En el huerto de la escuela, hay 8 manzanas y 5 plátanos. Si el Sr. García quiere distribuir estas frutas entre 3 amigos, pero necesita que cada amigo reciba la misma cantidad, ¿cuántas manzanas y plátanos debe tomar cada amigo y cuántas frutas quedan en el huerto?","Para resolver este problema, primero debemos sumar las frutas que hay en el huerto. 8 manzanas + 5 plátanos = 13 frutas. Luego, debemos dividir estas 13 frutas entre 3 amigos. 13 frutas ÷ 3 amigos = 4 frutas (con amplificación) con un resto de 1 fruta. Para que cada amigo reciba la misma cantidad, podemos darles 4 manzanas y plátanos a cada uno, y 1 fruta (la que queda) se puede distribuir de manera desigual. Sin embargo, para mantener la igualdad, podemos darles 4 manzanas y plátanos a cada uno, y dejar las 1 fruta restante en el huerto. Por lo tanto, cada amigo recibirá 4 manzanas y plátanos, y quedan 1 fruta en el huerto.","Cada amigo recibirá 4 manzanas y plátanos, y quedan 1 fruta en el huerto.","{""problem"": ""En el huerto de la escuela, hay 8 manzanas y 5 plátanos. Si el Sr. García quiere distribuir estas frutas entre 3 amigos, pero necesita que cada amigo reciba la misma cantidad, ¿cuántas manzanas y plátanos debe tomar cada amigo y cuántas frutas quedan en el huerto?"", ""solution"": ""Para resolver este problema, primero debemos sumar las frutas que hay en el huerto. 8 manzanas + 5 plátanos = 13 frutas. Luego, debemos dividir estas 13 frutas entre 3 amigos. 13 frutas ÷ 3 amigos = 4 frutas (con amplificación) con un resto de 1 fruta. Para que cada amigo reciba la misma cantidad, podemos darles 4 manzanas y plátanos a cada uno, y 1 fruta (la que queda) se puede distribuir de manera desigual. Sin embargo, para mantener la igualdad, podemos darles 4 manzanas y plátanos a cada uno, y dejar las 1 fruta restante en el huerto. Por lo tanto, cada amigo recibirá 4 manzanas y plátanos, y quedan 1 fruta en el huerto."", ""answer"": ""Cada amigo recibirá 4 manzanas y plátanos, y quedan 1 fruta en el huerto.""}",
MA05-OA-10-01,5° básico,Números y operaciones,MA05 OA 10,"Determinar el decimal que corresponde a fracciones con denominador 2, 4, 5 y 10.",convertir una mitad a decimal,"Usar fracciones con denominador 2, 4, 5 o 10.",dinero,HuggingFaceTB/SmolLM3-3B,"Genera un problema matemático verbal para un estudiante de 5° básico.
Debe estar alineado con el siguiente Objetivo de Aprendizaje: Determinar el decimal que corresponde a fracciones con denominador 2, 4, 5 y 10.
Habilidad a evaluar: convertir una mitad a decimal.
Condiciones curriculares: Usar fracciones con denominador 2, 4, 5 o 10..
Contexto: dinero.
Entrega el problema, su solución y la respuesta final.
Responde únicamente con un objeto JSON válido con esta estructura: {""problem"": ""..."", ""solution"": ""..."", ""answer"": ""...""}","En una tienda, una caja de chocolates cuesta la mitad de lo que cuesta una caja de galletas. Si la caja de galletas cuesta 2.50 dólares, ¿cuánto cuesta la caja de chocolates en dólares? Responde en decimal.","Primero, determinamos el costo de la caja de chocolates. Dado que cuesta la mitad de la caja de galletas, calculamos 2.50 ÷ 2. Esto da 1.25. Por lo tanto, la caja de chocolates cuesta 1.25 dólares.",1.25,"{""problem"": ""En una tienda, una caja de chocolates cuesta la mitad de lo que cuesta una caja de galletas. Si la caja de galletas cuesta 2.50 dólares, ¿cuánto cuesta la caja de chocolates en dólares? Responde en decimal."", ""solution"": ""Primero, determinamos el costo de la caja de chocolates. Dado que cuesta la mitad de la caja de galletas, calculamos 2.50 ÷ 2. Esto da 1.25. Por lo tanto, la caja de chocolates cuesta 1.25 dólares."", ""answer"": ""1.25""}",
MA05-OA-10-02,5° básico,Números y operaciones,MA05 OA 10,"Determinar el decimal que corresponde a fracciones con denominador 2, 4, 5 y 10.",convertir cuartos a decimal,"Usar fracciones con denominador 2, 4, 5 o 10.",medidas,HuggingFaceTB/SmolLM3-3B,"Genera un problema matemático verbal para un estudiante de 5° básico.
Debe estar alineado con el siguiente Objetivo de Aprendizaje: Determinar el decimal que corresponde a fracciones con denominador 2, 4, 5 y 10.
Habilidad a evaluar: convertir cuartos a decimal.
Condiciones curriculares: Usar fracciones con denominador 2, 4, 5 o 10..
Contexto: medidas.
Entrega el problema, su solución y la respuesta final.
Responde únicamente con un objeto JSON válido con esta estructura: {""problem"": ""..."", ""solution"": ""..."", ""answer"": ""...""}","En una clase de matemáticas, el profesor pide a los estudiantes que conviertan los cuartos en decimales. Por ejemplo, ¿cuánto es 3 cuartos en decimal? Los estudiantes saben que 1 quinto es igual a 0.2 y 1 cuarto es igual a 0.25. ¿Pueden ayudar a los demás a convertir otros cuartos a decimales usando esta información?","Para convertir cuartos a decimales, es útil recordar que 1 cuarto es igual a 0.25. Por ejemplo, 2 cuartos son 2 x 0.25 = 0.5, 3 cuartos son 3 x 0.25 = 0.75, y 4 cuartos son 4 x 0.25 = 1.0. Así, cualquier número de cuartos puede convertirse a decimal multiplicando el número de cuartos por 0.25.","Para 3 cuartos, el decimal es 0.75.","{""problem"": ""En una clase de matemáticas, el profesor pide a los estudiantes que conviertan los cuartos en decimales. Por ejemplo, ¿cuánto es 3 cuartos en decimal? Los estudiantes saben que 1 quinto es igual a 0.2 y 1 cuarto es igual a 0.25. ¿Pueden ayudar a los demás a convertir otros cuartos a decimales usando esta información?"", ""solution"": ""Para convertir cuartos a decimales, es útil recordar que 1 cuarto es igual a 0.25. Por ejemplo, 2 cuartos son 2 x 0.25 = 0.5, 3 cuartos son 3 x 0.25 = 0.75, y 4 cuartos son 4 x 0.25 = 1.0. Así, cualquier número de cuartos puede convertirse a decimal multiplicando el número de cuartos por 0.25."", ""answer"": ""Para 3 cuartos, el decimal es 0.75.""}",
MA05-OA-10-03,5° básico,Números y operaciones,MA05 OA 10,"Determinar el decimal que corresponde a fracciones con denominador 2, 4, 5 y 10.",convertir quintos a decimal,"Usar fracciones con denominador 2, 4, 5 o 10.",recetas,HuggingFaceTB/SmolLM3-3B,"Genera un problema matemático verbal para un estudiante de 5° básico.
Debe estar alineado con el siguiente Objetivo de Aprendizaje: Determinar el decimal que corresponde a fracciones con denominador 2, 4, 5 y 10.
Habilidad a evaluar: convertir quintos a decimal.
Condiciones curriculares: Usar fracciones con denominador 2, 4, 5 o 10..
Contexto: recetas.
Entrega el problema, su solución y la respuesta final.
Responde únicamente con un objeto JSON válido con esta estructura: {""problem"": ""..."", ""solution"": ""..."", ""answer"": ""...""}","En una receta de pan, se necesitan 3/5 de taza de leche. ¿Cuántas decimales de taza de leche se necesitan?","Para convertir la fracción 3/5 a decimal, primero se divide el numerador (3) entre el denominador (5). Esto da 0.6. Por lo tanto, se necesitan 0.6 de taza de leche.",0.6,"{""problem"": ""En una receta de pan, se necesitan 3/5 de taza de leche. ¿Cuántas decimales de taza de leche se necesitan?"", ""solution"": ""Para convertir la fracción 3/5 a decimal, primero se divide el numerador (3) entre el denominador (5). Esto da 0.6. Por lo tanto, se necesitan 0.6 de taza de leche."", ""answer"": ""0.6""}",
MA05-OA-10-04,5° básico,Números y operaciones,MA05 OA 10,"Determinar el decimal que corresponde a fracciones con denominador 2, 4, 5 y 10.",convertir décimos a decimal,"Usar fracciones con denominador 2, 4, 5 o 10.",porciones,HuggingFaceTB/SmolLM3-3B,"Genera un problema matemático verbal para un estudiante de 5° básico.
Debe estar alineado con el siguiente Objetivo de Aprendizaje: Determinar el decimal que corresponde a fracciones con denominador 2, 4, 5 y 10.
Habilidad a evaluar: convertir décimos a decimal.
Condiciones curriculares: Usar fracciones con denominador 2, 4, 5 o 10..
Contexto: porciones.
Entrega el problema, su solución y la respuesta final.
Responde únicamente con un objeto JSON válido con esta estructura: {""problem"": ""..."", ""solution"": ""..."", ""answer"": ""...""}",Un niño tiene una tarta de 1 kg. Decide dividirla en 5 partes iguales. ¿Cuánto pesa cada porción en kilogramos y en decimales? ¿Y si divide la tarta en 10 partes iguales? ¿Cuánto pesa cada porción en kilogramos y en decimales?,"Primero, calculamos el peso de cada porción si la tarta se divide en 5 partes iguales. Cada porción pesará 1 kg / 5 = 0.2 kg. En decimales, 0.2 kg es igual a 0.2. Si divide la tarta en 10 partes iguales, cada porción pesará 1 kg / 10 = 0.1 kg. En decimales, 0.1 kg es igual a 0.1.","0.2 kg y 0.2 en decimales, 0.1 kg y 0.1 en decimales.","{""problem"": ""Un niño tiene una tarta de 1 kg. Decide dividirla en 5 partes iguales. ¿Cuánto pesa cada porción en kilogramos y en decimales? ¿Y si divide la tarta en 10 partes iguales? ¿Cuánto pesa cada porción en kilogramos y en decimales?"", ""solution"": ""Primero, calculamos el peso de cada porción si la tarta se divide en 5 partes iguales. Cada porción pesará 1 kg / 5 = 0.2 kg. En decimales, 0.2 kg es igual a 0.2. Si divide la tarta en 10 partes iguales, cada porción pesará 1 kg / 10 = 0.1 kg. En decimales, 0.1 kg es igual a 0.1."", ""answer"": ""0.2 kg y 0.2 en decimales, 0.1 kg y 0.1 en decimales.""}",
MA05-OA-10-05,5° básico,Números y operaciones,MA05 OA 10,"Determinar el decimal que corresponde a fracciones con denominador 2, 4, 5 y 10.",identificar el decimal equivalente en contexto,"Usar fracciones con denominador 2, 4, 5 o 10.",longitudes,HuggingFaceTB/SmolLM3-3B,"Genera un problema matemático verbal para un estudiante de 5° básico.
Debe estar alineado con el siguiente Objetivo de Aprendizaje: Determinar el decimal que corresponde a fracciones con denominador 2, 4, 5 y 10.
Habilidad a evaluar: identificar el decimal equivalente en contexto.
Condiciones curriculares: Usar fracciones con denominador 2, 4, 5 o 10..
Contexto: longitudes.
Entrega el problema, su solución y la respuesta final.
Responde únicamente con un objeto JSON válido con esta estructura: {""problem"": ""..."", ""solution"": ""..."", ""answer"": ""...""}","Una manzana mide 0.5 metros de largo. Si cortamos la manzana en cuatro partes iguales, ¿cuál es la longitud de cada parte en metros? Responde en forma decimal.","Primero, determinamos que la manzana de 0.5 metros se divide en 4 partes iguales. Para encontrar la longitud de cada parte, dividimos 0.5 por 4. 0.5 ÷ 4 = 0.125. Por lo tanto, cada parte de la manzana mide 0.125 metros.",0.125,"{""problem"": ""Una manzana mide 0.5 metros de largo. Si cortamos la manzana en cuatro partes iguales, ¿cuál es la longitud de cada parte en metros? Responde en forma decimal."", ""solution"": ""Primero, determinamos que la manzana de 0.5 metros se divide en 4 partes iguales. Para encontrar la longitud de cada parte, dividimos 0.5 por 4. 0.5 ÷ 4 = 0.125. Por lo tanto, cada parte de la manzana mide 0.125 metros."", ""answer"": ""0.125""}",
MA05-OA-11-01,5° básico,Números y operaciones,MA05 OA 11,Comparar y ordenar decimales hasta la milésima.,comparar dos decimales,Usar números decimales hasta la milésima.,tiempos deportivos,HuggingFaceTB/SmolLM3-3B,"Genera un problema matemático verbal para un estudiante de 5° básico.
Debe estar alineado con el siguiente Objetivo de Aprendizaje: Comparar y ordenar decimales hasta la milésima.
Habilidad a evaluar: comparar dos decimales.
Condiciones curriculares: Usar números decimales hasta la milésima..
Contexto: tiempos deportivos.
Entrega el problema, su solución y la respuesta final.
Responde únicamente con un objeto JSON válido con esta estructura: {""problem"": ""..."", ""solution"": ""..."", ""answer"": ""...""}",Un atleta corre 1.2 kilómetros en 12 segundos y otro corredor corre 1.21 kilómetros en 12.1 segundos. ¿Quién es más rápido? ¿Cuál es la diferencia en tiempo entre ambos atletas?,"Primero, debemos comparar los tiempos de ambos atletas. 1.2 segundos es menor que 12.1 segundos, por lo que el atleta que corrió 1.2 kilómetros es más rápido. Para encontrar la diferencia en tiempo, restamos 1.2 segundos de 12.1 segundos: 12.1 - 1.2 = 10.9 segundos. Por lo tanto, el atleta más rápido completó los 1.2 kilómetros 10.9 segundos antes que el otro atleta.",El atleta que corrió 1.2 kilómetros es más rápido. La diferencia en tiempo es de 10.9 segundos.,"{""problem"": ""Un atleta corre 1.2 kilómetros en 12 segundos y otro corredor corre 1.21 kilómetros en 12.1 segundos. ¿Quién es más rápido? ¿Cuál es la diferencia en tiempo entre ambos atletas?"", ""solution"": ""Primero, debemos comparar los tiempos de ambos atletas. 1.2 segundos es menor que 12.1 segundos, por lo que el atleta que corrió 1.2 kilómetros es más rápido. Para encontrar la diferencia en tiempo, restamos 1.2 segundos de 12.1 segundos: 12.1 - 1.2 = 10.9 segundos. Por lo tanto, el atleta más rápido completó los 1.2 kilómetros 10.9 segundos antes que el otro atleta."", ""answer"": ""El atleta que corrió 1.2 kilómetros es más rápido. La diferencia en tiempo es de 10.9 segundos.""}",
MA05-OA-11-02,5° básico,Números y operaciones,MA05 OA 11,Comparar y ordenar decimales hasta la milésima.,ordenar decimales ascendentemente,Usar números decimales hasta la milésima.,longitudes,HuggingFaceTB/SmolLM3-3B,"Genera un problema matemático verbal para un estudiante de 5° básico.
Debe estar alineado con el siguiente Objetivo de Aprendizaje: Comparar y ordenar decimales hasta la milésima.
Habilidad a evaluar: ordenar decimales ascendentemente.
Condiciones curriculares: Usar números decimales hasta la milésima..
Contexto: longitudes.
Entrega el problema, su solución y la respuesta final.
Responde únicamente con un objeto JSON válido con esta estructura: {""problem"": ""..."", ""solution"": ""..."", ""answer"": ""...""}","En una clase de matemáticas, los estudiantes midieron la longitud de sus escritorios. Los resultados son: 1.02 metros, 1.23 metros, 1.05 metros, 1.30 metros y 1.15 metros. Ordene estas longitudes de menor a mayor.","Primero, debemos escribir los números decimales de manera que tengan el mismo número de dígitos decimales, que en este caso es la milésima. Luego, los ordenamos de menor a mayor:
1.02, 1.05, 1.15, 1.23, 1.30
Entonces, la ordenación ascendente de las longitudes de los escritorios es: 1.02 metros, 1.05 metros, 1.15 metros, 1.23 metros, 1.30 metros.","1.02 metros, 1.05 metros, 1.15 metros, 1.23 metros, 1.30 metros","{""problem"": ""En una clase de matemáticas, los estudiantes midieron la longitud de sus escritorios. Los resultados son: 1.02 metros, 1.23 metros, 1.05 metros, 1.30 metros y 1.15 metros. Ordene estas longitudes de menor a mayor."", ""solution"": ""Primero, debemos escribir los números decimales de manera que tengan el mismo número de dígitos decimales, que en este caso es la milésima. Luego, los ordenamos de menor a mayor:\n1.02, 1.05, 1.15, 1.23, 1.30\nEntonces, la ordenación ascendente de las longitudes de los escritorios es: 1.02 metros, 1.05 metros, 1.15 metros, 1.23 metros, 1.30 metros."", ""answer"": ""1.02 metros, 1.05 metros, 1.15 metros, 1.23 metros, 1.30 metros""}",
MA05-OA-11-03,5° básico,Números y operaciones,MA05 OA 11,Comparar y ordenar decimales hasta la milésima.,ordenar decimales descendentemente,Usar números decimales hasta la milésima.,pesos,HuggingFaceTB/SmolLM3-3B,"Genera un problema matemático verbal para un estudiante de 5° básico.
Debe estar alineado con el siguiente Objetivo de Aprendizaje: Comparar y ordenar decimales hasta la milésima.
Habilidad a evaluar: ordenar decimales descendentemente.
Condiciones curriculares: Usar números decimales hasta la milésima..
Contexto: pesos.
Entrega el problema, su solución y la respuesta final.
Responde únicamente con un objeto JSON válido con esta estructura: {""problem"": ""..."", ""solution"": ""..."", ""answer"": ""...""}","Una moneda de 1 peso se divide en 10 centavos. Si tienes 4 monedas de 1 peso, ¿cuántos centavos tienes en total? Luego, ordena los siguientes centavos en orden descendente: 0,75, 0,50, 0,25, 0,10, 0,05.","Primero, calculamos el número total de centavos. Cada moneda de 1 peso se divide en 10 centavos, por lo que 4 monedas de 1 peso equivalen a 4 × 10 = 40 centavos. Luego, ordenamos los centavos en orden descendente: 0.75, 0.50, 0.25, 0.10, 0.05.",40,"{""problem"": ""Una moneda de 1 peso se divide en 10 centavos. Si tienes 4 monedas de 1 peso, ¿cuántos centavos tienes en total? Luego, ordena los siguientes centavos en orden descendente: 0,75, 0,50, 0,25, 0,10, 0,05."", ""solution"": ""Primero, calculamos el número total de centavos. Cada moneda de 1 peso se divide en 10 centavos, por lo que 4 monedas de 1 peso equivalen a 4 × 10 = 40 centavos. Luego, ordenamos los centavos en orden descendente: 0.75, 0.50, 0.25, 0.10, 0.05."", ""answer"": ""40""}",
MA05-OA-11-04,5° básico,Números y operaciones,MA05 OA 11,Comparar y ordenar decimales hasta la milésima.,identificar mayor o menor decimal,Usar números decimales hasta la milésima.,precios,HuggingFaceTB/SmolLM3-3B,"Genera un problema matemático verbal para un estudiante de 5° básico.
Debe estar alineado con el siguiente Objetivo de Aprendizaje: Comparar y ordenar decimales hasta la milésima.
Habilidad a evaluar: identificar mayor o menor decimal.
Condiciones curriculares: Usar números decimales hasta la milésima..
Contexto: precios.
Entrega el problema, su solución y la respuesta final.
Responde únicamente con un objeto JSON válido con esta estructura: {""problem"": ""..."", ""solution"": ""..."", ""answer"": ""...""}","En una tienda de dulces, dos tipos de caramelos se ofrecen a la venta. El primer tipo cuesta 1.23 pesos y el segundo cuesta 1.25 pesos. ¿Cuál caramelo es más barato y cuál es más caro? Responde con mayor o menor.",El caramelo de 1.23 pesos es más barato que el caramelo de 1.25 pesos.,menor,"{""problem"": ""En una tienda de dulces, dos tipos de caramelos se ofrecen a la venta. El primer tipo cuesta 1.23 pesos y el segundo cuesta 1.25 pesos. ¿Cuál caramelo es más barato y cuál es más caro? Responde con mayor o menor."", ""solution"": ""El caramelo de 1.23 pesos es más barato que el caramelo de 1.25 pesos."", ""answer"": ""menor""}",
MA05-OA-11-05,5° básico,Números y operaciones,MA05 OA 11,Comparar y ordenar decimales hasta la milésima.,insertar un decimal en una secuencia ordenada,Usar números decimales hasta la milésima.,mediciones científicas simples,HuggingFaceTB/SmolLM3-3B,"Genera un problema matemático verbal para un estudiante de 5° básico.
Debe estar alineado con el siguiente Objetivo de Aprendizaje: Comparar y ordenar decimales hasta la milésima.
Habilidad a evaluar: insertar un decimal en una secuencia ordenada.
Condiciones curriculares: Usar números decimales hasta la milésima..
Contexto: mediciones científicas simples.
Entrega el problema, su solución y la respuesta final.
Responde únicamente con un objeto JSON válido con esta estructura: {""problem"": ""..."", ""solution"": ""..."", ""answer"": ""...""}","Un científico mide la altura de un árbol en su laboratorio. La primera medición fue de 5.23 metros, la segunda de 5.24 metros y la tercera de 5.25 metros. El científico quiere saber en qué orden se ubicarían estas mediciones si las ordenara de menor a mayor. ¿En qué orden deberían aparecer las mediciones?","Para ordenar los números decimales de menor a mayor, primero debemos comparar las partes enteras. En este caso, todas las mediciones tienen la misma parte entera, que es 5. Luego, debemos comparar las partes decimales. La primera medición es 5.23, la segunda es 5.24 y la tercera es 5.25. Por lo tanto, la secuencia ordenada de las mediciones de menor a mayor sería: 5.23, 5.24, 5.25.","La secuencia ordenada de las mediciones es 5.23, 5.24, 5.25.","{""problem"": ""Un científico mide la altura de un árbol en su laboratorio. La primera medición fue de 5.23 metros, la segunda de 5.24 metros y la tercera de 5.25 metros. El científico quiere saber en qué orden se ubicarían estas mediciones si las ordenara de menor a mayor. ¿En qué orden deberían aparecer las mediciones?"", ""solution"": ""Para ordenar los números decimales de menor a mayor, primero debemos comparar las partes enteras. En este caso, todas las mediciones tienen la misma parte entera, que es 5. Luego, debemos comparar las partes decimales. La primera medición es 5.23, la segunda es 5.24 y la tercera es 5.25. Por lo tanto, la secuencia ordenada de las mediciones de menor a mayor sería: 5.23, 5.24, 5.25."", ""answer"": ""La secuencia ordenada de las mediciones es 5.23, 5.24, 5.25.""}",
MA05-OA-12-01,5° básico,Números y operaciones,MA05 OA 12,"Resolver adiciones y sustracciones de decimales, empleando el valor posicional hasta la milésima.",sumar decimales,Usar números decimales hasta la milésima.,distancias,HuggingFaceTB/SmolLM3-3B,"Genera un problema matemático verbal para un estudiante de 5° básico.
Debe estar alineado con el siguiente Objetivo de Aprendizaje: Resolver adiciones y sustracciones de decimales, empleando el valor posicional hasta la milésima.
Habilidad a evaluar: sumar decimales.
Condiciones curriculares: Usar números decimales hasta la milésima..
Contexto: distancias.
Entrega el problema, su solución y la respuesta final.
Responde únicamente con un objeto JSON válido con esta estructura: {""problem"": ""..."", ""solution"": ""..."", ""answer"": ""...""}","Juan viajó 2.5 kilómetros en su bicicleta. Luego, continuó su recorrido y llegó a su destino después de recorrer un total de 4.3 kilómetros. ¿Cuántos kilómetros más recorrió Juan después de los primeros 2.5 kilómetros? Responde con el número de kilómetros necesarios.","Para encontrar la distancia adicional que Juan recorrió, restamos el primer recorrido de la distancia total. 4.3 kilómetros (distancia total) - 2.5 kilómetros (primer recorrido) = 1.8 kilómetros. Juan recorrió 1.8 kilómetros más después de los primeros 2.5 kilómetros.",1.8,"{""problem"": ""Juan viajó 2.5 kilómetros en su bicicleta. Luego, continuó su recorrido y llegó a su destino después de recorrer un total de 4.3 kilómetros. ¿Cuántos kilómetros más recorrió Juan después de los primeros 2.5 kilómetros? Responde con el número de kilómetros necesarios."", ""solution"": ""Para encontrar la distancia adicional que Juan recorrió, restamos el primer recorrido de la distancia total. 4.3 kilómetros (distancia total) - 2.5 kilómetros (primer recorrido) = 1.8 kilómetros. Juan recorrió 1.8 kilómetros más después de los primeros 2.5 kilómetros."", ""answer"": ""1.8""}",
MA05-OA-12-02,5° básico,Números y operaciones,MA05 OA 12,"Resolver adiciones y sustracciones de decimales, empleando el valor posicional hasta la milésima.",restar decimales,Usar números decimales hasta la milésima.,dinero,HuggingFaceTB/SmolLM3-3B,"Genera un problema matemático verbal para un estudiante de 5° básico.
Debe estar alineado con el siguiente Objetivo de Aprendizaje: Resolver adiciones y sustracciones de decimales, empleando el valor posicional hasta la milésima.
Habilidad a evaluar: restar decimales.
Condiciones curriculares: Usar números decimales hasta la milésima..
Contexto: dinero.
Entrega el problema, su solución y la respuesta final.
Responde únicamente con un objeto JSON válido con esta estructura: {""problem"": ""..."", ""solution"": ""..."", ""answer"": ""...""}",María tiene $15.50 en su bolsillo. Ella compra un libro por $4.25 y una revista por $1.75. ¿Cuánto dinero le queda después de sus compras?,"Para resolver este problema, primero sumamos los costos de los artículos que compró María. El costo del libro es $4.25 y el costo de la revista es $1.75. Sumando estos dos valores, obtenemos: $4.25 + $1.75 = $6.00. Luego, restamos este monto de los $15.50 que María tenía en su bolsillo. $15.50 - $6.00 = $9.50. Por lo tanto, María le queda $9.50 después de sus compras.",9.50,"{""problem"": ""María tiene $15.50 en su bolsillo. Ella compra un libro por $4.25 y una revista por $1.75. ¿Cuánto dinero le queda después de sus compras?"", ""solution"": ""Para resolver este problema, primero sumamos los costos de los artículos que compró María. El costo del libro es $4.25 y el costo de la revista es $1.75. Sumando estos dos valores, obtenemos: $4.25 + $1.75 = $6.00. Luego, restamos este monto de los $15.50 que María tenía en su bolsillo. $15.50 - $6.00 = $9.50. Por lo tanto, María le queda $9.50 después de sus compras."", ""answer"": ""9.50""}",
MA05-OA-12-03,5° básico,Números y operaciones,MA05 OA 12,"Resolver adiciones y sustracciones de decimales, empleando el valor posicional hasta la milésima.",resolver un problema de suma decimal,Usar números decimales hasta la milésima.,masa,HuggingFaceTB/SmolLM3-3B,"Genera un problema matemático verbal para un estudiante de 5° básico.
Debe estar alineado con el siguiente Objetivo de Aprendizaje: Resolver adiciones y sustracciones de decimales, empleando el valor posicional hasta la milésima.
Habilidad a evaluar: resolver un problema de suma decimal.
Condiciones curriculares: Usar números decimales hasta la milésima..
Contexto: masa.
Entrega el problema, su solución y la respuesta final.
Responde únicamente con un objeto JSON válido con esta estructura: {""problem"": ""..."", ""solution"": ""..."", ""answer"": ""...""}",Juan tiene una masa de 2.5 kg. Su hermano le da 0.75 kg más. ¿Cuál es la masa total de Juan después de recibir el regalo?,"Primero, sumamos 2.5 kg y 0.75 kg. Al sumar, nos damos cuenta de que debemos alinear los decimales para que la suma sea correcta. Al hacerlo, obtenemos 3.25 kg. Por lo tanto, la masa total de Juan después de recibir el regalo es 3.25 kg.",3.25 kg,"{""problem"": ""Juan tiene una masa de 2.5 kg. Su hermano le da 0.75 kg más. ¿Cuál es la masa total de Juan después de recibir el regalo?"", ""solution"": ""Primero, sumamos 2.5 kg y 0.75 kg. Al sumar, nos damos cuenta de que debemos alinear los decimales para que la suma sea correcta. Al hacerlo, obtenemos 3.25 kg. Por lo tanto, la masa total de Juan después de recibir el regalo es 3.25 kg."", ""answer"": ""3.25 kg""}",
MA05-OA-12-04,5° básico,Números y operaciones,MA05 OA 12,"Resolver adiciones y sustracciones de decimales, empleando el valor posicional hasta la milésima.",resolver un problema de resta decimal,Usar números decimales hasta la milésima.,volumen de líquidos,HuggingFaceTB/SmolLM3-3B,"Genera un problema matemático verbal para un estudiante de 5° básico.
Debe estar alineado con el siguiente Objetivo de Aprendizaje: Resolver adiciones y sustracciones de decimales, empleando el valor posicional hasta la milésima.
Habilidad a evaluar: resolver un problema de resta decimal.
Condiciones curriculares: Usar números decimales hasta la milésima..
Contexto: volumen de líquidos.
Entrega el problema, su solución y la respuesta final.
Responde únicamente con un objeto JSON válido con esta estructura: {""problem"": ""..."", ""solution"": ""..."", ""answer"": ""...""}","Un recipiente tiene 2.345.678.901 gotas de agua. Después de una operación de drenaje, quedan 2.345.678.801 gotas. ¿Cuántas gotas se drenaron?","Para resolver este problema, debemos restar el volumen final del volumen inicial. El volumen inicial es 2.345.678.901 gotas y el volumen final es 2.345.678.801 gotas. La resta se realiza de la siguiente manera: 2.345.678.901 - 2.345.678.801 = 100 gotas. Por lo tanto, se drenaron 100 gotas de agua.",100,"{""problem"": ""Un recipiente tiene 2.345.678.901 gotas de agua. Después de una operación de drenaje, quedan 2.345.678.801 gotas. ¿Cuántas gotas se drenaron?"", ""solution"": ""Para resolver este problema, debemos restar el volumen final del volumen inicial. El volumen inicial es 2.345.678.901 gotas y el volumen final es 2.345.678.801 gotas. La resta se realiza de la siguiente manera: 2.345.678.901 - 2.345.678.801 = 100 gotas. Por lo tanto, se drenaron 100 gotas de agua."", ""answer"": ""100""}",
MA05-OA-12-05,5° básico,Números y operaciones,MA05 OA 12,"Resolver adiciones y sustracciones de decimales, empleando el valor posicional hasta la milésima.",combinar suma y resta decimal en una situación simple,Usar números decimales hasta la milésima.,marcas deportivas,HuggingFaceTB/SmolLM3-3B,"Genera un problema matemático verbal para un estudiante de 5° básico.
Debe estar alineado con el siguiente Objetivo de Aprendizaje: Resolver adiciones y sustracciones de decimales, empleando el valor posicional hasta la milésima.
Habilidad a evaluar: combinar suma y resta decimal en una situación simple.
Condiciones curriculares: Usar números decimales hasta la milésima..
Contexto: marcas deportivas.
Entrega el problema, su solución y la respuesta final.
Responde únicamente con un objeto JSON válido con esta estructura: {""problem"": ""..."", ""solution"": ""..."", ""answer"": ""...""}","Una marca deportiva ofrece tres tipos de camisetas: camiseta básica, camiseta de entrenamiento y camiseta de competencia. Una camiseta básica cuesta 10.50 pesos, una camiseta de entrenamiento cuesta 15.25 pesos y una camiseta de competencia cuesta 20.75 pesos. Juan compró 2 camisetas básicas, 1 camiseta de entrenamiento y 1 camiseta de competencia. ¿Cuánto pagó Juan en total?","Para resolver este problema, primero calculamos el costo total de las camisetas básicas: 2 camisetas × 10.50 pesos = 21.00 pesos. Luego, calculamos el costo total de la camiseta de entrenamiento: 1 camiseta × 15.25 pesos = 15.25 pesos. Finalmente, calculamos el costo total de la camiseta de competencia: 1 camiseta × 20.75 pesos = 20.75 pesos. Ahora, sumamos todos estos costos: 21.00 pesos + 15.25 pesos + 20.75 pesos = 57.00 pesos. Por lo tanto, Juan pagó un total de 57.00 pesos.",57.00 pesos,"{""problem"": ""Una marca deportiva ofrece tres tipos de camisetas: camiseta básica, camiseta de entrenamiento y camiseta de competencia. Una camiseta básica cuesta 10.50 pesos, una camiseta de entrenamiento cuesta 15.25 pesos y una camiseta de competencia cuesta 20.75 pesos. Juan compró 2 camisetas básicas, 1 camiseta de entrenamiento y 1 camiseta de competencia. ¿Cuánto pagó Juan en total?"", ""solution"": ""Para resolver este problema, primero calculamos el costo total de las camisetas básicas: 2 camisetas × 10.50 pesos = 21.00 pesos. Luego, calculamos el costo total de la camiseta de entrenamiento: 1 camiseta × 15.25 pesos = 15.25 pesos. Finalmente, calculamos el costo total de la camiseta de competencia: 1 camiseta × 20.75 pesos = 20.75 pesos. Ahora, sumamos todos estos costos: 21.00 pesos + 15.25 pesos + 20.75 pesos = 57.00 pesos. Por lo tanto, Juan pagó un total de 57.00 pesos."", ""answer"": ""57.00 pesos""}",
MA05-OA-13-01,5° básico,Números y operaciones,MA05 OA 13,"Resolver problemas rutinarios y no rutinarios, aplicando adiciones y sustracciones de fracciones propias o decimales hasta la milésima.",resolver adición de fracciones en contexto,Usar fracciones propias o decimales hasta la milésima; mantener el problema resoluble sin apoyo visual.,recetas,HuggingFaceTB/SmolLM3-3B,"Genera un problema matemático verbal para un estudiante de 5° básico.
Debe estar alineado con el siguiente Objetivo de Aprendizaje: Resolver problemas rutinarios y no rutinarios, aplicando adiciones y sustracciones de fracciones propias o decimales hasta la milésima.
Habilidad a evaluar: resolver adición de fracciones en contexto.
Condiciones curriculares: Usar fracciones propias o decimales hasta la milésima; mantener el problema resoluble sin apoyo visual..
Contexto: recetas.
Entrega el problema, su solución y la respuesta final.
Responde únicamente con un objeto JSON válido con esta estructura: {""problem"": ""..."", ""solution"": ""..."", ""answer"": ""...""}","María está preparando un pastel de chocolate. La receta requiere 3/4 de taza de mantequilla. Sin embargo, María solo tiene 1/8 de taza de mantequilla en el refrigerador. ¿Cuántas más veces María necesita obtener 1/8 de taza de mantequilla para tener suficiente?","Para determinar cuántas veces María necesita obtener 1/8 de taza de mantequilla, primero calculamos cuánto más mantequilla necesita: 3/4 - 1/8. Para hacer la resta, encontramos un denominador común, que es 8: 3/4 = 6/8. Entonces, 6/8 - 1/8 = 5/8. María necesita obtener 5/8 de taza más. Ahora, dividimos 5/8 por 1/8 para saber cuántas veces necesita obtener 1/8 de taza: (5/8) / (1/8) = 5. María necesita obtener 1/8 de taza de mantequilla 5 veces.",5,"{""problem"": ""María está preparando un pastel de chocolate. La receta requiere 3/4 de taza de mantequilla. Sin embargo, María solo tiene 1/8 de taza de mantequilla en el refrigerador. ¿Cuántas más veces María necesita obtener 1/8 de taza de mantequilla para tener suficiente?"", ""solution"": ""Para determinar cuántas veces María necesita obtener 1/8 de taza de mantequilla, primero calculamos cuánto más mantequilla necesita: 3/4 - 1/8. Para hacer la resta, encontramos un denominador común, que es 8: 3/4 = 6/8. Entonces, 6/8 - 1/8 = 5/8. María necesita obtener 5/8 de taza más. Ahora, dividimos 5/8 por 1/8 para saber cuántas veces necesita obtener 1/8 de taza: (5/8) / (1/8) = 5. María necesita obtener 1/8 de taza de mantequilla 5 veces."", ""answer"": ""5""}",
MA05-OA-13-02,5° básico,Números y operaciones,MA05 OA 13,"Resolver problemas rutinarios y no rutinarios, aplicando adiciones y sustracciones de fracciones propias o decimales hasta la milésima.",resolver sustracción de fracciones en contexto,Usar fracciones propias o decimales hasta la milésima; mantener el problema resoluble sin apoyo visual.,distancias,HuggingFaceTB/SmolLM3-3B,"Genera un problema matemático verbal para un estudiante de 5° básico.
Debe estar alineado con el siguiente Objetivo de Aprendizaje: Resolver problemas rutinarios y no rutinarios, aplicando adiciones y sustracciones de fracciones propias o decimales hasta la milésima.
Habilidad a evaluar: resolver sustracción de fracciones en contexto.
Condiciones curriculares: Usar fracciones propias o decimales hasta la milésima; mantener el problema resoluble sin apoyo visual..
Contexto: distancias.
Entrega el problema, su solución y la respuesta final.
Responde únicamente con un objeto JSON válido con esta estructura: {""problem"": ""..."", ""solution"": ""..."", ""answer"": ""...""}","María y Ana son dos amigas que viven en un pueblo. María vive a 1.234 metros de la escuela, mientras que Ana vive a 1.567 metros. Si Ana decide caminar hacia María, ¿cuántos metros recorrerá?","Primero, sumamos las distancias que viven María y Ana. 1.234 metros + 1.567 metros = 2.801 metros. Por lo tanto, Ana recorrerá 2.801 metros para llegar a María.",2801,"{""problem"": ""María y Ana son dos amigas que viven en un pueblo. María vive a 1.234 metros de la escuela, mientras que Ana vive a 1.567 metros. Si Ana decide caminar hacia María, ¿cuántos metros recorrerá?"", ""solution"": ""Primero, sumamos las distancias que viven María y Ana. 1.234 metros + 1.567 metros = 2.801 metros. Por lo tanto, Ana recorrerá 2.801 metros para llegar a María."", ""answer"": ""2801""}",
MA05-OA-13-03,5° básico,Números y operaciones,MA05 OA 13,"Resolver problemas rutinarios y no rutinarios, aplicando adiciones y sustracciones de fracciones propias o decimales hasta la milésima.",resolver adición de decimales en contexto,Usar fracciones propias o decimales hasta la milésima; mantener el problema resoluble sin apoyo visual.,dinero,HuggingFaceTB/SmolLM3-3B,"Genera un problema matemático verbal para un estudiante de 5° básico.
Debe estar alineado con el siguiente Objetivo de Aprendizaje: Resolver problemas rutinarios y no rutinarios, aplicando adiciones y sustracciones de fracciones propias o decimales hasta la milésima.
Habilidad a evaluar: resolver adición de decimales en contexto.
Condiciones curriculares: Usar fracciones propias o decimales hasta la milésima; mantener el problema resoluble sin apoyo visual..
Contexto: dinero.
Entrega el problema, su solución y la respuesta final.
Responde únicamente con un objeto JSON válido con esta estructura: {""problem"": ""..."", ""solution"": ""..."", ""answer"": ""...""}",Un niño tiene 3.45 pesos en su bolsillo. Su abuela le da 1.20 pesos. ¿Cuánto dinero tiene ahora en total?,"Para resolver este problema, primero sumamos los pesos que el niño tenía en su bolsillo con los pesos que le dio su abuela. 3.45 pesos más 1.20 pesos es igual a 4.65 pesos. Por lo tanto, el niño tiene 4.65 pesos en total.",4.65,"{""problem"": ""Un niño tiene 3.45 pesos en su bolsillo. Su abuela le da 1.20 pesos. ¿Cuánto dinero tiene ahora en total?"", ""solution"": ""Para resolver este problema, primero sumamos los pesos que el niño tenía en su bolsillo con los pesos que le dio su abuela. 3.45 pesos más 1.20 pesos es igual a 4.65 pesos. Por lo tanto, el niño tiene 4.65 pesos en total."", ""answer"": ""4.65""}",
MA05-OA-13-04,5° básico,Números y operaciones,MA05 OA 13,"Resolver problemas rutinarios y no rutinarios, aplicando adiciones y sustracciones de fracciones propias o decimales hasta la milésima.",resolver sustracción de decimales en contexto,Usar fracciones propias o decimales hasta la milésima; mantener el problema resoluble sin apoyo visual.,líquidos,HuggingFaceTB/SmolLM3-3B,"Genera un problema matemático verbal para un estudiante de 5° básico.
Debe estar alineado con el siguiente Objetivo de Aprendizaje: Resolver problemas rutinarios y no rutinarios, aplicando adiciones y sustracciones de fracciones propias o decimales hasta la milésima.
Habilidad a evaluar: resolver sustracción de decimales en contexto.
Condiciones curriculares: Usar fracciones propias o decimales hasta la milésima; mantener el problema resoluble sin apoyo visual..
Contexto: líquidos.
Entrega el problema, su solución y la respuesta final.
Responde únicamente con un objeto JSON válido con esta estructura: {""problem"": ""..."", ""solution"": ""..."", ""answer"": ""...""}",En un recipiente hay 4.5 litros de agua. Se le añade 2.3 litros más. ¿Cuánto líquido hay en total en el recipiente? Resuelve la resta de decimales.,"Para resolver este problema, primero sumamos los litros de agua que ya había en el recipiente y los que se le añaden. 4.5 litros + 2.3 litros = 6.8 litros. Por lo tanto, en total hay 6.8 litros de agua en el recipiente.",6.8,"{""problem"": ""En un recipiente hay 4.5 litros de agua. Se le añade 2.3 litros más. ¿Cuánto líquido hay en total en el recipiente? Resuelve la resta de decimales."", ""solution"": ""Para resolver este problema, primero sumamos los litros de agua que ya había en el recipiente y los que se le añaden. 4.5 litros + 2.3 litros = 6.8 litros. Por lo tanto, en total hay 6.8 litros de agua en el recipiente."", ""answer"": ""6.8""}",
MA05-OA-13-05,5° básico,Números y operaciones,MA05 OA 13,"Resolver problemas rutinarios y no rutinarios, aplicando adiciones y sustracciones de fracciones propias o decimales hasta la milésima.",resolver un problema no rutinario con fracciones o decimales,Usar fracciones propias o decimales hasta la milésima; mantener el problema resoluble sin apoyo visual.,materiales,HuggingFaceTB/SmolLM3-3B,"Genera un problema matemático verbal para un estudiante de 5° básico.
Debe estar alineado con el siguiente Objetivo de Aprendizaje: Resolver problemas rutinarios y no rutinarios, aplicando adiciones y sustracciones de fracciones propias o decimales hasta la milésima.
Habilidad a evaluar: resolver un problema no rutinario con fracciones o decimales.
Condiciones curriculares: Usar fracciones propias o decimales hasta la milésima; mantener el problema resoluble sin apoyo visual..
Contexto: materiales.
Entrega el problema, su solución y la respuesta final.
Responde únicamente con un objeto JSON válido con esta estructura: {""problem"": ""..."", ""solution"": ""..."", ""answer"": ""...""}","María tiene 2.345 pesos en su cartera. Ella compra un libro que cuesta 1.234.567 pesos. Luego, recibe un regalo de 500 pesos de su abuela. ¿Cuántos pesos tiene María ahora?","Primero, sumamos los pesos que María recibe: 500 pesos. Luego, restamos el costo del libro de los pesos que tenía: 2.345 pesos - 1.234.567 pesos. Sin embargo, 2.345 pesos es menor que 1.234.567 pesos, por lo que María no tiene suficiente dinero para comprar el libro. Por lo tanto, María no tiene dinero después de intentar comprar el libro.",María no tiene dinero después de intentar comprar el libro.,"{
  ""problem"": ""María tiene 2.345 pesos en su cartera. Ella compra un libro que cuesta 1.234.567 pesos. Luego, recibe un regalo de 500 pesos de su abuela. ¿Cuántos pesos tiene María ahora?"",
  ""solution"": ""Primero, sumamos los pesos que María recibe: 500 pesos. Luego, restamos el costo del libro de los pesos que tenía: 2.345 pesos - 1.234.567 pesos. Sin embargo, 2.345 pesos es menor que 1.234.567 pesos, por lo que María no tiene suficiente dinero para comprar el libro. Por lo tanto, María no tiene dinero después de intentar comprar el libro."",
  ""answer"": ""María no tiene dinero después de intentar comprar el libro.""
}",
MA05-OA-15-01,5° básico,Patrones y álgebra,MA05 OA 15,"Resolver problemas, usando ecuaciones e inecuaciones de un paso, que involucren adiciones y sustracciones, en forma pictórica y simbólica.",resolver una ecuación de suma,Usar ecuaciones e inecuaciones de un paso con adición o sustracción.,ahorro,HuggingFaceTB/SmolLM3-3B,"Genera un problema matemático verbal para un estudiante de 5° básico.
Debe estar alineado con el siguiente Objetivo de Aprendizaje: Resolver problemas, usando ecuaciones e inecuaciones de un paso, que involucren adiciones y sustracciones, en forma pictórica y simbólica.
Habilidad a evaluar: resolver una ecuación de suma.
Condiciones curriculares: Usar ecuaciones e inecuaciones de un paso con adición o sustracción..
Contexto: ahorro.
Entrega el problema, su solución y la respuesta final.
Responde únicamente con un objeto JSON válido con esta estructura: {""problem"": ""..."", ""solution"": ""..."", ""answer"": ""...""}",Ana tiene 15 monedas de 5 centavos. ¿Cuántas monedas de 5 centavos necesitará Ana para tener un total de 30 centavos?,"Para encontrar cuántas monedas de 5 centavos necesitará Ana, podemos usar una ecuación de suma. Si llamamos 'x' al número de monedas que necesita, la ecuación sería: 5x = 30. Para resolverla, dividimos ambos lados de la ecuación por 5: x = 30 / 5. Entonces, x = 6. Ana necesita 6 monedas de 5 centavos para tener un total de 30 centavos.",6,"{""problem"": ""Ana tiene 15 monedas de 5 centavos. ¿Cuántas monedas de 5 centavos necesitará Ana para tener un total de 30 centavos?"", ""solution"": ""Para encontrar cuántas monedas de 5 centavos necesitará Ana, podemos usar una ecuación de suma. Si llamamos 'x' al número de monedas que necesita, la ecuación sería: 5x = 30. Para resolverla, dividimos ambos lados de la ecuación por 5: x = 30 / 5. Entonces, x = 6. Ana necesita 6 monedas de 5 centavos para tener un total de 30 centavos."", ""answer"":  ""6""}",
MA05-OA-15-02,5° básico,Patrones y álgebra,MA05 OA 15,"Resolver problemas, usando ecuaciones e inecuaciones de un paso, que involucren adiciones y sustracciones, en forma pictórica y simbólica.",resolver una ecuación de resta,Usar ecuaciones e inecuaciones de un paso con adición o sustracción.,colecciones,HuggingFaceTB/SmolLM3-3B,"Genera un problema matemático verbal para un estudiante de 5° básico.
Debe estar alineado con el siguiente Objetivo de Aprendizaje: Resolver problemas, usando ecuaciones e inecuaciones de un paso, que involucren adiciones y sustracciones, en forma pictórica y simbólica.
Habilidad a evaluar: resolver una ecuación de resta.
Condiciones curriculares: Usar ecuaciones e inecuaciones de un paso con adición o sustracción..
Contexto: colecciones.
Entrega el problema, su solución y la respuesta final.
Responde únicamente con un objeto JSON válido con esta estructura: {""problem"": ""..."", ""solution"": ""..."", ""answer"": ""...""}","En una clase de 5° grado, los estudiantes tienen 24 crayones en total. Si 8 estudiantes se llevan 2 crayones cada uno, ¿cuántos crayones quedan en la caja original?","Primero, calculamos cuántos crayones se llevaron los estudiantes: 8 estudiantes * 2 crayones cada uno = 16 crayones. Luego, restamos estos crayones de los 24 que estaban en la caja original: 24 crayones - 16 crayones = 8 crayones. Por lo tanto, quedan 8 crayones en la caja original.",8,"{""problem"": ""En una clase de 5° grado, los estudiantes tienen 24 crayones en total. Si 8 estudiantes se llevan 2 crayones cada uno, ¿cuántos crayones quedan en la caja original?"", ""solution"": ""Primero, calculamos cuántos crayones se llevaron los estudiantes: 8 estudiantes * 2 crayones cada uno = 16 crayones. Luego, restamos estos crayones de los 24 que estaban en la caja original: 24 crayones - 16 crayones = 8 crayones. Por lo tanto, quedan 8 crayones en la caja original."", ""answer"":  ""8""}",
MA05-OA-15-03,5° básico,Patrones y álgebra,MA05 OA 15,"Resolver problemas, usando ecuaciones e inecuaciones de un paso, que involucren adiciones y sustracciones, en forma pictórica y simbólica.",resolver una inecuación de suma,Usar ecuaciones e inecuaciones de un paso con adición o sustracción.,entradas,HuggingFaceTB/SmolLM3-3B,"Genera un problema matemático verbal para un estudiante de 5° básico.
Debe estar alineado con el siguiente Objetivo de Aprendizaje: Resolver problemas, usando ecuaciones e inecuaciones de un paso, que involucren adiciones y sustracciones, en forma pictórica y simbólica.
Habilidad a evaluar: resolver una inecuación de suma.
Condiciones curriculares: Usar ecuaciones e inecuaciones de un paso con adición o sustracción..
Contexto: entradas.
Entrega el problema, su solución y la respuesta final.
Responde únicamente con un objeto JSON válido con esta estructura: {""problem"": ""..."", ""solution"": ""..."", ""answer"": ""...""}",Ana tiene 15 manzanas. Le da 3 manzanas a su hermano. ¿Cuántas manzanas le quedan a Ana?,"Primero, restamos las 3 manzanas que le dio a su hermano a las 15 manzanas que tenía: 15 - 3 = 12 manzanas. Por lo tanto, Ana le queda 12 manzanas.",12,"{""problem"": ""Ana tiene 15 manzanas. Le da 3 manzanas a su hermano. ¿Cuántas manzanas le quedan a Ana?"", ""solution"": ""Primero, restamos las 3 manzanas que le dio a su hermano a las 15 manzanas que tenía: 15 - 3 = 12 manzanas. Por lo tanto, Ana le queda 12 manzanas."", ""answer"":  ""12""}",
MA05-OA-15-04,5° básico,Patrones y álgebra,MA05 OA 15,"Resolver problemas, usando ecuaciones e inecuaciones de un paso, que involucren adiciones y sustracciones, en forma pictórica y simbólica.",resolver una inecuación de resta,Usar ecuaciones e inecuaciones de un paso con adición o sustracción.,puntajes,HuggingFaceTB/SmolLM3-3B,"Genera un problema matemático verbal para un estudiante de 5° básico.
Debe estar alineado con el siguiente Objetivo de Aprendizaje: Resolver problemas, usando ecuaciones e inecuaciones de un paso, que involucren adiciones y sustracciones, en forma pictórica y simbólica.
Habilidad a evaluar: resolver una inecuación de resta.
Condiciones curriculares: Usar ecuaciones e inecuaciones de un paso con adición o sustracción..
Contexto: puntajes.
Entrega el problema, su solución y la respuesta final.
Responde únicamente con un objeto JSON válido con esta estructura: {""problem"": ""..."", ""solution"": ""..."", ""answer"": ""...""}",Ana obtuvo 15 puntos en un juego. Su amigo Carlos obtuvo 7 puntos menos que Ana. ¿Cuántos puntos obtuvo Carlos?,"Si Ana obtuvo 15 puntos y Carlos obtuvo 7 puntos menos, podemos escribir la ecuación: 15 - 7 = x, donde x es el número de puntos de Carlos. Resolviendo, 15 - 7 = 8, por lo tanto, Carlos obtuvo 8 puntos.",8,"{""problem"": ""Ana obtuvo 15 puntos en un juego. Su amigo Carlos obtuvo 7 puntos menos que Ana. ¿Cuántos puntos obtuvo Carlos?"", ""solution"": ""Si Ana obtuvo 15 puntos y Carlos obtuvo 7 puntos menos, podemos escribir la ecuación: 15 - 7 = x, donde x es el número de puntos de Carlos. Resolviendo, 15 - 7 = 8, por lo tanto, Carlos obtuvo 8 puntos."", ""answer"": ""8""}",
MA05-OA-15-05,5° básico,Patrones y álgebra,MA05 OA 15,"Resolver problemas, usando ecuaciones e inecuaciones de un paso, que involucren adiciones y sustracciones, en forma pictórica y simbólica.",modelar una situación con ecuación o inecuación de un paso,Usar ecuaciones e inecuaciones de un paso con adición o sustracción.,cantidad de materiales,HuggingFaceTB/SmolLM3-3B,"Genera un problema matemático verbal para un estudiante de 5° básico.
Debe estar alineado con el siguiente Objetivo de Aprendizaje: Resolver problemas, usando ecuaciones e inecuaciones de un paso, que involucren adiciones y sustracciones, en forma pictórica y simbólica.
Habilidad a evaluar: modelar una situación con ecuación o inecuación de un paso.
Condiciones curriculares: Usar ecuaciones e inecuaciones de un paso con adición o sustracción..
Contexto: cantidad de materiales.
Entrega el problema, su solución y la respuesta final.
Responde únicamente con un objeto JSON válido con esta estructura: {""problem"": ""..."", ""solution"": ""..."", ""answer"": ""...""}",Juan tiene 15 juguetes. Su amigo Pedro le regala 7 juguetes. ¿Cuántos juguetes tiene Juan en total ahora?,"Para resolver este problema, podemos usar una ecuación de un paso. Si denotamos la cantidad de juguetes que Juan tiene ahora como J, podemos escribir la ecuación: J = 15 + 7. Resolviendo la ecuación, obtenemos J = 22. Por lo tanto, Juan tiene 22 juguetos en total.",22,"{""problem"": ""Juan tiene 15 juguetes. Su amigo Pedro le regala 7 juguetes. ¿Cuántos juguetes tiene Juan en total ahora?"", ""solution"": ""Para resolver este problema, podemos usar una ecuación de un paso. Si denotamos la cantidad de juguetes que Juan tiene ahora como J, podemos escribir la ecuación: J = 15 + 7. Resolviendo la ecuación, obtenemos J = 22. Por lo tanto, Juan tiene 22 juguetos en total."", ""answer"": ""22""}",
MA05-OA-20-01,5° básico,Medición,MA05 OA 20,"Realizar transformaciones entre unidades de medidas de longitud: km a m, m a cm, cm a mm y viceversa, de manera manual y/o usando software educativo.",convertir km a m,"Usar transformaciones entre km, m, cm y mm según corresponda.",viajes,HuggingFaceTB/SmolLM3-3B,"Genera un problema matemático verbal para un estudiante de 5° básico.
Debe estar alineado con el siguiente Objetivo de Aprendizaje: Realizar transformaciones entre unidades de medidas de longitud: km a m, m a cm, cm a mm y viceversa, de manera manual y/o usando software educativo.
Habilidad a evaluar: convertir km a m.
Condiciones curriculares: Usar transformaciones entre km, m, cm y mm según corresponda..
Contexto: viajes.
Entrega el problema, su solución y la respuesta final.
Responde únicamente con un objeto JSON válido con esta estructura: {""problem"": ""..."", ""solution"": ""..."", ""answer"": ""...""}",Juan está planificando un viaje de 5 kilómetros de distancia. Necesita saber cuántos metros es esto. ¿Cuántos metros equivale 5 kilómetros? ¿Cómo lo haría y qué respuesta obtendría?,"Para convertir 5 kilómetros a metros, necesitamos saber que 1 kilómetro es igual a 1000 metros. Por lo tanto, 5 kilómetros son 5 * 1000 metros, lo que da como resultado 5000 metros.",5000,"{""problem"": ""Juan está planificando un viaje de 5 kilómetros de distancia. Necesita saber cuántos metros es esto. ¿Cuántos metros equivale 5 kilómetros? ¿Cómo lo haría y qué respuesta obtendría?"", ""solution"": ""Para convertir 5 kilómetros a metros, necesitamos saber que 1 kilómetro es igual a 1000 metros. Por lo tanto, 5 kilómetros son 5 * 1000 metros, lo que da como resultado 5000 metros."", ""answer"": ""5000""}",
MA05-OA-20-02,5° básico,Medición,MA05 OA 20,"Realizar transformaciones entre unidades de medidas de longitud: km a m, m a cm, cm a mm y viceversa, de manera manual y/o usando software educativo.",convertir m a km,"Usar transformaciones entre km, m, cm y mm según corresponda.",senderos,HuggingFaceTB/SmolLM3-3B,"Genera un problema matemático verbal para un estudiante de 5° básico.
Debe estar alineado con el siguiente Objetivo de Aprendizaje: Realizar transformaciones entre unidades de medidas de longitud: km a m, m a cm, cm a mm y viceversa, de manera manual y/o usando software educativo.
Habilidad a evaluar: convertir m a km.
Condiciones curriculares: Usar transformaciones entre km, m, cm y mm según corresponda..
Contexto: senderos.
Entrega el problema, su solución y la respuesta final.
Responde únicamente con un objeto JSON válido con esta estructura: {""problem"": ""..."", ""solution"": ""..."", ""answer"": ""...""}",Un sendero para caminar en el parque mide 1500 metros. ¿Cuál es esta longitud en kilómetros? Resuelve el problema y explica tu razonamiento.,"Para convertir metros a kilómetros, debemos dividir el número de metros entre 1000. Por lo tanto, 1500 metros divididos entre 1000 es igual a 1.5 kilómetros.",1.5 km,"{""problem"": ""Un sendero para caminar en el parque mide 1500 metros. ¿Cuál es esta longitud en kilómetros? Resuelve el problema y explica tu razonamiento."", ""solution"": ""Para convertir metros a kilómetros, debemos dividir el número de metros entre 1000. Por lo tanto, 1500 metros divididos entre 1000 es igual a 1.5 kilómetros."", ""answer"": ""1.5 km""}",
MA05-OA-20-03,5° básico,Medición,MA05 OA 20,"Realizar transformaciones entre unidades de medidas de longitud: km a m, m a cm, cm a mm y viceversa, de manera manual y/o usando software educativo.",convertir m a cm,"Usar transformaciones entre km, m, cm y mm según corresponda.",construcción,HuggingFaceTB/SmolLM3-3B,"Genera un problema matemático verbal para un estudiante de 5° básico.
Debe estar alineado con el siguiente Objetivo de Aprendizaje: Realizar transformaciones entre unidades de medidas de longitud: km a m, m a cm, cm a mm y viceversa, de manera manual y/o usando software educativo.
Habilidad a evaluar: convertir m a cm.
Condiciones curriculares: Usar transformaciones entre km, m, cm y mm según corresponda..
Contexto: construcción.
Entrega el problema, su solución y la respuesta final.
Responde únicamente con un objeto JSON válido con esta estructura: {""problem"": ""..."", ""solution"": ""..."", ""answer"": ""...""}","En la construcción de una casa, se necesita calcular la longitud de un edificio que se mide en metros. Se sabe que 1 metro equivale a 100 centímetros. Si el edificio mide 12 metros, ¿cuántos centímetros mide el edificio en total? Resuelve este problema utilizando la transformación entre metros y centímetros.","Para convertir metros a centímetros, multiplicamos el número de metros por 100. Por lo tanto, 12 metros equivalen a 12 * 100 = 1200 centímetros.",1200,"{""problem"": ""En la construcción de una casa, se necesita calcular la longitud de un edificio que se mide en metros. Se sabe que 1 metro equivale a 100 centímetros. Si el edificio mide 12 metros, ¿cuántos centímetros mide el edificio en total? Resuelve este problema utilizando la transformación entre metros y centímetros."", ""solution"": ""Para convertir metros a centímetros, multiplicamos el número de metros por 100. Por lo tanto, 12 metros equivalen a 12 * 100 = 1200 centímetros."", ""answer"": ""1200""}",
MA05-OA-20-04,5° básico,Medición,MA05 OA 20,"Realizar transformaciones entre unidades de medidas de longitud: km a m, m a cm, cm a mm y viceversa, de manera manual y/o usando software educativo.",convertir cm a mm,"Usar transformaciones entre km, m, cm y mm según corresponda.",manualidades,HuggingFaceTB/SmolLM3-3B,"Genera un problema matemático verbal para un estudiante de 5° básico.
Debe estar alineado con el siguiente Objetivo de Aprendizaje: Realizar transformaciones entre unidades de medidas de longitud: km a m, m a cm, cm a mm y viceversa, de manera manual y/o usando software educativo.
Habilidad a evaluar: convertir cm a mm.
Condiciones curriculares: Usar transformaciones entre km, m, cm y mm según corresponda..
Contexto: manualidades.
Entrega el problema, su solución y la respuesta final.
Responde únicamente con un objeto JSON válido con esta estructura: {""problem"": ""..."", ""solution"": ""..."", ""answer"": ""...""}","En una manualidad, se necesita convertir la longitud de una cinta que mide 25 centímetros en milímetros. ¿Cuántos milímetros mide la cinta? Responde con la cantidad de milímetros y explica el proceso de conversión.","Para convertir 25 centímetros a milímetros, necesitamos multiplicar 25 por 10, ya que 1 centímetro equivale a 10 milímetros. 25 cm x 10 mm/cm = 250 mm. Por lo tanto, la cinta mide 250 milímetros.",250,"{""problem"": ""En una manualidad, se necesita convertir la longitud de una cinta que mide 25 centímetros en milímetros. ¿Cuántos milímetros mide la cinta? Responde con la cantidad de milímetros y explica el proceso de conversión."", ""solution"": ""Para convertir 25 centímetros a milímetros, necesitamos multiplicar 25 por 10, ya que 1 centímetro equivale a 10 milímetros. 25 cm x 10 mm/cm = 250 mm. Por lo tanto, la cinta mide 250 milímetros."", ""answer"": ""250""}",
MA05-OA-20-05,5° básico,Medición,MA05 OA 20,"Realizar transformaciones entre unidades de medidas de longitud: km a m, m a cm, cm a mm y viceversa, de manera manual y/o usando software educativo.",resolver un problema con dos unidades de longitud,"Usar transformaciones entre km, m, cm y mm según corresponda.",medición de objetos,HuggingFaceTB/SmolLM3-3B,"Genera un problema matemático verbal para un estudiante de 5° básico.
Debe estar alineado con el siguiente Objetivo de Aprendizaje: Realizar transformaciones entre unidades de medidas de longitud: km a m, m a cm, cm a mm y viceversa, de manera manual y/o usando software educativo.
Habilidad a evaluar: resolver un problema con dos unidades de longitud.
Condiciones curriculares: Usar transformaciones entre km, m, cm y mm según corresponda..
Contexto: medición de objetos.
Entrega el problema, su solución y la respuesta final.
Responde únicamente con un objeto JSON válido con esta estructura: {""problem"": ""..."", ""solution"": ""..."", ""answer"": ""...""}","Un niño tiene una pizarra de 3 metros de largo. ¿Cuántos centímetros tiene la pizarra si se mide en centímetros? Además, ¿cuántos milímetros tiene la pizarra si se mide en milímetros?","Para convertir metros a centímetros, se multiplica por 100. Por lo tanto, 3 metros son 3 * 100 = 300 centímetros. Para convertir metros a milímetros, se multiplica por 1000. Por lo tanto, 3 metros son 3 * 1000 = 3000 milímetros.",La pizarra mide 300 centímetros y 3000 milímetros.,"{""problem"": ""Un niño tiene una pizarra de 3 metros de largo. ¿Cuántos centímetros tiene la pizarra si se mide en centímetros? Además, ¿cuántos milímetros tiene la pizarra si se mide en milímetros?"", ""solution"": ""Para convertir metros a centímetros, se multiplica por 100. Por lo tanto, 3 metros son 3 * 100 = 300 centímetros. Para convertir metros a milímetros, se multiplica por 1000. Por lo tanto, 3 metros son 3 * 1000 = 3000 milímetros."", ""answer"": ""La pizarra mide 300 centímetros y 3000 milímetros.""}",
MA05-OA-22-01,5° básico,Medición,MA05 OA 22,"Calcular áreas de triángulos, de paralelogramos y de trapecios, y estimar áreas de figuras irregulares aplicando las siguientes estrategias:
• conteo de cuadrículas
• comparación con el área de un rectángulo
• completar figuras por traslación.",calcular área de un triángulo,"Trabajar áreas de triángulos, paralelogramos, trapecios o figuras irregulares con dimensiones explícitas y sin depender de una imagen.",jardín,HuggingFaceTB/SmolLM3-3B,"Genera un problema matemático verbal para un estudiante de 5° básico.
Debe estar alineado con el siguiente Objetivo de Aprendizaje: Calcular áreas de triángulos, de paralelogramos y de trapecios, y estimar áreas de figuras irregulares aplicando las siguientes estrategias:
• conteo de cuadrículas
• comparación con el área de un rectángulo
• completar figuras por traslación.
Habilidad a evaluar: calcular área de un triángulo.
Condiciones curriculares: Trabajar áreas de triángulos, paralelogramos, trapecios o figuras irregulares con dimensiones explícitas y sin depender de una imagen..
Contexto: jardín.
Entrega el problema, su solución y la respuesta final.
Responde únicamente con un objeto JSON válido con esta estructura: {""problem"": ""..."", ""solution"": ""..."", ""answer"": ""...""}",Un jardinero tiene un terreno rectangular de 12 metros de largo y 8 metros de ancho. Decide dividirlo en dos triángulos iguales. ¿Cuál es el área de cada triángulo?,"Primero, calculamos el área del rectángulo original: área = longitud × ancho = 12 m × 8 m = 96 m². Luego, al dividir el rectángulo en dos triángulos iguales, el área de cada triángulo será la mitad del área del rectángulo. Por lo tanto, área de cada triángulo = 96 m² ÷ 2 = 48 m².",48 m²,"{""problem"": ""Un jardinero tiene un terreno rectangular de 12 metros de largo y 8 metros de ancho. Decide dividirlo en dos triángulos iguales. ¿Cuál es el área de cada triángulo?"", ""solution"": ""Primero, calculamos el área del rectángulo original: área = longitud × ancho = 12 m × 8 m = 96 m². Luego, al dividir el rectángulo en dos triángulos iguales, el área de cada triángulo será la mitad del área del rectángulo. Por lo tanto, área de cada triángulo = 96 m² ÷ 2 = 48 m²."", ""answer"": ""48 m²""}",
MA05-OA-22-02,5° básico,Medición,MA05 OA 22,"Calcular áreas de triángulos, de paralelogramos y de trapecios, y estimar áreas de figuras irregulares aplicando las siguientes estrategias:
• conteo de cuadrículas
• comparación con el área de un rectángulo
• completar figuras por traslación.",calcular área de un paralelogramo,"Trabajar áreas de triángulos, paralelogramos, trapecios o figuras irregulares con dimensiones explícitas y sin depender de una imagen.",terreno,HuggingFaceTB/SmolLM3-3B,"Genera un problema matemático verbal para un estudiante de 5° básico.
Debe estar alineado con el siguiente Objetivo de Aprendizaje: Calcular áreas de triángulos, de paralelogramos y de trapecios, y estimar áreas de figuras irregulares aplicando las siguientes estrategias:
• conteo de cuadrículas
• comparación con el área de un rectángulo
• completar figuras por traslación.
Habilidad a evaluar: calcular área de un paralelogramo.
Condiciones curriculares: Trabajar áreas de triángulos, paralelogramos, trapecios o figuras irregulares con dimensiones explícitas y sin depender de una imagen..
Contexto: terreno.
Entrega el problema, su solución y la respuesta final.
Responde únicamente con un objeto JSON válido con esta estructura: {""problem"": ""..."", ""solution"": ""..."", ""answer"": ""...""}",Un agricultor tiene un terreno rectangular de 20 metros de largo y 15 metros de ancho. Decide dividir este terreno en dos partes iguales con una línea paralela a su lado largo. Cada una de las nuevas figuras resultantes es un paralelogramo. ¿Cuál es el área de cada paralelogramo?,"Para calcular el área de cada paralelogramo, primero determinamos el área total del terreno rectangular. El área total es: área = longitud × ancho = 20 m × 15 m = 300 m². Al dividir el terreno en dos partes iguales, cada paralelogramo tendrá la mitad del área total. Por lo tanto, el área de cada paralelogramo es: área de cada paralelogramo = área total / 2 = 300 m² / 2 = 150 m².",150 m²,"{""problem"": ""Un agricultor tiene un terreno rectangular de 20 metros de largo y 15 metros de ancho. Decide dividir este terreno en dos partes iguales con una línea paralela a su lado largo. Cada una de las nuevas figuras resultantes es un paralelogramo. ¿Cuál es el área de cada paralelogramo?"", ""solution"": ""Para calcular el área de cada paralelogramo, primero determinamos el área total del terreno rectangular. El área total es: área = longitud × ancho = 20 m × 15 m = 300 m². Al dividir el terreno en dos partes iguales, cada paralelogramo tendrá la mitad del área total. Por lo tanto, el área de cada paralelogramo es: área de cada paralelogramo = área total / 2 = 300 m² / 2 = 150 m²."", ""answer"": ""150 m²""}",
MA05-OA-22-03,5° básico,Medición,MA05 OA 22,"Calcular áreas de triángulos, de paralelogramos y de trapecios, y estimar áreas de figuras irregulares aplicando las siguientes estrategias:
• conteo de cuadrículas
• comparación con el área de un rectángulo
• completar figuras por traslación.",calcular área de un trapecio,"Trabajar áreas de triángulos, paralelogramos, trapecios o figuras irregulares con dimensiones explícitas y sin depender de una imagen.",cartulina,HuggingFaceTB/SmolLM3-3B,"Genera un problema matemático verbal para un estudiante de 5° básico.
Debe estar alineado con el siguiente Objetivo de Aprendizaje: Calcular áreas de triángulos, de paralelogramos y de trapecios, y estimar áreas de figuras irregulares aplicando las siguientes estrategias:
• conteo de cuadrículas
• comparación con el área de un rectángulo
• completar figuras por traslación.
Habilidad a evaluar: calcular área de un trapecio.
Condiciones curriculares: Trabajar áreas de triángulos, paralelogramos, trapecios o figuras irregulares con dimensiones explícitas y sin depender de una imagen..
Contexto: cartulina.
Entrega el problema, su solución y la respuesta final.
Responde únicamente con un objeto JSON válido con esta estructura: {""problem"": ""..."", ""solution"": ""..."", ""answer"": ""...""}","Un maestro tiene una cartulina rectangular de 20 cm de largo y 15 cm de ancho. Quiere cortar una figura de trapecio en la cartulina. El trapecio tiene una base superior de 8 cm, una base inferior de 12 cm, y una altura de 10 cm. ¿Cuántos cuadrados de 1 cm de lado debe cortar el maestro para formar el trapecio?","Para calcular el área del trapecio, usamos la fórmula: área = rac{1}{2} 	imes (b_1 + b_2) 	imes h. Sustituyendo los valores dados: área = rac{1}{2} 	imes (8 + 12) 	imes 10 = rac{1}{2} 	imes 20 	imes 10 = 100 cm². Para formar el trapecio, el maestro debe cortar 100 cuadrados de 1 cm de lado.",100,"{""problem"": ""Un maestro tiene una cartulina rectangular de 20 cm de largo y 15 cm de ancho. Quiere cortar una figura de trapecio en la cartulina. El trapecio tiene una base superior de 8 cm, una base inferior de 12 cm, y una altura de 10 cm. ¿Cuántos cuadrados de 1 cm de lado debe cortar el maestro para formar el trapecio?"", ""solution"": ""Para calcular el área del trapecio, usamos la fórmula: área = \frac{1}{2} \times (b_1 + b_2) \times h. Sustituyendo los valores dados: área = \frac{1}{2} \times (8 + 12) \times 10 = \frac{1}{2} \times 20 \times 10 = 100 cm². Para formar el trapecio, el maestro debe cortar 100 cuadrados de 1 cm de lado."", ""answer"": ""100""}",
MA05-OA-22-04,5° básico,Medición,MA05 OA 22,"Calcular áreas de triángulos, de paralelogramos y de trapecios, y estimar áreas de figuras irregulares aplicando las siguientes estrategias:
• conteo de cuadrículas
• comparación con el área de un rectángulo
• completar figuras por traslación.",estimar área de una figura irregular descrita,"Trabajar áreas de triángulos, paralelogramos, trapecios o figuras irregulares con dimensiones explícitas y sin depender de una imagen.",piso,HuggingFaceTB/SmolLM3-3B,"Genera un problema matemático verbal para un estudiante de 5° básico.
Debe estar alineado con el siguiente Objetivo de Aprendizaje: Calcular áreas de triángulos, de paralelogramos y de trapecios, y estimar áreas de figuras irregulares aplicando las siguientes estrategias:
• conteo de cuadrículas
• comparación con el área de un rectángulo
• completar figuras por traslación.
Habilidad a evaluar: estimar área de una figura irregular descrita.
Condiciones curriculares: Trabajar áreas de triángulos, paralelogramos, trapecios o figuras irregulares con dimensiones explícitas y sin depender de una imagen..
Contexto: piso.
Entrega el problema, su solución y la respuesta final.
Responde únicamente con un objeto JSON válido con esta estructura: {""problem"": ""..."", ""solution"": ""..."", ""answer"": ""...""}","Un piso de una casa mide 6 metros de largo y 4 metros de ancho. En el centro del piso, hay un área irregular que se parece a un triángulo. La base del triángulo mide 4 metros y la altura desde la base hasta el vértice más alto es de 3 metros. ¿Cuál es el área aproximada del piso irregular que se puede estimar usando el método de conteo de cuadrículas?","Para estimar el área del triángulo, podemos usar el método de conteo de cuadrículas. El piso mide 6 metros de largo y 4 metros de ancho, por lo que podemos dividirlo en cuadrados de 1 metro de lado. Cada cuadrado tiene un área de 1 metro cuadrado. Dado que la base del triángulo mide 4 metros, podemos contar 4 cuadrados a lo largo de la base. La altura del triángulo es de 3 metros, por lo que podemos contar 3 filas de cuadrados desde la base hasta el vértice más alto. Multiplicando el número de cuadrados a lo largo de la base (4) por el número de filas (3), obtenemos 12 cuadrados. Por lo tanto, el área del triángulo es aproximadamente 12 metros cuadrados.",12,"{""problem"": ""Un piso de una casa mide 6 metros de largo y 4 metros de ancho. En el centro del piso, hay un área irregular que se parece a un triángulo. La base del triángulo mide 4 metros y la altura desde la base hasta el vértice más alto es de 3 metros. ¿Cuál es el área aproximada del piso irregular que se puede estimar usando el método de conteo de cuadrículas?"",

  ""solution"": ""Para estimar el área del triángulo, podemos usar el método de conteo de cuadrículas. El piso mide 6 metros de largo y 4 metros de ancho, por lo que podemos dividirlo en cuadrados de 1 metro de lado. Cada cuadrado tiene un área de 1 metro cuadrado. Dado que la base del triángulo mide 4 metros, podemos contar 4 cuadrados a lo largo de la base. La altura del triángulo es de 3 metros, por lo que podemos contar 3 filas de cuadrados desde la base hasta el vértice más alto. Multiplicando el número de cuadrados a lo largo de la base (4) por el número de filas (3), obtenemos 12 cuadrados. Por lo tanto, el área del triángulo es aproximadamente 12 metros cuadrados."",

  ""answer"": ""12""}",
MA05-OA-22-05,5° básico,Medición,MA05 OA 22,"Calcular áreas de triángulos, de paralelogramos y de trapecios, y estimar áreas de figuras irregulares aplicando las siguientes estrategias:
• conteo de cuadrículas
• comparación con el área de un rectángulo
• completar figuras por traslación.",comparar áreas de figuras,"Trabajar áreas de triángulos, paralelogramos, trapecios o figuras irregulares con dimensiones explícitas y sin depender de una imagen.",señalética,HuggingFaceTB/SmolLM3-3B,"Genera un problema matemático verbal para un estudiante de 5° básico.
Debe estar alineado con el siguiente Objetivo de Aprendizaje: Calcular áreas de triángulos, de paralelogramos y de trapecios, y estimar áreas de figuras irregulares aplicando las siguientes estrategias:
• conteo de cuadrículas
• comparación con el área de un rectángulo
• completar figuras por traslación.
Habilidad a evaluar: comparar áreas de figuras.
Condiciones curriculares: Trabajar áreas de triángulos, paralelogramos, trapecios o figuras irregulares con dimensiones explícitas y sin depender de una imagen..
Contexto: señalética.
Entrega el problema, su solución y la respuesta final.
Responde únicamente con un objeto JSON válido con esta estructura: {""problem"": ""..."", ""solution"": ""..."", ""answer"": ""...""}","Tres estudiantes, Ana, Carlos y Diego, están realizando un proyecto sobre áreas en geometría. Ana calculó el área de un triángulo con base 6 cm y altura 4 cm. Carlos calculó el área de un paralelogramo con base 8 cm y altura 3 cm. Diego calculó el área de un trapecio con base mayor 10 cm, base menor 4 cm y altura 5 cm. ¿Cuál es el área total de las tres figuras? ¿Cómo lo resolvieron? Pueden usar estrategias como el conteo de cuadrículas, la comparación con el área de un rectángulo o completar figuras por traslación.","Para calcular el área del triángulo de Ana, usamos la fórmula 	ext{área} = rac{1}{2} 	imes 	ext{base} 	imes 	ext{altura} = rac{1}{2} 	imes 6 	imes 4 = 12 	ext{ cm}^2. Para el paralelogramo de Carlos, usamos la misma fórmula: 	ext{área} = 	ext{base} 	imes 	ext{altura} = 8 	imes 3 = 24 	ext{ cm}^2. Para el trapecio de Diego, primero calculamos el promedio de las bases: rac{10 + 4}{2} = 7 	ext{ cm}. Luego, usamos la fórmula: 	ext{área} = 	ext{altura} 	imes 	ext{promedio de las bases} = 5 	imes 7 = 35 	ext{ cm}^2. Sumando las áreas de las tres figuras, obtenemos 12 + 24 + 35 = 71 	ext{ cm}^2.",71 cm²,"{""problem"": ""Tres estudiantes, Ana, Carlos y Diego, están realizando un proyecto sobre áreas en geometría. Ana calculó el área de un triángulo con base 6 cm y altura 4 cm. Carlos calculó el área de un paralelogramo con base 8 cm y altura 3 cm. Diego calculó el área de un trapecio con base mayor 10 cm, base menor 4 cm y altura 5 cm. ¿Cuál es el área total de las tres figuras? ¿Cómo lo resolvieron? Pueden usar estrategias como el conteo de cuadrículas, la comparación con el área de un rectángulo o completar figuras por traslación."", ""solution"": ""Para calcular el área del triángulo de Ana, usamos la fórmula \text{área} = \frac{1}{2} \times \text{base} \times \text{altura} = \frac{1}{2} \times 6 \times 4 = 12 \text{ cm}^2. Para el paralelogramo de Carlos, usamos la misma fórmula: \text{área} = \text{base} \times \text{altura} = 8 \times 3 = 24 \text{ cm}^2. Para el trapecio de Diego, primero calculamos el promedio de las bases: \frac{10 + 4}{2} = 7 \text{ cm}. Luego, usamos la fórmula: \text{área} = \text{altura} \times \text{promedio de las bases} = 5 \times 7 = 35 \text{ cm}^2. Sumando las áreas de las tres figuras, obtenemos 12 + 24 + 35 = 71 \text{ cm}^2."", ""answer"": ""71 cm²""}",
MA05-OA-23-01,5° básico,Datos y probabilidades,MA05 OA 23,Calcular el promedio de datos e interpretarlo en su contexto.,calcular un promedio,Entregar un conjunto pequeño de datos numéricos apropiados para 5° básico.,puntajes,HuggingFaceTB/SmolLM3-3B,"Genera un problema matemático verbal para un estudiante de 5° básico.
Debe estar alineado con el siguiente Objetivo de Aprendizaje: Calcular el promedio de datos e interpretarlo en su contexto.
Habilidad a evaluar: calcular un promedio.
Condiciones curriculares: Entregar un conjunto pequeño de datos numéricos apropiados para 5° básico..
Contexto: puntajes.
Entrega el problema, su solución y la respuesta final.
Responde únicamente con un objeto JSON válido con esta estructura: {""problem"": ""..."", ""solution"": ""..."", ""answer"": ""...""}","En un juego de adivinanzas, cinco amigos anotaron cuántas adivinanzas lograron resolver cada uno. Los resultados fueron: 3, 4, 5, 2 y 6. ¿Cuál es el promedio de adivinanzas que resolvieron los amigos?","Para calcular el promedio, sumamos los puntos de todos los amigos y luego dividimos por el número de amigos. La suma de los puntos es 3 + 4 + 5 + 2 + 6 = 20. Hay 5 amigos. Por lo tanto, el promedio es 20 ÷ 5 = 4.",4,"{
  ""problem"": ""En un juego de adivinanzas, cinco amigos anotaron cuántas adivinanzas lograron resolver cada uno. Los resultados fueron: 3, 4, 5, 2 y 6. ¿Cuál es el promedio de adivinanzas que resolvieron los amigos?"",
  ""solution"": ""Para calcular el promedio, sumamos los puntos de todos los amigos y luego dividimos por el número de amigos. La suma de los puntos es 3 + 4 + 5 + 2 + 6 = 20. Hay 5 amigos. Por lo tanto, el promedio es 20 ÷ 5 = 4."",
  ""answer"": ""4""
}",
MA05-OA-23-02,5° básico,Datos y probabilidades,MA05 OA 23,Calcular el promedio de datos e interpretarlo en su contexto.,interpretar un promedio,Entregar un conjunto pequeño de datos numéricos apropiados para 5° básico.,temperaturas,HuggingFaceTB/SmolLM3-3B,"Genera un problema matemático verbal para un estudiante de 5° básico.
Debe estar alineado con el siguiente Objetivo de Aprendizaje: Calcular el promedio de datos e interpretarlo en su contexto.
Habilidad a evaluar: interpretar un promedio.
Condiciones curriculares: Entregar un conjunto pequeño de datos numéricos apropiados para 5° básico..
Contexto: temperaturas.
Entrega el problema, su solución y la respuesta final.
Responde únicamente con un objeto JSON válido con esta estructura: {""problem"": ""..."", ""solution"": ""..."", ""answer"": ""...""}","En una ciudad, se registraron las siguientes temperaturas en grados Celsius durante una semana: 22, 25, 24, 26, 23, 24, 25. ¿Cuál es el promedio de las temperaturas registradas durante esa semana? ¿Qué nos dice este promedio sobre las temperaturas de la semana?","Primero, sumamos todas las temperaturas: 22 + 25 + 24 + 26 + 23 + 24 + 25 = 183. Luego, dividimos la suma por el número de días (7): 183 ÷ 7 = 26.14 (redondeado a dos decimales). Por lo tanto, el promedio de las temperaturas es 26.14°C. Este promedio nos indica que, en promedio, la temperatura en la ciudad fue de 26.14°C durante la semana.",26.14,"{""problem"": ""En una ciudad, se registraron las siguientes temperaturas en grados Celsius durante una semana: 22, 25, 24, 26, 23, 24, 25. ¿Cuál es el promedio de las temperaturas registradas durante esa semana? ¿Qué nos dice este promedio sobre las temperaturas de la semana?"", ""solution"": ""Primero, sumamos todas las temperaturas: 22 + 25 + 24 + 26 + 23 + 24 + 25 = 183. Luego, dividimos la suma por el número de días (7): 183 ÷ 7 = 26.14 (redondeado a dos decimales). Por lo tanto, el promedio de las temperaturas es 26.14°C. Este promedio nos indica que, en promedio, la temperatura en la ciudad fue de 26.14°C durante la semana."", ""answer"": ""26.14""}",
MA05-OA-23-03,5° básico,Datos y probabilidades,MA05 OA 23,Calcular el promedio de datos e interpretarlo en su contexto.,comparar un dato con el promedio,Entregar un conjunto pequeño de datos numéricos apropiados para 5° básico.,libros leídos,HuggingFaceTB/SmolLM3-3B,"Genera un problema matemático verbal para un estudiante de 5° básico.
Debe estar alineado con el siguiente Objetivo de Aprendizaje: Calcular el promedio de datos e interpretarlo en su contexto.
Habilidad a evaluar: comparar un dato con el promedio.
Condiciones curriculares: Entregar un conjunto pequeño de datos numéricos apropiados para 5° básico..
Contexto: libros leídos.
Entrega el problema, su solución y la respuesta final.
Responde únicamente con un objeto JSON válido con esta estructura: {""problem"": ""..."", ""solution"": ""..."", ""answer"": ""...""}","Una clase de 5° básico tiene un total de 20 estudiantes. Cada estudiante leyó un libro en su semana de vacaciones. Aquí están las cantidades de libros que leyeron: 5, 3, 7, 2, 6, 4, 8, 1, 9, 5, 3, 7, 2, 6, 4, 8, 1, 9, 5, 3. ¿Cuántos libros leíó el promedio de los estudiantes en la clase?","Primero, sumamos todas las cantidades de libros leídos: 5 + 3 + 7 + 2 + 6 + 4 + 8 + 1 + 9 + 5 + 3 + 7 + 2 + 6 + 4 + 8 + 1 + 9 + 5 + 3 = 100. Luego, dividimos la suma total por el número de estudiantes, que es 20. 100 ÷ 20 = 5. El promedio de libros leídos por estudiante es 5.",5,"{""problem"": ""Una clase de 5° básico tiene un total de 20 estudiantes. Cada estudiante leyó un libro en su semana de vacaciones. Aquí están las cantidades de libros que leyeron: 5, 3, 7, 2, 6, 4, 8, 1, 9, 5, 3, 7, 2, 6, 4, 8, 1, 9, 5, 3. ¿Cuántos libros leíó el promedio de los estudiantes en la clase?"", ""solution"": ""Primero, sumamos todas las cantidades de libros leídos: 5 + 3 + 7 + 2 + 6 + 4 + 8 + 1 + 9 + 5 + 3 + 7 + 2 + 6 + 4 + 8 + 1 + 9 + 5 + 3 = 100. Luego, dividimos la suma total por el número de estudiantes, que es 20. 100 ÷ 20 = 5. El promedio de libros leídos por estudiante es 5."", ""answer"": ""5""}",
MA05-OA-23-04,5° básico,Datos y probabilidades,MA05 OA 23,Calcular el promedio de datos e interpretarlo en su contexto.,hallar un dato faltante a partir de un promedio sencillo,Entregar un conjunto pequeño de datos numéricos apropiados para 5° básico.,tiempos,HuggingFaceTB/SmolLM3-3B,"Genera un problema matemático verbal para un estudiante de 5° básico.
Debe estar alineado con el siguiente Objetivo de Aprendizaje: Calcular el promedio de datos e interpretarlo en su contexto.
Habilidad a evaluar: hallar un dato faltante a partir de un promedio sencillo.
Condiciones curriculares: Entregar un conjunto pequeño de datos numéricos apropiados para 5° básico..
Contexto: tiempos.
Entrega el problema, su solución y la respuesta final.
Responde únicamente con un objeto JSON válido con esta estructura: {""problem"": ""..."", ""solution"": ""..."", ""answer"": ""...""}","En una clase de 5 estudiantes, la profesora registró los tiempos que cada estudiante tardó en resolver un problema matemático. Los tiempos fueron: 5 minutos, 7 minutos, 9 minutos, 11 minutos y 13 minutos. Si el promedio de los tiempos es de 9 minutos, ¿cuánto tiempo tardó el estudiante que no registró?","Primero, calculamos el promedio de los tiempos registrados. La suma de los tiempos es 5 + 7 + 9 + 11 + 13 = 45 minutos. El número de estudiantes es 5, por lo que el promedio es 45 / 5 = 9 minutos. Sabemos que el promedio es de 9 minutos, pero falta el tiempo del estudiante que no registró. Para encontrar este tiempo, restamos el promedio del tiempo total de los estudiantes registrados. El tiempo total de los estudiantes registrados es 45 minutos. Si el promedio es 9 minutos, entonces el tiempo total de los estudiantes registrados también es 9 * 5 = 45 minutos. Por lo tanto, el tiempo del estudiante que no registró es 45 - 45 = 0 minutos.",El estudiante que no registró tardó 0 minutos en resolver el problema matemático.,"{""problem"": ""En una clase de 5 estudiantes, la profesora registró los tiempos que cada estudiante tardó en resolver un problema matemático. Los tiempos fueron: 5 minutos, 7 minutos, 9 minutos, 11 minutos y 13 minutos. Si el promedio de los tiempos es de 9 minutos, ¿cuánto tiempo tardó el estudiante que no registró?"", ""solution"": ""Primero, calculamos el promedio de los tiempos registrados. La suma de los tiempos es 5 + 7 + 9 + 11 + 13 = 45 minutos. El número de estudiantes es 5, por lo que el promedio es 45 / 5 = 9 minutos. Sabemos que el promedio es de 9 minutos, pero falta el tiempo del estudiante que no registró. Para encontrar este tiempo, restamos el promedio del tiempo total de los estudiantes registrados. El tiempo total de los estudiantes registrados es 45 minutos. Si el promedio es 9 minutos, entonces el tiempo total de los estudiantes registrados también es 9 * 5 = 45 minutos. Por lo tanto, el tiempo del estudiante que no registró es 45 - 45 = 0 minutos."", ""answer"": ""El estudiante que no registró tardó 0 minutos en resolver el problema matemático.""}",
MA05-OA-23-05,5° básico,Datos y probabilidades,MA05 OA 23,Calcular el promedio de datos e interpretarlo en su contexto.,usar el promedio para responder una pregunta contextual,Entregar un conjunto pequeño de datos numéricos apropiados para 5° básico.,ventas,HuggingFaceTB/SmolLM3-3B,"Genera un problema matemático verbal para un estudiante de 5° básico.
Debe estar alineado con el siguiente Objetivo de Aprendizaje: Calcular el promedio de datos e interpretarlo en su contexto.
Habilidad a evaluar: usar el promedio para responder una pregunta contextual.
Condiciones curriculares: Entregar un conjunto pequeño de datos numéricos apropiados para 5° básico..
Contexto: ventas.
Entrega el problema, su solución y la respuesta final.
Responde únicamente con un objeto JSON válido con esta estructura: {""problem"": ""..."", ""solution"": ""..."", ""answer"": ""...""}","En una tienda de dulces, se vendieron 25 chocolates en la mañana y 35 chocolates en la tarde. ¿Cuántos chocolates se vendieron en total? ¿Cuál es el promedio de chocolates vendidos por hora? ¿Qué significa esto en el contexto de las ventas?","Primero, calculamos el total de chocolates vendidos. En la mañana se vendieron 25 chocolates y en la tarde 35 chocolates. Por lo tanto, el total de chocolates vendidos es 25 + 35 = 60 chocolates. Luego, calculamos el promedio de chocolates vendidos por hora. En total, se vendieron 60 chocolates en 2 horas, por lo que el promedio es 60 chocolates / 2 horas = 30 chocolates por hora. Esto significa que, en promedio, se venden 30 chocolates cada hora.","60 chocolates en total, 30 chocolates por hora.","{""problem"": ""En una tienda de dulces, se vendieron 25 chocolates en la mañana y 35 chocolates en la tarde. ¿Cuántos chocolates se vendieron en total? ¿Cuál es el promedio de chocolates vendidos por hora? ¿Qué significa esto en el contexto de las ventas?"", ""solution"": ""Primero, calculamos el total de chocolates vendidos. En la mañana se vendieron 25 chocolates y en la tarde 35 chocolates. Por lo tanto, el total de chocolates vendidos es 25 + 35 = 60 chocolates. Luego, calculamos el promedio de chocolates vendidos por hora. En total, se vendieron 60 chocolates en 2 horas, por lo que el promedio es 60 chocolates / 2 horas = 30 chocolates por hora. Esto significa que, en promedio, se venden 30 chocolates cada hora."", ""answer"": ""60 chocolates en total, 30 chocolates por hora.""}",
MA05-OA-24-01,5° básico,Datos y probabilidades,MA05 OA 24,"Describir la posibilidad de ocurrencia de un evento en base a un experimento aleatorio, empleando los términos seguro - posible - poco posible - imposible.",clasificar un evento como seguro,"Usar los términos seguro, posible, poco posible e imposible; no requerir cálculo formal de probabilidad.",dados,HuggingFaceTB/SmolLM3-3B,"Genera un problema matemático verbal para un estudiante de 5° básico.
Debe estar alineado con el siguiente Objetivo de Aprendizaje: Describir la posibilidad de ocurrencia de un evento en base a un experimento aleatorio, empleando los términos seguro - posible - poco posible - imposible.
Habilidad a evaluar: clasificar un evento como seguro.
Condiciones curriculares: Usar los términos seguro, posible, poco posible e imposible; no requerir cálculo formal de probabilidad..
Contexto: dados.
Entrega el problema, su solución y la respuesta final.
Responde únicamente con un objeto JSON válido con esta estructura: {""problem"": ""..."", ""solution"": ""..."", ""answer"": ""...""}","En un juego de dados, si lanzas un dado de seis caras, ¿cuál es el resultado más seguro de obtener?","El resultado más seguro de obtener al lanzar un dado de seis caras es un número del 1 al 6, ya que todos estos números son posibles y cada uno tiene la misma probabilidad de aparecer. Sin embargo, no hay un resultado más seguro que otro, ya que todos son igualmente posibles. Si el objetivo es obtener un número específico, como el 4, entonces ese número es posible, pero no es el más seguro, ya que hay cinco otros números que también son posibles.","El resultado más seguro es cualquier número del 1 al 6, ya que todos son igualmente posibles y no hay un resultado más probable que otro.","{""problem"": ""En un juego de dados, si lanzas un dado de seis caras, ¿cuál es el resultado más seguro de obtener?"", ""solution"": ""El resultado más seguro de obtener al lanzar un dado de seis caras es un número del 1 al 6, ya que todos estos números son posibles y cada uno tiene la misma probabilidad de aparecer. Sin embargo, no hay un resultado más seguro que otro, ya que todos son igualmente posibles. Si el objetivo es obtener un número específico, como el 4, entonces ese número es posible, pero no es el más seguro, ya que hay cinco otros números que también son posibles."", ""answer"": ""El resultado más seguro es cualquier número del 1 al 6, ya que todos son igualmente posibles y no hay un resultado más probable que otro.""}",
MA05-OA-24-02,5° básico,Datos y probabilidades,MA05 OA 24,"Describir la posibilidad de ocurrencia de un evento en base a un experimento aleatorio, empleando los términos seguro - posible - poco posible - imposible.",clasificar un evento como posible,"Usar los términos seguro, posible, poco posible e imposible; no requerir cálculo formal de probabilidad.",monedas,HuggingFaceTB/SmolLM3-3B,"Genera un problema matemático verbal para un estudiante de 5° básico.
Debe estar alineado con el siguiente Objetivo de Aprendizaje: Describir la posibilidad de ocurrencia de un evento en base a un experimento aleatorio, empleando los términos seguro - posible - poco posible - imposible.
Habilidad a evaluar: clasificar un evento como posible.
Condiciones curriculares: Usar los términos seguro, posible, poco posible e imposible; no requerir cálculo formal de probabilidad..
Contexto: monedas.
Entrega el problema, su solución y la respuesta final.
Responde únicamente con un objeto JSON válido con esta estructura: {""problem"": ""..."", ""solution"": ""..."", ""answer"": ""...""}",Se lanzan dos monedas. ¿Cuál es la probabilidad de que salgan cara en ambas monedas? ¿Es seguro que salgan cara en ambas monedas? ¿Es posible que salgan cara en ambas monedas? ¿Es poco posible que salgan cara en ambas monedas? ¿Es imposible que salgan cara en ambas monedas?,"Cuando se lanzan dos monedas, cada moneda tiene dos posibles resultados: cara o cruz. Por lo tanto, hay un total de 2 x 2 = 4 posibles resultados: cara-cara, cara-cruz, cruz-cara, cruz-cruz. De estos 4 resultados, solo 1 es el resultado en el que salen cara en ambas monedas. Por lo tanto, la probabilidad de que salgan cara en ambas monedas es 1/4, o 25%. La posibilidad de que salgan cara en ambas monedas es cierta, ya que es uno de los resultados posibles. No es seguro que salgan cara en ambas monedas, ya que esto solo ocurre en una de las cuatro posibilidades. No es poco posible, ya que es posible que ocurra, aunque no es tan probable como otros resultados. No es imposible que salgan cara en ambas monedas, ya que es un resultado válido.","La probabilidad de que salgan cara en ambas monedas es 1/4, es posible que salgan cara en ambas monedas.","{""problem"": ""Se lanzan dos monedas. ¿Cuál es la probabilidad de que salgan cara en ambas monedas? ¿Es seguro que salgan cara en ambas monedas? ¿Es posible que salgan cara en ambas monedas? ¿Es poco posible que salgan cara en ambas monedas? ¿Es imposible que salgan cara en ambas monedas?"", ""solution"": ""Cuando se lanzan dos monedas, cada moneda tiene dos posibles resultados: cara o cruz. Por lo tanto, hay un total de 2 x 2 = 4 posibles resultados: cara-cara, cara-cruz, cruz-cara, cruz-cruz. De estos 4 resultados, solo 1 es el resultado en el que salen cara en ambas monedas. Por lo tanto, la probabilidad de que salgan cara en ambas monedas es 1/4, o 25%. La posibilidad de que salgan cara en ambas monedas es cierta, ya que es uno de los resultados posibles. No es seguro que salgan cara en ambas monedas, ya que esto solo ocurre en una de las cuatro posibilidades. No es poco posible, ya que es posible que ocurra, aunque no es tan probable como otros resultados. No es imposible que salgan cara en ambas monedas, ya que es un resultado válido."", ""answer"": ""La probabilidad de que salgan cara en ambas monedas es 1/4, es posible que salgan cara en ambas monedas.""}",
MA05-OA-24-03,5° básico,Datos y probabilidades,MA05 OA 24,"Describir la posibilidad de ocurrencia de un evento en base a un experimento aleatorio, empleando los términos seguro - posible - poco posible - imposible.",clasificar un evento como poco posible,"Usar los términos seguro, posible, poco posible e imposible; no requerir cálculo formal de probabilidad.",bolsas con fichas,HuggingFaceTB/SmolLM3-3B,"Genera un problema matemático verbal para un estudiante de 5° básico.
Debe estar alineado con el siguiente Objetivo de Aprendizaje: Describir la posibilidad de ocurrencia de un evento en base a un experimento aleatorio, empleando los términos seguro - posible - poco posible - imposible.
Habilidad a evaluar: clasificar un evento como poco posible.
Condiciones curriculares: Usar los términos seguro, posible, poco posible e imposible; no requerir cálculo formal de probabilidad..
Contexto: bolsas con fichas.
Entrega el problema, su solución y la respuesta final.
Responde únicamente con un objeto JSON válido con esta estructura: {""problem"": ""..."", ""solution"": ""..."", ""answer"": ""...""}","En un juego, hay una bolsa con 10 fichas: 3 rojas, 4 azules y 3 verdes. Si sacas una ficha al azar, ¿cuál es la probabilidad de sacar una ficha roja? ¿Es seguro que saques una ficha roja? ¿Es posible que saques una ficha roja? ¿Es poco probable que saques una ficha roja? ¿Es imposible que saques una ficha roja?","La probabilidad de sacar una ficha roja es 3/10, lo que equivale a 0.3 o 30%. No es seguro que saques una ficha roja, ya que hay otras opciones posibles. Es posible que saques una ficha roja, ya que hay 3 fichas rojas en total. Es poco probable que saques una ficha roja, ya que hay un 30% de posibilidades de sacarla. Es imposible que saques más de 3 fichas rojas en una sola saca.","La probabilidad de sacar una ficha roja es 0.3 o 30%. No es seguro que saques una ficha roja, es posible pero poco probable.","{""problem"": ""En un juego, hay una bolsa con 10 fichas: 3 rojas, 4 azules y 3 verdes. Si sacas una ficha al azar, ¿cuál es la probabilidad de sacar una ficha roja? ¿Es seguro que saques una ficha roja? ¿Es posible que saques una ficha roja? ¿Es poco probable que saques una ficha roja? ¿Es imposible que saques una ficha roja?"", ""solution"": ""La probabilidad de sacar una ficha roja es 3/10, lo que equivale a 0.3 o 30%. No es seguro que saques una ficha roja, ya que hay otras opciones posibles. Es posible que saques una ficha roja, ya que hay 3 fichas rojas en total. Es poco probable que saques una ficha roja, ya que hay un 30% de posibilidades de sacarla. Es imposible que saques más de 3 fichas rojas en una sola saca."", ""answer"": ""La probabilidad de sacar una ficha roja es 0.3 o 30%. No es seguro que saques una ficha roja, es posible pero poco probable.""}",
MA05-OA-24-04,5° básico,Datos y probabilidades,MA05 OA 24,"Describir la posibilidad de ocurrencia de un evento en base a un experimento aleatorio, empleando los términos seguro - posible - poco posible - imposible.",clasificar un evento como imposible,"Usar los términos seguro, posible, poco posible e imposible; no requerir cálculo formal de probabilidad.",ruletas descritas en texto,HuggingFaceTB/SmolLM3-3B,"Genera un problema matemático verbal para un estudiante de 5° básico.
Debe estar alineado con el siguiente Objetivo de Aprendizaje: Describir la posibilidad de ocurrencia de un evento en base a un experimento aleatorio, empleando los términos seguro - posible - poco posible - imposible.
Habilidad a evaluar: clasificar un evento como imposible.
Condiciones curriculares: Usar los términos seguro, posible, poco posible e imposible; no requerir cálculo formal de probabilidad..
Contexto: ruletas descritas en texto.
Entrega el problema, su solución y la respuesta final.
Responde únicamente con un objeto JSON válido con esta estructura: {""problem"": ""..."", ""solution"": ""..."", ""answer"": ""...""}","Ana está jugando a la ruleta en un juego de casino. La rueda tiene 38 números, incluyendo el 0 y el 00. Ana apuesta a que el número 37 saldrá. ¿Qué probabilidad hay de que ocurra este evento?","El número 37 es solo uno de los 38 números posibles en la ruleta. Por lo tanto, la probabilidad de que el número 37 salga es de 1 sobre 38, lo que se puede expresar como 1/38 o aproximadamente 0.0263. Sin embargo, en términos de posibilidad, el evento de que el número 37 salga es posible, ya que es uno de los números en la rueda. Para clasificar este evento en términos de certeza, podemos decir que no es seguro, ya que no hay garantía de que salga el número 37.",El evento de que el número 37 salga es posible.,"{""problem"": ""Ana está jugando a la ruleta en un juego de casino. La rueda tiene 38 números, incluyendo el 0 y el 00. Ana apuesta a que el número 37 saldrá. ¿Qué probabilidad hay de que ocurra este evento?"", ""solution"": ""El número 37 es solo uno de los 38 números posibles en la ruleta. Por lo tanto, la probabilidad de que el número 37 salga es de 1 sobre 38, lo que se puede expresar como 1/38 o aproximadamente 0.0263. Sin embargo, en términos de posibilidad, el evento de que el número 37 salga es posible, ya que es uno de los números en la rueda. Para clasificar este evento en términos de certeza, podemos decir que no es seguro, ya que no hay garantía de que salga el número 37."", ""answer"": ""El evento de que el número 37 salga es posible.""}",
MA05-OA-24-05,5° básico,Datos y probabilidades,MA05 OA 24,"Describir la posibilidad de ocurrencia de un evento en base a un experimento aleatorio, empleando los términos seguro - posible - poco posible - imposible.",comparar cualitativamente la posibilidad de eventos,"Usar los términos seguro, posible, poco posible e imposible; no requerir cálculo formal de probabilidad.",situaciones cotidianas,HuggingFaceTB/SmolLM3-3B,"Genera un problema matemático verbal para un estudiante de 5° básico.
Debe estar alineado con el siguiente Objetivo de Aprendizaje: Describir la posibilidad de ocurrencia de un evento en base a un experimento aleatorio, empleando los términos seguro - posible - poco posible - imposible.
Habilidad a evaluar: comparar cualitativamente la posibilidad de eventos.
Condiciones curriculares: Usar los términos seguro, posible, poco posible e imposible; no requerir cálculo formal de probabilidad..
Contexto: situaciones cotidianas.
Entrega el problema, su solución y la respuesta final.
Responde únicamente con un objeto JSON válido con esta estructura: {""problem"": ""..."", ""solution"": ""..."", ""answer"": ""...""}","En un juego de adivinanza, el maestro dice: 'Piensa en un número entre 1 y 10. Si lo haces, ¿cuál es la probabilidad de que el número sea 5? ¿Es seguro, posible, poco posible o imposible?'","Primero, consideremos que el conjunto de posibles números es de 1 a 10, lo que significa que hay 10 números posibles. El número 5 es uno de estos números. Por lo tanto, la posibilidad de que el número sea 5 es de 1 sobre 10, o 0.1, lo que se traduce en una probabilidad del 10%. Dado que el número 5 es uno de los 10 números posibles, podemos decir que es una posibilidad. No es seguro ni poco posible, ya que no hay certeza de que sea el número elegido, pero tampoco es algo tan improbable que se pueda considerar poco probable.",posible,"{""problem"": ""En un juego de adivinanza, el maestro dice: 'Piensa en un número entre 1 y 10. Si lo haces, ¿cuál es la probabilidad de que el número sea 5? ¿Es seguro, posible, poco posible o imposible?'"", ""solution"": ""Primero, consideremos que el conjunto de posibles números es de 1 a 10, lo que significa que hay 10 números posibles. El número 5 es uno de estos números. Por lo tanto, la posibilidad de que el número sea 5 es de 1 sobre 10, o 0.1, lo que se traduce en una probabilidad del 10%. Dado que el número 5 es uno de los 10 números posibles, podemos decir que es una posibilidad. No es seguro ni poco posible, ya que no hay certeza de que sea el número elegido, pero tampoco es algo tan improbable que se pueda considerar poco probable."", ""answer"": ""posible""}",
MA05-OA-25-01,5° básico,Datos y probabilidades,MA05 OA 25,Comparar probabilidades de distintos eventos sin calcularlas.,comparar probabilidad de dos eventos,Comparar probabilidades sin calcular valores numéricos formales.,dados,HuggingFaceTB/SmolLM3-3B,"Genera un problema matemático verbal para un estudiante de 5° básico.
Debe estar alineado con el siguiente Objetivo de Aprendizaje: Comparar probabilidades de distintos eventos sin calcularlas.
Habilidad a evaluar: comparar probabilidad de dos eventos.
Condiciones curriculares: Comparar probabilidades sin calcular valores numéricos formales..
Contexto: dados.
Entrega el problema, su solución y la respuesta final.
Responde únicamente con un objeto JSON válido con esta estructura: {""problem"": ""..."", ""solution"": ""..."", ""answer"": ""...""}",En una caja hay 5 bolas rojas y 5 bolas azules. Tomamos dos bolas al azar de la caja sin reemplazo. ¿Cuál es la probabilidad de que ambas bolas sean rojas? ¿Es mayor o menor que la probabilidad de que una bola sea roja y la otra azul? Explica tu razonamiento.,"Primero, calculamos la probabilidad de que la primera bola sea roja. Dado que hay 5 bolas rojas y 10 bolas en total, la probabilidad de que la primera bola sea roja es 5/10 o 1/2. Sin reemplazo, ahora hay 9 bolas restantes, 4 rojas y 5 azules. La probabilidad de que la segunda bola sea roja es 4/9. Por lo tanto, la probabilidad de que ambas bolas sean rojas es (1/2) * (4/9) = 4/18 o 2/9. Para calcular la probabilidad de que una bola sea roja y la otra azul, consideramos dos casos: roja primero y luego azul, o azul primero y luego roja. La probabilidad de que la primera bola sea roja y la segunda azul es (1/2) * (5/9) = 5/18. La probabilidad de que la primera bola sea azul y la segunda roja es (5/10) * (5/9) = 25/90 o 5/18. Por lo tanto, la probabilidad de que una bola sea roja y la otra azul es 5/18 + 5/18 = 10/18 o 5/9. Comparando 2/9 y 5/9, vemos que 2/9 es menor que 5/9. Por lo tanto, la probabilidad de que ambas bolas sean rojas es menor que la probabilidad de que una bola sea roja y la otra azul.",La probabilidad de que ambas bolas sean rojas es menor que la probabilidad de que una bola sea roja y la otra azul.,"{""problem"": ""En una caja hay 5 bolas rojas y 5 bolas azules. Tomamos dos bolas al azar de la caja sin reemplazo. ¿Cuál es la probabilidad de que ambas bolas sean rojas? ¿Es mayor o menor que la probabilidad de que una bola sea roja y la otra azul? Explica tu razonamiento."", ""solution"": ""Primero, calculamos la probabilidad de que la primera bola sea roja. Dado que hay 5 bolas rojas y 10 bolas en total, la probabilidad de que la primera bola sea roja es 5/10 o 1/2. Sin reemplazo, ahora hay 9 bolas restantes, 4 rojas y 5 azules. La probabilidad de que la segunda bola sea roja es 4/9. Por lo tanto, la probabilidad de que ambas bolas sean rojas es (1/2) * (4/9) = 4/18 o 2/9. Para calcular la probabilidad de que una bola sea roja y la otra azul, consideramos dos casos: roja primero y luego azul, o azul primero y luego roja. La probabilidad de que la primera bola sea roja y la segunda azul es (1/2) * (5/9) = 5/18. La probabilidad de que la primera bola sea azul y la segunda roja es (5/10) * (5/9) = 25/90 o 5/18. Por lo tanto, la probabilidad de que una bola sea roja y la otra azul es 5/18 + 5/18 = 10/18 o 5/9. Comparando 2/9 y 5/9, vemos que 2/9 es menor que 5/9. Por lo tanto, la probabilidad de que ambas bolas sean rojas es menor que la probabilidad de que una bola sea roja y la otra azul."", ""answer"": ""La probabilidad de que ambas bolas sean rojas es menor que la probabilidad de que una bola sea roja y la otra azul.""}",
MA05-OA-25-02,5° básico,Datos y probabilidades,MA05 OA 25,Comparar probabilidades de distintos eventos sin calcularlas.,identificar el evento más probable,Comparar probabilidades sin calcular valores numéricos formales.,monedas,HuggingFaceTB/SmolLM3-3B,"Genera un problema matemático verbal para un estudiante de 5° básico.
Debe estar alineado con el siguiente Objetivo de Aprendizaje: Comparar probabilidades de distintos eventos sin calcularlas.
Habilidad a evaluar: identificar el evento más probable.
Condiciones curriculares: Comparar probabilidades sin calcular valores numéricos formales..
Contexto: monedas.
Entrega el problema, su solución y la respuesta final.
Responde únicamente con un objeto JSON válido con esta estructura: {""problem"": ""..."", ""solution"": ""..."", ""answer"": ""...""}","En un juego, tienes una moneda y una moneda de dos caras. La moneda normal tiene cara y cruz, mientras que la moneda de dos caras siempre muestra cara. ¿Cuál es más probable que salga al lanzar una de estas dos monedas? ¿Por qué?","Para determinar cuál moneda es más probable que salga cara, debemos comparar las probabilidades de cada moneda. La moneda normal tiene una probabilidad de 1/2 de mostrar cara, ya que hay dos caras posibles (cara y cruz). La moneda de dos caras siempre muestra cara, por lo que su probabilidad es 1 (100%). Por lo tanto, la moneda de dos caras es más probable que salga cara al lanzar una de estas dos monedas.",La moneda de dos caras es más probable que salga cara.,"{""problem"": ""En un juego, tienes una moneda y una moneda de dos caras. La moneda normal tiene cara y cruz, mientras que la moneda de dos caras siempre muestra cara. ¿Cuál es más probable que salga al lanzar una de estas dos monedas? ¿Por qué?"", ""solution"": ""Para determinar cuál moneda es más probable que salga cara, debemos comparar las probabilidades de cada moneda. La moneda normal tiene una probabilidad de 1/2 de mostrar cara, ya que hay dos caras posibles (cara y cruz). La moneda de dos caras siempre muestra cara, por lo que su probabilidad es 1 (100%). Por lo tanto, la moneda de dos caras es más probable que salga cara al lanzar una de estas dos monedas."", ""answer"": ""La moneda de dos caras es más probable que salga cara.""}",
MA05-OA-25-03,5° básico,Datos y probabilidades,MA05 OA 25,Comparar probabilidades de distintos eventos sin calcularlas.,identificar el evento menos probable,Comparar probabilidades sin calcular valores numéricos formales.,bolsas con fichas,HuggingFaceTB/SmolLM3-3B,"Genera un problema matemático verbal para un estudiante de 5° básico.
Debe estar alineado con el siguiente Objetivo de Aprendizaje: Comparar probabilidades de distintos eventos sin calcularlas.
Habilidad a evaluar: identificar el evento menos probable.
Condiciones curriculares: Comparar probabilidades sin calcular valores numéricos formales..
Contexto: bolsas con fichas.
Entrega el problema, su solución y la respuesta final.
Responde únicamente con un objeto JSON válido con esta estructura: {""problem"": ""..."", ""solution"": ""..."", ""answer"": ""...""}","En una bolsa hay 5 fichas rojas, 3 fichas azules y 2 fichas verdes. Si sacas una ficha al azar de la bolsa, ¿cuál es el evento menos probable? Responde eligiendo una de las siguientes opciones: A) Sacar una ficha roja, B) Sacar una ficha azul, C) Sacar una ficha verde.","Para determinar el evento menos probable, debemos comparar las probabilidades de sacar cada color de ficha. En la bolsa hay un total de 10 fichas (5 rojas + 3 azules + 2 verdes). La probabilidad de sacar una ficha roja es 5/10, la de sacar una ficha azul es 3/10 y la de sacar una ficha verde es 2/10. Comparando las probabilidades, vemos que la probabilidad de sacar una ficha verde (2/10) es menor que la de sacar una ficha roja (5/10) y que la de sacar una ficha azul (3/10). Por lo tanto, el evento menos probable es sacar una ficha verde.",C,"{""problem"": ""En una bolsa hay 5 fichas rojas, 3 fichas azules y 2 fichas verdes. Si sacas una ficha al azar de la bolsa, ¿cuál es el evento menos probable? Responde eligiendo una de las siguientes opciones: A) Sacar una ficha roja, B) Sacar una ficha azul, C) Sacar una ficha verde."", ""solution"": ""Para determinar el evento menos probable, debemos comparar las probabilidades de sacar cada color de ficha. En la bolsa hay un total de 10 fichas (5 rojas + 3 azules + 2 verdes). La probabilidad de sacar una ficha roja es 5/10, la de sacar una ficha azul es 3/10 y la de sacar una ficha verde es 2/10. Comparando las probabilidades, vemos que la probabilidad de sacar una ficha verde (2/10) es menor que la de sacar una ficha roja (5/10) y que la de sacar una ficha azul (3/10). Por lo tanto, el evento menos probable es sacar una ficha verde."", ""answer"": ""C""}",
MA05-OA-25-04,5° básico,Datos y probabilidades,MA05 OA 25,Comparar probabilidades de distintos eventos sin calcularlas.,comparar eventos equiprobables,Comparar probabilidades sin calcular valores numéricos formales.,sorteos,HuggingFaceTB/SmolLM3-3B,"Genera un problema matemático verbal para un estudiante de 5° básico.
Debe estar alineado con el siguiente Objetivo de Aprendizaje: Comparar probabilidades de distintos eventos sin calcularlas.
Habilidad a evaluar: comparar eventos equiprobables.
Condiciones curriculares: Comparar probabilidades sin calcular valores numéricos formales..
Contexto: sorteos.
Entrega el problema, su solución y la respuesta final.
Responde únicamente con un objeto JSON válido con esta estructura: {""problem"": ""..."", ""solution"": ""..."", ""answer"": ""...""}","En un sorteo escolar, hay tres premios: un libro, un lápiz y una gometa. Los tres premios se sortearán al azar entre 10 estudiantes. ¿Qué probabilidades tiene cada estudiante de ganar un premio? ¿Cuál es la probabilidad de que dos estudiantes distintos ganen un premio cada uno?","Cada estudiante tiene la misma probabilidad de ganar un premio. Dado que hay 3 premios y 10 estudiantes, la probabilidad de que un estudiante gane un premio es de 3/10 o 30%. Como los eventos son equiprobables, la probabilidad de que dos estudiantes distintos ganen un premio cada uno es menor. Para calcular esto, consideramos que los primeros 2 estudiantes tienen 3 premios entre ellos, y el tercer premio lo puede ganar cualquiera de los 8 estudiantes restantes. La probabilidad de que el primer estudiante gane un premio es de 3/10. La probabilidad de que el segundo estudiante gane un premio, dado que el primer estudiante ya ganó uno, es de 2/9. Por lo tanto, la probabilidad de que dos estudiantes distintos ganen un premio cada uno es de (3/10) * (2/9) = 6/90 = 1/15 o aproximadamente 6.67%.",Cada estudiante tiene una probabilidad de 30% de ganar un premio. La probabilidad de que dos estudiantes distintos ganen un premio cada uno es de aproximadamente 6.67%.,"{""problem"": ""En un sorteo escolar, hay tres premios: un libro, un lápiz y una gometa. Los tres premios se sortearán al azar entre 10 estudiantes. ¿Qué probabilidades tiene cada estudiante de ganar un premio? ¿Cuál es la probabilidad de que dos estudiantes distintos ganen un premio cada uno?"", ""solution"": ""Cada estudiante tiene la misma probabilidad de ganar un premio. Dado que hay 3 premios y 10 estudiantes, la probabilidad de que un estudiante gane un premio es de 3/10 o 30%. Como los eventos son equiprobables, la probabilidad de que dos estudiantes distintos ganen un premio cada uno es menor. Para calcular esto, consideramos que los primeros 2 estudiantes tienen 3 premios entre ellos, y el tercer premio lo puede ganar cualquiera de los 8 estudiantes restantes. La probabilidad de que el primer estudiante gane un premio es de 3/10. La probabilidad de que el segundo estudiante gane un premio, dado que el primer estudiante ya ganó uno, es de 2/9. Por lo tanto, la probabilidad de que dos estudiantes distintos ganen un premio cada uno es de (3/10) * (2/9) = 6/90 = 1/15 o aproximadamente 6.67%."", ""answer"": ""Cada estudiante tiene una probabilidad de 30% de ganar un premio. La probabilidad de que dos estudiantes distintos ganen un premio cada uno es de aproximadamente 6.67%.""}",
MA05-OA-25-05,5° básico,Datos y probabilidades,MA05 OA 25,Comparar probabilidades de distintos eventos sin calcularlas.,justificar una comparación cualitativa,Comparar probabilidades sin calcular valores numéricos formales.,ruletas descritas en texto,HuggingFaceTB/SmolLM3-3B,"Genera un problema matemático verbal para un estudiante de 5° básico.
Debe estar alineado con el siguiente Objetivo de Aprendizaje: Comparar probabilidades de distintos eventos sin calcularlas.
Habilidad a evaluar: justificar una comparación cualitativa.
Condiciones curriculares: Comparar probabilidades sin calcular valores numéricos formales..
Contexto: ruletas descritas en texto.
Entrega el problema, su solución y la respuesta final.
Responde únicamente con un objeto JSON válido con esta estructura: {""problem"": ""..."", ""solution"": ""..."", ""answer"": ""...""}","En una ruleta tradicional, hay 38 números (0, 00 y los números del 1 al 36). Un jugador juega dos veces. En la primera ronda, el número 17 sale. En la segunda ronda, el número 17 sale de nuevo. ¿Qué probabilidades hay de que el número 17 salga en la primera ronda y en la segunda ronda? ¿Es más probable que el número 17 salga en la primera ronda o en la segunda ronda? Justifica tu respuesta.","La probabilidad de que el número 17 salga en una ronda de ruleta es de 1/38, ya que hay 38 números posibles y uno de ellos es el número 17. Dado que el número 17 ha salido en ambas rondas, esto no cambia la probabilidad para la próxima ronda, ya que cada lanzamiento es un evento independiente. Por lo tanto, la probabilidad de que el número 17 salga en la primera ronda y en la segunda ronda es (1/38) * (1/38) = 1/1444. La probabilidad de que el número 17 salga en la primera ronda no es más ni menos probable que en la segunda ronda, ya que cada lanzamiento tiene la misma probabilidad de resultar en el número 17.","La probabilidad de que el número 17 salga en la primera ronda y en la segunda ronda es de 1/1444. No hay una mayor probabilidad de que el número 17 salga en la primera ronda o en la segunda ronda, ya que cada lanzamiento es independiente y tiene la misma probabilidad de resultar en el número 17.","{""problem"": ""En una ruleta tradicional, hay 38 números (0, 00 y los números del 1 al 36). Un jugador juega dos veces. En la primera ronda, el número 17 sale. En la segunda ronda, el número 17 sale de nuevo. ¿Qué probabilidades hay de que el número 17 salga en la primera ronda y en la segunda ronda? ¿Es más probable que el número 17 salga en la primera ronda o en la segunda ronda? Justifica tu respuesta."", ""solution"": ""La probabilidad de que el número 17 salga en una ronda de ruleta es de 1/38, ya que hay 38 números posibles y uno de ellos es el número 17. Dado que el número 17 ha salido en ambas rondas, esto no cambia la probabilidad para la próxima ronda, ya que cada lanzamiento es un evento independiente. Por lo tanto, la probabilidad de que el número 17 salga en la primera ronda y en la segunda ronda es (1/38) * (1/38) = 1/1444. La probabilidad de que el número 17 salga en la primera ronda no es más ni menos probable que en la segunda ronda, ya que cada lanzamiento tiene la misma probabilidad de resultar en el número 17."", ""answer"": ""La probabilidad de que el número 17 salga en la primera ronda y en la segunda ronda es de 1/1444. No hay una mayor probabilidad de que el número 17 salga en la primera ronda o en la segunda ronda, ya que cada lanzamiento es independiente y tiene la misma probabilidad de resultar en el número 17.""}",
MA06-OA-01-01,6° básico,Números y operaciones,MA06 OA 01,"Demostrar que comprenden los factores y múltiplos:
• determinando los múltiplos y factores de números naturales menores de 100
• identificando números primos y compuestos
• resolviendo problemas que involucran múltiplos.",identificar factores,Usar números naturales menores de 100 cuando se trabajen factores y múltiplos.,turnos periódicos,HuggingFaceTB/SmolLM3-3B,"Genera un problema matemático verbal para un estudiante de 6° básico.
Debe estar alineado con el siguiente Objetivo de Aprendizaje: Demostrar que comprenden los factores y múltiplos:
• determinando los múltiplos y factores de números naturales menores de 100
• identificando números primos y compuestos
• resolviendo problemas que involucran múltiplos.
Habilidad a evaluar: identificar factores.
Condiciones curriculares: Usar números naturales menores de 100 cuando se trabajen factores y múltiplos..
Contexto: turnos periódicos.
Entrega el problema, su solución y la respuesta final.
Responde únicamente con un objeto JSON válido con esta estructura: {""problem"": ""..."", ""solution"": ""..."", ""answer"": ""...""}","En una escuela, hay 20 estudiantes en cada clase. Si hay 5 clases en total, ¿cuántos estudiantes hay en la escuela en total? Luego, determina los factores de 100 y explica si 100 es un número primo o compuesto.","Primero, calculamos el número total de estudiantes en la escuela. Si hay 20 estudiantes por clase y 5 clases, entonces el número total de estudiantes es 20 * 5 = 100. Ahora, determinemos los factores de 100. Los factores de 100 son 1, 2, 4, 5, 10, 20, 25, 50 y 100. Como 100 tiene más de 2 factores distintos, no es un número primo, sino un número compuesto.",100 estudiantes en total. 100 es un número compuesto.,"{""problem"": ""En una escuela, hay 20 estudiantes en cada clase. Si hay 5 clases en total, ¿cuántos estudiantes hay en la escuela en total? Luego, determina los factores de 100 y explica si 100 es un número primo o compuesto."", ""solution"": ""Primero, calculamos el número total de estudiantes en la escuela. Si hay 20 estudiantes por clase y 5 clases, entonces el número total de estudiantes es 20 * 5 = 100. Ahora, determinemos los factores de 100. Los factores de 100 son 1, 2, 4, 5, 10, 20, 25, 50 y 100. Como 100 tiene más de 2 factores distintos, no es un número primo, sino un número compuesto."", ""answer"": ""100 estudiantes en total. 100 es un número compuesto.""}",
MA06-OA-01-02,6° básico,Números y operaciones,MA06 OA 01,"Demostrar que comprenden los factores y múltiplos:
• determinando los múltiplos y factores de números naturales menores de 100
• identificando números primos y compuestos
• resolviendo problemas que involucran múltiplos.",identificar múltiplos,Usar números naturales menores de 100 cuando se trabajen factores y múltiplos.,paquetes,HuggingFaceTB/SmolLM3-3B,"Genera un problema matemático verbal para un estudiante de 6° básico.
Debe estar alineado con el siguiente Objetivo de Aprendizaje: Demostrar que comprenden los factores y múltiplos:
• determinando los múltiplos y factores de números naturales menores de 100
• identificando números primos y compuestos
• resolviendo problemas que involucran múltiplos.
Habilidad a evaluar: identificar múltiplos.
Condiciones curriculares: Usar números naturales menores de 100 cuando se trabajen factores y múltiplos..
Contexto: paquetes.
Entrega el problema, su solución y la respuesta final.
Responde únicamente con un objeto JSON válido con esta estructura: {""problem"": ""..."", ""solution"": ""..."", ""answer"": ""...""}","Un paquete de galletas viene con 24 galletas en cada paquete. Si hay 3 paquetes de galletas en una caja, ¿cuántas galletas hay en total en la caja? ¿Cuáles son algunos de los múltiplos de 24 que podrían ser el número total de galletas en la caja? ¿Puedes identificar otros números que también sean múltiplos de 24?","Primero, calculamos el número total de galletas en la caja multiplicando el número de galletas por paquete por el número de paquetes: 24 galletas/paquete * 3 paquetes = 72 galletas. Algunos múltiplos de 24 son 24, 48, 72, 96, 120, etc. Otros números que también son múltiplos de 24 incluyen 72, 144, 216, y así sucesivamente.",72,"{""problem"": ""Un paquete de galletas viene con 24 galletas en cada paquete. Si hay 3 paquetes de galletas en una caja, ¿cuántas galletas hay en total en la caja? ¿Cuáles son algunos de los múltiplos de 24 que podrían ser el número total de galletas en la caja? ¿Puedes identificar otros números que también sean múltiplos de 24?"", ""solution"": ""Primero, calculamos el número total de galletas en la caja multiplicando el número de galletas por paquete por el número de paquetes: 24 galletas/paquete * 3 paquetes = 72 galletas. Algunos múltiplos de 24 son 24, 48, 72, 96, 120, etc. Otros números que también son múltiplos de 24 incluyen 72, 144, 216, y así sucesivamente."", ""answer"": ""72""}",
MA06-OA-01-03,6° básico,Números y operaciones,MA06 OA 01,"Demostrar que comprenden los factores y múltiplos:
• determinando los múltiplos y factores de números naturales menores de 100
• identificando números primos y compuestos
• resolviendo problemas que involucran múltiplos.",determinar si un número es primo o compuesto,Usar números naturales menores de 100 cuando se trabajen factores y múltiplos.,filas,HuggingFaceTB/SmolLM3-3B,"Genera un problema matemático verbal para un estudiante de 6° básico.
Debe estar alineado con el siguiente Objetivo de Aprendizaje: Demostrar que comprenden los factores y múltiplos:
• determinando los múltiplos y factores de números naturales menores de 100
• identificando números primos y compuestos
• resolviendo problemas que involucran múltiplos.
Habilidad a evaluar: determinar si un número es primo o compuesto.
Condiciones curriculares: Usar números naturales menores de 100 cuando se trabajen factores y múltiplos..
Contexto: filas.
Entrega el problema, su solución y la respuesta final.
Responde únicamente con un objeto JSON válido con esta estructura: {""problem"": ""..."", ""solution"": ""..."", ""answer"": ""...""}","En una fila de 100 estudiantes, el profesor quiere agruparlos en equipos de 2 estudiantes cada uno. ¿Cuántos estudiantes quedarían sin ser agrupados si el número de estudiantes es exactamente divisible por 2?","Primero, calculamos cuántos equipos de 2 estudiantes se pueden formar. 100 dividido por 2 es 50. Esto significa que 100 estudiantes pueden formar exactamente 50 equipos. Por lo tanto, no quedan estudiantes sin ser agrupados. La respuesta final es que no quedan estudiantes sin ser agrupados.",0,"{""problem"": ""En una fila de 100 estudiantes, el profesor quiere agruparlos en equipos de 2 estudiantes cada uno. ¿Cuántos estudiantes quedarían sin ser agrupados si el número de estudiantes es exactamente divisible por 2?"", ""solution"": ""Primero, calculamos cuántos equipos de 2 estudiantes se pueden formar. 100 dividido por 2 es 50. Esto significa que 100 estudiantes pueden formar exactamente 50 equipos. Por lo tanto, no quedan estudiantes sin ser agrupados. La respuesta final es que no quedan estudiantes sin ser agrupados."", ""answer"": ""0""}",
MA06-OA-01-04,6° básico,Números y operaciones,MA06 OA 01,"Demostrar que comprenden los factores y múltiplos:
• determinando los múltiplos y factores de números naturales menores de 100
• identificando números primos y compuestos
• resolviendo problemas que involucran múltiplos.",resolver un problema con múltiplos,Usar números naturales menores de 100 cuando se trabajen factores y múltiplos.,agrupaciones,HuggingFaceTB/SmolLM3-3B,"Genera un problema matemático verbal para un estudiante de 6° básico.
Debe estar alineado con el siguiente Objetivo de Aprendizaje: Demostrar que comprenden los factores y múltiplos:
• determinando los múltiplos y factores de números naturales menores de 100
• identificando números primos y compuestos
• resolviendo problemas que involucran múltiplos.
Habilidad a evaluar: resolver un problema con múltiplos.
Condiciones curriculares: Usar números naturales menores de 100 cuando se trabajen factores y múltiplos..
Contexto: agrupaciones.
Entrega el problema, su solución y la respuesta final.
Responde únicamente con un objeto JSON válido con esta estructura: {""problem"": ""..."", ""solution"": ""..."", ""answer"": ""...""}","En una agrupación de 24 estudiantes, el profesor quiere dividirlos en equipos de 6 estudiantes cada uno para una actividad. ¿Cuántos equipos se formarán?","Para resolver este problema, primero identificamos que 24 es el número total de estudiantes y 6 es el número de estudiantes por equipo. Para encontrar cuántos equipos se formarán, dividimos el número total de estudiantes entre el número de estudiantes por equipo. 24 ÷ 6 = 4. Por lo tanto, se formarán 4 equipos.",4,"{""problem"": ""En una agrupación de 24 estudiantes, el profesor quiere dividirlos en equipos de 6 estudiantes cada uno para una actividad. ¿Cuántos equipos se formarán?"", ""solution"": ""Para resolver este problema, primero identificamos que 24 es el número total de estudiantes y 6 es el número de estudiantes por equipo. Para encontrar cuántos equipos se formarán, dividimos el número total de estudiantes entre el número de estudiantes por equipo. 24 ÷ 6 = 4. Por lo tanto, se formarán 4 equipos."", ""answer"":  ""4""}",
MA06-OA-01-05,6° básico,Números y operaciones,MA06 OA 01,"Demostrar que comprenden los factores y múltiplos:
• determinando los múltiplos y factores de números naturales menores de 100
• identificando números primos y compuestos
• resolviendo problemas que involucran múltiplos.",usar factores en una situación contextual,Usar números naturales menores de 100 cuando se trabajen factores y múltiplos.,calendario de actividades,HuggingFaceTB/SmolLM3-3B,"Genera un problema matemático verbal para un estudiante de 6° básico.
Debe estar alineado con el siguiente Objetivo de Aprendizaje: Demostrar que comprenden los factores y múltiplos:
• determinando los múltiplos y factores de números naturales menores de 100
• identificando números primos y compuestos
• resolviendo problemas que involucran múltiplos.
Habilidad a evaluar: usar factores en una situación contextual.
Condiciones curriculares: Usar números naturales menores de 100 cuando se trabajen factores y múltiplos..
Contexto: calendario de actividades.
Entrega el problema, su solución y la respuesta final.
Responde únicamente con un objeto JSON válido con esta estructura: {""problem"": ""..."", ""solution"": ""..."", ""answer"": ""...""}","En el calendario escolar, se están celebrando las festividades de los meses. Se te pide que ayudes a identificar cuál es el número de días en el mes de diciembre. Además, debes determinar cuántos meses del año tienen 31 días y cuántos tienen 30 días. También, necesitas encontrar los factores del número de días en el mes de diciembre.","El mes de diciembre tiene 31 días. Los meses que tienen 31 días son enero, marzo, mayo, julio, agosto, octubre y diciembre. Los meses que tienen 30 días son abril, junio, septiembre y noviembre. Los factores del número de días en diciembre (31) son 1, 31.","31, 7 meses con 31 días, 4 meses con 30 días, 1, 31","{""problem"": ""En el calendario escolar, se están celebrando las festividades de los meses. Se te pide que ayudes a identificar cuál es el número de días en el mes de diciembre. Además, debes determinar cuántos meses del año tienen 31 días y cuántos tienen 30 días. También, necesitas encontrar los factores del número de días en el mes de diciembre."", ""solution"": ""El mes de diciembre tiene 31 días. Los meses que tienen 31 días son enero, marzo, mayo, julio, agosto, octubre y diciembre. Los meses que tienen 30 días son abril, junio, septiembre y noviembre. Los factores del número de días en diciembre (31) son 1, 31."", ""answer"": ""31, 7 meses con 31 días, 4 meses con 30 días, 1, 31""}",
MA06-OA-02-01,6° básico,Números y operaciones,MA06 OA 02,"Realizar cálculos que involucren las cuatro operaciones en el contexto de la resolución de problemas, utilizando la calculadora en ámbitos superiores a 10 000.",resolver un problema con adición y sustracción,Involucrar las cuatro operaciones en resolución de problemas; se permiten ámbitos superiores a 10 000.,presupuesto,HuggingFaceTB/SmolLM3-3B,"Genera un problema matemático verbal para un estudiante de 6° básico.
Debe estar alineado con el siguiente Objetivo de Aprendizaje: Realizar cálculos que involucren las cuatro operaciones en el contexto de la resolución de problemas, utilizando la calculadora en ámbitos superiores a 10 000.
Habilidad a evaluar: resolver un problema con adición y sustracción.
Condiciones curriculares: Involucrar las cuatro operaciones en resolución de problemas; se permiten ámbitos superiores a 10 000..
Contexto: presupuesto.
Entrega el problema, su solución y la respuesta final.
Responde únicamente con un objeto JSON válido con esta estructura: {""problem"": ""..."", ""solution"": ""..."", ""answer"": ""...""}","Juan tiene un presupuesto de 15 000 pesos para comprar ropa para su familia. Quiere comprar 5 camisas a 2 500 pesos cada una, 3 pantalones a 1 000 pesos cada uno y 2 zapatos a 500 pesos cada uno. ¿Cuánto dinero le quedará después de hacer todos los compras?","Primero, calculamos el costo total de las camisas: 5 camisas * 2 500 pesos = 12 500 pesos. Luego, calculamos el costo total de los pantalones: 3 pantalones * 1 000 pesos = 3 000 pesos. A continuación, calculamos el costo total de los zapatos: 2 zapatos * 500 pesos = 1 000 pesos. Ahora, sumamos todos los costos: 12 500 pesos + 3 000 pesos + 1 000 pesos = 16 500 pesos. Sin embargo, Juan solo tiene un presupuesto de 15 000 pesos, lo que significa que se le quedará un déficit de 16 500 pesos - 15 000 pesos = 1 500 pesos. Por lo tanto, Juan no tendrá dinero para cubrir el déficit.","Juan no tendrá suficiente dinero para cubrir el déficit de 1 500 pesos. Por lo tanto, la respuesta final es que Juan no podrá completar todas las compras con su presupuesto.","{""problem"": ""Juan tiene un presupuesto de 15 000 pesos para comprar ropa para su familia. Quiere comprar 5 camisas a 2 500 pesos cada una, 3 pantalones a 1 000 pesos cada uno y 2 zapatos a 500 pesos cada uno. ¿Cuánto dinero le quedará después de hacer todos los compras?"", ""solution"": ""Primero, calculamos el costo total de las camisas: 5 camisas * 2 500 pesos = 12 500 pesos. Luego, calculamos el costo total de los pantalones: 3 pantalones * 1 000 pesos = 3 000 pesos. A continuación, calculamos el costo total de los zapatos: 2 zapatos * 500 pesos = 1 000 pesos. Ahora, sumamos todos los costos: 12 500 pesos + 3 000 pesos + 1 000 pesos = 16 500 pesos. Sin embargo, Juan solo tiene un presupuesto de 15 000 pesos, lo que significa que se le quedará un déficit de 16 500 pesos - 15 000 pesos = 1 500 pesos. Por lo tanto, Juan no tendrá dinero para cubrir el déficit."", ""answer"": ""Juan no tendrá suficiente dinero para cubrir el déficit de 1 500 pesos. Por lo tanto, la respuesta final es que Juan no podrá completar todas las compras con su presupuesto.""}",
MA06-OA-02-02,6° básico,Números y operaciones,MA06 OA 02,"Realizar cálculos que involucren las cuatro operaciones en el contexto de la resolución de problemas, utilizando la calculadora en ámbitos superiores a 10 000.",resolver un problema con multiplicación y división,Involucrar las cuatro operaciones en resolución de problemas; se permiten ámbitos superiores a 10 000.,producción,HuggingFaceTB/SmolLM3-3B,"Genera un problema matemático verbal para un estudiante de 6° básico.
Debe estar alineado con el siguiente Objetivo de Aprendizaje: Realizar cálculos que involucren las cuatro operaciones en el contexto de la resolución de problemas, utilizando la calculadora en ámbitos superiores a 10 000.
Habilidad a evaluar: resolver un problema con multiplicación y división.
Condiciones curriculares: Involucrar las cuatro operaciones en resolución de problemas; se permiten ámbitos superiores a 10 000..
Contexto: producción.
Entrega el problema, su solución y la respuesta final.
Responde únicamente con un objeto JSON válido con esta estructura: {""problem"": ""..."", ""solution"": ""..."", ""answer"": ""...""}","En una fábrica de juguetes, se producen 12,000 muñecas por día. Cada muñeca se vende a 25 pesos. Sin embargo, el costo de producción de cada muñeca es de 15 pesos. ¿Cuál es el beneficio diario de la fábrica de juguetes?","Primero, calculamos el ingreso diario: 12,000 muñecas * 25 pesos/muñeca = 300,000 pesos. Luego, calculamos el costo de producción: 12,000 muñecas * 15 pesos/muñeca = 180,000 pesos. El beneficio diario es el ingreso menos el costo de producción: 300,000 pesos - 180,000 pesos = 120,000 pesos.","120,000 pesos","{""problem"": ""En una fábrica de juguetes, se producen 12,000 muñecas por día. Cada muñeca se vende a 25 pesos. Sin embargo, el costo de producción de cada muñeca es de 15 pesos. ¿Cuál es el beneficio diario de la fábrica de juguetes?"", ""solution"": ""Primero, calculamos el ingreso diario: 12,000 muñecas * 25 pesos/muñeca = 300,000 pesos. Luego, calculamos el costo de producción: 12,000 muñecas * 15 pesos/muñeca = 180,000 pesos. El beneficio diario es el ingreso menos el costo de producción: 300,000 pesos - 180,000 pesos = 120,000 pesos."", ""answer"": ""120,000 pesos""}",
MA06-OA-02-03,6° básico,Números y operaciones,MA06 OA 02,"Realizar cálculos que involucren las cuatro operaciones en el contexto de la resolución de problemas, utilizando la calculadora en ámbitos superiores a 10 000.",resolver un problema con varias operaciones,Involucrar las cuatro operaciones en resolución de problemas; se permiten ámbitos superiores a 10 000.,población ficticia,HuggingFaceTB/SmolLM3-3B,"Genera un problema matemático verbal para un estudiante de 6° básico.
Debe estar alineado con el siguiente Objetivo de Aprendizaje: Realizar cálculos que involucren las cuatro operaciones en el contexto de la resolución de problemas, utilizando la calculadora en ámbitos superiores a 10 000.
Habilidad a evaluar: resolver un problema con varias operaciones.
Condiciones curriculares: Involucrar las cuatro operaciones en resolución de problemas; se permiten ámbitos superiores a 10 000..
Contexto: población ficticia.
Entrega el problema, su solución y la respuesta final.
Responde únicamente con un objeto JSON válido con esta estructura: {""problem"": ""..."", ""solution"": ""..."", ""answer"": ""...""}","En un pueblo ficticio llamado Pueblo Verde, hay 12,345 habitantes. La población se duplica cada 5 años. ¿Cuántas personas habitarán el pueblo en 15 años?","Para resolver este problema, primero calculamos cuántas veces se duplica la población en 15 años. Como la población se duplica cada 5 años, en 15 años se duplicará 15/5 = 3 veces. Inicialmente, la población es 12,345. Cada duplicación multiplica la población por 2. Por lo tanto, después de 15 años, la población será 12,345 * 2^3. Calculamos 2^3 = 8. Luego, 12,345 * 8 = 98,760. Por lo tanto, en 15 años, habitarán 98,760 personas en Pueblo Verde.","98,760","{""problem"": ""En un pueblo ficticio llamado Pueblo Verde, hay 12,345 habitantes. La población se duplica cada 5 años. ¿Cuántas personas habitarán el pueblo en 15 años?"", ""solution"": ""Para resolver este problema, primero calculamos cuántas veces se duplica la población en 15 años. Como la población se duplica cada 5 años, en 15 años se duplicará 15/5 = 3 veces. Inicialmente, la población es 12,345. Cada duplicación multiplica la población por 2. Por lo tanto, después de 15 años, la población será 12,345 * 2^3. Calculamos 2^3 = 8. Luego, 12,345 * 8 = 98,760. Por lo tanto, en 15 años, habitarán 98,760 personas en Pueblo Verde."", ""answer"": ""98,760""}",
MA06-OA-02-04,6° básico,Números y operaciones,MA06 OA 02,"Realizar cálculos que involucren las cuatro operaciones en el contexto de la resolución de problemas, utilizando la calculadora en ámbitos superiores a 10 000.",seleccionar operaciones necesarias,Involucrar las cuatro operaciones en resolución de problemas; se permiten ámbitos superiores a 10 000.,ventas,HuggingFaceTB/SmolLM3-3B,"Genera un problema matemático verbal para un estudiante de 6° básico.
Debe estar alineado con el siguiente Objetivo de Aprendizaje: Realizar cálculos que involucren las cuatro operaciones en el contexto de la resolución de problemas, utilizando la calculadora en ámbitos superiores a 10 000.
Habilidad a evaluar: seleccionar operaciones necesarias.
Condiciones curriculares: Involucrar las cuatro operaciones en resolución de problemas; se permiten ámbitos superiores a 10 000..
Contexto: ventas.
Entrega el problema, su solución y la respuesta final.
Responde únicamente con un objeto JSON válido con esta estructura: {""problem"": ""..."", ""solution"": ""..."", ""answer"": ""...""}","Un vendedor tiene que vender 15,000 unidades de un producto en un mes. Durante el primer semana, vendió 2,500 unidades. Durante el segundo semana, vendió 3,000 unidades. Durante la tercera semana, vendió 1,500 unidades. ¿Cuántas unidades necesita vender durante la cuarta semana para alcanzar su objetivo?","Primero, sumamos las unidades vendidas en las primeras tres semanas: 2,500 + 3,000 + 1,500 = 7,000 unidades. Luego, restamos este total del objetivo de 15,000 unidades: 15,000 - 7,000 = 8,000 unidades. Por lo tanto, el vendedor necesita vender 8,000 unidades durante la cuarta semana.","8,000","{""problem"": ""Un vendedor tiene que vender 15,000 unidades de un producto en un mes. Durante el primer semana, vendió 2,500 unidades. Durante el segundo semana, vendió 3,000 unidades. Durante la tercera semana, vendió 1,500 unidades. ¿Cuántas unidades necesita vender durante la cuarta semana para alcanzar su objetivo?"", ""solution"": ""Primero, sumamos las unidades vendidas en las primeras tres semanas: 2,500 + 3,000 + 1,500 = 7,000 unidades. Luego, restamos este total del objetivo de 15,000 unidades: 15,000 - 7,000 = 8,000 unidades. Por lo tanto, el vendedor necesita vender 8,000 unidades durante la cuarta semana."", ""answer"":  ""8,000""}",
MA06-OA-02-05,6° básico,Números y operaciones,MA06 OA 02,"Realizar cálculos que involucren las cuatro operaciones en el contexto de la resolución de problemas, utilizando la calculadora en ámbitos superiores a 10 000.",resolver un problema con números mayores a 10 000,Involucrar las cuatro operaciones en resolución de problemas; se permiten ámbitos superiores a 10 000.,viaje,HuggingFaceTB/SmolLM3-3B,"Genera un problema matemático verbal para un estudiante de 6° básico.
Debe estar alineado con el siguiente Objetivo de Aprendizaje: Realizar cálculos que involucren las cuatro operaciones en el contexto de la resolución de problemas, utilizando la calculadora en ámbitos superiores a 10 000.
Habilidad a evaluar: resolver un problema con números mayores a 10 000.
Condiciones curriculares: Involucrar las cuatro operaciones en resolución de problemas; se permiten ámbitos superiores a 10 000..
Contexto: viaje.
Entrega el problema, su solución y la respuesta final.
Responde únicamente con un objeto JSON válido con esta estructura: {""problem"": ""..."", ""solution"": ""..."", ""answer"": ""...""}","Durante un viaje de campamento, un grupo de amigos decidió recolectar frutas en el bosque. Llegaron a un claro y vieron una gran cantidad de manzanas y naranjas. Decidieron llevar todas las frutas a casa y, al llegar, se dieron cuenta de que necesitaban dividir las frutas entre 4 amigos. Sin embargo, antes de dividirlas, notaron que una parte de las frutas estaba cubierta de tierra y no se podían comer. En el claro, encontraron que había 17,000 manzanas y 23,500 naranjas, pero 3,000 manzanas y 4,500 naranjas estaban cubiertas de tierra. ¿Cuántas manzanas y naranjas limpias podrían llevar a casa los amigos?","Primero, calculamos el número de manzanas limpias: 17,000 - 3,000 = 14,000 manzanas. Luego, calculamos el número de naranjas limpias: 23,500 - 4,500 = 19,000 naranjas. Después, sumamos las manzanas y las naranjas limpias para obtener el total: 14,000 + 19,000 = 33,000 frutas. Finalmente, dividimos el total entre 4 amigos: 33,000 ÷ 4 = 8,250 frutas por cada amigo.","Los amigos podrían llevar a casa 14,000 manzanas limpias y 19,000 naranjas limpias. Cada amigo llevaría a casa 8,250 frutas.","{""problem"": ""Durante un viaje de campamento, un grupo de amigos decidió recolectar frutas en el bosque. Llegaron a un claro y vieron una gran cantidad de manzanas y naranjas. Decidieron llevar todas las frutas a casa y, al llegar, se dieron cuenta de que necesitaban dividir las frutas entre 4 amigos. Sin embargo, antes de dividirlas, notaron que una parte de las frutas estaba cubierta de tierra y no se podían comer. En el claro, encontraron que había 17,000 manzanas y 23,500 naranjas, pero 3,000 manzanas y 4,500 naranjas estaban cubiertas de tierra. ¿Cuántas manzanas y naranjas limpias podrían llevar a casa los amigos?"", ""solution"": ""Primero, calculamos el número de manzanas limpias: 17,000 - 3,000 = 14,000 manzanas. Luego, calculamos el número de naranjas limpias: 23,500 - 4,500 = 19,000 naranjas. Después, sumamos las manzanas y las naranjas limpias para obtener el total: 14,000 + 19,000 = 33,000 frutas. Finalmente, dividimos el total entre 4 amigos: 33,000 ÷ 4 = 8,250 frutas por cada amigo."", ""answer"": ""Los amigos podrían llevar a casa 14,000 manzanas limpias y 19,000 naranjas limpias. Cada amigo llevaría a casa 8,250 frutas.""}",
MA06-OA-03-01,6° básico,Números y operaciones,MA06 OA 03,"Demostrar que comprenden el concepto de razón de manera concreta, pictórica y simbólica, en forma manual y/o usando software educativo.",interpretar una razón,Trabajar el concepto de razón con cantidades discretas o medidas simples; expresar la información de forma textual.,mezclas,HuggingFaceTB/SmolLM3-3B,"Genera un problema matemático verbal para un estudiante de 6° básico.
Debe estar alineado con el siguiente Objetivo de Aprendizaje: Demostrar que comprenden el concepto de razón de manera concreta, pictórica y simbólica, en forma manual y/o usando software educativo.
Habilidad a evaluar: interpretar una razón.
Condiciones curriculares: Trabajar el concepto de razón con cantidades discretas o medidas simples; expresar la información de forma textual..
Contexto: mezclas.
Entrega el problema, su solución y la respuesta final.
Responde únicamente con un objeto JSON válido con esta estructura: {""problem"": ""..."", ""solution"": ""..."", ""answer"": ""...""}","En una clase de 6°, hay 24 estudiantes. El maestro quiere dividir a los estudiantes en grupos de manera que cada grupo tenga la misma cantidad de niños. Si el maestro decide formar grupos de 3 niños, ¿cuántos grupos podrá formar?","Para resolver este problema, primero debemos identificar la cantidad total de estudiantes y la cantidad de estudiantes que se quieren agrupar. Tenemos 24 estudiantes en total y queremos formar grupos de 3 niños cada uno. Para encontrar cuántos grupos se pueden formar, dividimos la cantidad total de estudiantes entre la cantidad de estudiantes por grupo. Por lo tanto, 24 estudiantes divididos entre 3 estudiantes por grupo nos dan 24 / 3 = 8 grupos. El maestro podrá formar 8 grupos de 3 niños cada uno.",8,"{""problem"": ""En una clase de 6°, hay 24 estudiantes. El maestro quiere dividir a los estudiantes en grupos de manera que cada grupo tenga la misma cantidad de niños. Si el maestro decide formar grupos de 3 niños, ¿cuántos grupos podrá formar?"", ""solution"": ""Para resolver este problema, primero debemos identificar la cantidad total de estudiantes y la cantidad de estudiantes que se quieren agrupar. Tenemos 24 estudiantes en total y queremos formar grupos de 3 niños cada uno. Para encontrar cuántos grupos se pueden formar, dividimos la cantidad total de estudiantes entre la cantidad de estudiantes por grupo. Por lo tanto, 24 estudiantes divididos entre 3 estudiantes por grupo nos dan 24 / 3 = 8 grupos. El maestro podrá formar 8 grupos de 3 niños cada uno."", ""answer"": ""8""}",
MA06-OA-03-02,6° básico,Números y operaciones,MA06 OA 03,"Demostrar que comprenden el concepto de razón de manera concreta, pictórica y simbólica, en forma manual y/o usando software educativo.",escribir una razón,Trabajar el concepto de razón con cantidades discretas o medidas simples; expresar la información de forma textual.,equipos,HuggingFaceTB/SmolLM3-3B,"Genera un problema matemático verbal para un estudiante de 6° básico.
Debe estar alineado con el siguiente Objetivo de Aprendizaje: Demostrar que comprenden el concepto de razón de manera concreta, pictórica y simbólica, en forma manual y/o usando software educativo.
Habilidad a evaluar: escribir una razón.
Condiciones curriculares: Trabajar el concepto de razón con cantidades discretas o medidas simples; expresar la información de forma textual..
Contexto: equipos.
Entrega el problema, su solución y la respuesta final.
Responde únicamente con un objeto JSON válido con esta estructura: {""problem"": ""..."", ""solution"": ""..."", ""answer"": ""...""}","Un equipo de fútbol tiene 11 jugadores en el campo. Si cada jugador lleva 2 zapatos, ¿cuántos zapatos llevan todos los jugadores del equipo? Explica tu respuesta de manera concreta, pictórica y simbólica.","Para resolver este problema, primero debemos entender que cada jugador lleva 2 zapatos. Si hay 11 jugadores, entonces el número total de zapatos es 11 jugadores multiplicados por 2 zapatos por jugador, lo que da 22 zapatos. En forma concreta, podemos imaginar a cada jugador con sus 2 zapatos en el campo. En forma pictórica, podríamos dibujar a cada jugador con 2 zapatos y contarlos. En forma simbólica, podemos escribir la razón como 11 jugadores × 2 zapatos/jugador = 22 zapatos. La respuesta final es 22 zapatos.",22 zapatos,"{""problem"": ""Un equipo de fútbol tiene 11 jugadores en el campo. Si cada jugador lleva 2 zapatos, ¿cuántos zapatos llevan todos los jugadores del equipo? Explica tu respuesta de manera concreta, pictórica y simbólica."", ""solution"": ""Para resolver este problema, primero debemos entender que cada jugador lleva 2 zapatos. Si hay 11 jugadores, entonces el número total de zapatos es 11 jugadores multiplicados por 2 zapatos por jugador, lo que da 22 zapatos. En forma concreta, podemos imaginar a cada jugador con sus 2 zapatos en el campo. En forma pictórica, podríamos dibujar a cada jugador con 2 zapatos y contarlos. En forma simbólica, podemos escribir la razón como 11 jugadores × 2 zapatos/jugador = 22 zapatos. La respuesta final es 22 zapatos."", ""answer"":  ""22 zapatos""}",
MA06-OA-03-03,6° básico,Números y operaciones,MA06 OA 03,"Demostrar que comprenden el concepto de razón de manera concreta, pictórica y simbólica, en forma manual y/o usando software educativo.",comparar dos cantidades mediante una razón,Trabajar el concepto de razón con cantidades discretas o medidas simples; expresar la información de forma textual.,recetas,HuggingFaceTB/SmolLM3-3B,"Genera un problema matemático verbal para un estudiante de 6° básico.
Debe estar alineado con el siguiente Objetivo de Aprendizaje: Demostrar que comprenden el concepto de razón de manera concreta, pictórica y simbólica, en forma manual y/o usando software educativo.
Habilidad a evaluar: comparar dos cantidades mediante una razón.
Condiciones curriculares: Trabajar el concepto de razón con cantidades discretas o medidas simples; expresar la información de forma textual..
Contexto: recetas.
Entrega el problema, su solución y la respuesta final.
Responde únicamente con un objeto JSON válido con esta estructura: {""problem"": ""..."", ""solution"": ""..."", ""answer"": ""...""}",Ana preparó 3 pasteles y Juan 4. ¿Cuál es la razón entre el número de pasteles que preparó Ana y el número de pasteles que preparó Juan? Responde la razón de Ana a Juan.,"Para resolver este problema, primero debemos determinar cuántas partes componen la razón. En este caso, Ana preparó 3 pasteles y Juan 4, por lo que la razón será una fracción donde el numerador sea el número de pasteles de Ana y el denominador sea el número de pasteles de Juan. Por lo tanto, la razón es 3/4. Esta razón nos indica que por cada 3 pasteles que prepara Ana, Juan prepara 4.",3/4,"{""problem"": ""Ana preparó 3 pasteles y Juan 4. ¿Cuál es la razón entre el número de pasteles que preparó Ana y el número de pasteles que preparó Juan? Responde la razón de Ana a Juan."", ""solution"": ""Para resolver este problema, primero debemos determinar cuántas partes componen la razón. En este caso, Ana preparó 3 pasteles y Juan 4, por lo que la razón será una fracción donde el numerador sea el número de pasteles de Ana y el denominador sea el número de pasteles de Juan. Por lo tanto, la razón es 3/4. Esta razón nos indica que por cada 3 pasteles que prepara Ana, Juan prepara 4."", ""answer"": ""3/4""}",
MA06-OA-03-04,6° básico,Números y operaciones,MA06 OA 03,"Demostrar que comprenden el concepto de razón de manera concreta, pictórica y simbólica, en forma manual y/o usando software educativo.",hallar una cantidad a partir de una razón sencilla,Trabajar el concepto de razón con cantidades discretas o medidas simples; expresar la información de forma textual.,colecciones,HuggingFaceTB/SmolLM3-3B,"Genera un problema matemático verbal para un estudiante de 6° básico.
Debe estar alineado con el siguiente Objetivo de Aprendizaje: Demostrar que comprenden el concepto de razón de manera concreta, pictórica y simbólica, en forma manual y/o usando software educativo.
Habilidad a evaluar: hallar una cantidad a partir de una razón sencilla.
Condiciones curriculares: Trabajar el concepto de razón con cantidades discretas o medidas simples; expresar la información de forma textual..
Contexto: colecciones.
Entrega el problema, su solución y la respuesta final.
Responde únicamente con un objeto JSON válido con esta estructura: {""problem"": ""..."", ""solution"": ""..."", ""answer"": ""...""}","En una clase de 6° de primaria, hay 24 estudiantes. Si se distribuyen en 4 grupos iguales, ¿cuántos estudiantes estarán en cada grupo?","Primero, calculamos la razón de distribución de los estudiantes en los grupos. Dado que hay 24 estudiantes y 4 grupos, la razón es 24 ÷ 4 = 6. Esto significa que cada grupo contará con 6 estudiantes. Por lo tanto, si los estudiantes se distribuyen en 4 grupos iguales, cada grupo tendrá 6 estudiantes.",6,"{""problem"": ""En una clase de 6° de primaria, hay 24 estudiantes. Si se distribuyen en 4 grupos iguales, ¿cuántos estudiantes estarán en cada grupo?"", ""solution"": ""Primero, calculamos la razón de distribución de los estudiantes en los grupos. Dado que hay 24 estudiantes y 4 grupos, la razón es 24 ÷ 4 = 6. Esto significa que cada grupo contará con 6 estudiantes. Por lo tanto, si los estudiantes se distribuyen en 4 grupos iguales, cada grupo tendrá 6 estudiantes."", ""answer"": ""6""}",
MA06-OA-03-05,6° básico,Números y operaciones,MA06 OA 03,"Demostrar que comprenden el concepto de razón de manera concreta, pictórica y simbólica, en forma manual y/o usando software educativo.",resolver un problema contextual de razones,Trabajar el concepto de razón con cantidades discretas o medidas simples; expresar la información de forma textual.,mapas a escala simplificados,HuggingFaceTB/SmolLM3-3B,"Genera un problema matemático verbal para un estudiante de 6° básico.
Debe estar alineado con el siguiente Objetivo de Aprendizaje: Demostrar que comprenden el concepto de razón de manera concreta, pictórica y simbólica, en forma manual y/o usando software educativo.
Habilidad a evaluar: resolver un problema contextual de razones.
Condiciones curriculares: Trabajar el concepto de razón con cantidades discretas o medidas simples; expresar la información de forma textual..
Contexto: mapas a escala simplificados.
Entrega el problema, su solución y la respuesta final.
Responde únicamente con un objeto JSON válido con esta estructura: {""problem"": ""..."", ""solution"": ""..."", ""answer"": ""...""}","En un mapa a escala, 1 cm representa 100 metros en la vida real. Si en el mapa se marca una distancia de 3,5 cm, ¿cuántos metros representa esta distancia en la vida real? Responde la solución de manera concreta, pictórica y simbólica, usando una representación manual o software educativo.","Para resolver este problema, primero debemos convertir la distancia en el mapa a la distancia real utilizando la razón de escala. La razón de escala es 1 cm : 100 m. Dado que la distancia en el mapa es 3,5 cm, multiplicamos 3,5 cm por 100 m/1 cm para obtener la distancia real. Matemáticamente, esto se expresa como: 3,5 cm * 100 m/1 cm = 350 m. Por lo tanto, la distancia de 3,5 cm en el mapa representa 350 metros en la vida real.",350 metros,"{""problem"": ""En un mapa a escala, 1 cm representa 100 metros en la vida real. Si en el mapa se marca una distancia de 3,5 cm, ¿cuántos metros representa esta distancia en la vida real? Responde la solución de manera concreta, pictórica y simbólica, usando una representación manual o software educativo."", ""solution"": ""Para resolver este problema, primero debemos convertir la distancia en el mapa a la distancia real utilizando la razón de escala. La razón de escala es 1 cm : 100 m. Dado que la distancia en el mapa es 3,5 cm, multiplicamos 3,5 cm por 100 m/1 cm para obtener la distancia real. Matemáticamente, esto se expresa como: 3,5 cm * 100 m/1 cm = 350 m. Por lo tanto, la distancia de 3,5 cm en el mapa representa 350 metros en la vida real."", ""answer"": ""350 metros""}",
MA06-OA-04-01,6° básico,Números y operaciones,MA06 OA 04,"Demostrar que comprenden el concepto de porcentaje de manera concreta, pictórica y simbólica, de forma manual y/o usando software educativo.",interpretar un porcentaje,Usar porcentajes y cantidades apropiadas para 6° básico; priorizar valores que permitan cálculo claro.,descuentos,HuggingFaceTB/SmolLM3-3B,"Genera un problema matemático verbal para un estudiante de 6° básico.
Debe estar alineado con el siguiente Objetivo de Aprendizaje: Demostrar que comprenden el concepto de porcentaje de manera concreta, pictórica y simbólica, de forma manual y/o usando software educativo.
Habilidad a evaluar: interpretar un porcentaje.
Condiciones curriculares: Usar porcentajes y cantidades apropiadas para 6° básico; priorizar valores que permitan cálculo claro..
Contexto: descuentos.
Entrega el problema, su solución y la respuesta final.
Responde únicamente con un objeto JSON válido con esta estructura: {""problem"": ""..."", ""solution"": ""..."", ""answer"": ""...""}","En una tienda de ropa, una camiseta cuesta $20. Si hay un 25% de descuento, ¿cuánto cuesta la camiseta después del descuento? Resuelve el problema paso a paso y explica tu razonamiento.","Primero, calculamos el valor del descuento: 25% de $20 es igual a 0.25 * 20 = $5. Luego, restamos el valor del descuento del precio original: $20 - $5 = $15. Por lo tanto, la camiseta cuesta $15 después del descuento.",15,"{""problem"": ""En una tienda de ropa, una camiseta cuesta $20. Si hay un 25% de descuento, ¿cuánto cuesta la camiseta después del descuento? Resuelve el problema paso a paso y explica tu razonamiento."", ""solution"": ""Primero, calculamos el valor del descuento: 25% de $20 es igual a 0.25 * 20 = $5. Luego, restamos el valor del descuento del precio original: $20 - $5 = $15. Por lo tanto, la camiseta cuesta $15 después del descuento."", ""answer"": ""15""}",
MA06-OA-04-02,6° básico,Números y operaciones,MA06 OA 04,"Demostrar que comprenden el concepto de porcentaje de manera concreta, pictórica y simbólica, de forma manual y/o usando software educativo.",calcular un porcentaje sencillo,Usar porcentajes y cantidades apropiadas para 6° básico; priorizar valores que permitan cálculo claro.,encuestas,HuggingFaceTB/SmolLM3-3B,"Genera un problema matemático verbal para un estudiante de 6° básico.
Debe estar alineado con el siguiente Objetivo de Aprendizaje: Demostrar que comprenden el concepto de porcentaje de manera concreta, pictórica y simbólica, de forma manual y/o usando software educativo.
Habilidad a evaluar: calcular un porcentaje sencillo.
Condiciones curriculares: Usar porcentajes y cantidades apropiadas para 6° básico; priorizar valores que permitan cálculo claro..
Contexto: encuestas.
Entrega el problema, su solución y la respuesta final.
Responde únicamente con un objeto JSON válido con esta estructura: {""problem"": ""..."", ""solution"": ""..."", ""answer"": ""...""}","En una encuesta realizada a 100 estudiantes de un colegio, se descubrió que el 25% de ellos prefieren jugar fútbol, el 30% prefieren jugar baloncesto y el 45% prefieren jugar otros deportes. ¿Cuántos estudiantes prefieren jugar fútbol?","Para encontrar cuántos estudiantes prefieren jugar fútbol, primero calculamos el número de estudiantes que representan el 25% de 100. Esto se hace multiplicando 100 por 0.25. 100 * 0.25 = 25. Por lo tanto, 25 estudiantes prefieren jugar fútbol.",25,"{""problem"": ""En una encuesta realizada a 100 estudiantes de un colegio, se descubrió que el 25% de ellos prefieren jugar fútbol, el 30% prefieren jugar baloncesto y el 45% prefieren jugar otros deportes. ¿Cuántos estudiantes prefieren jugar fútbol?"", ""solution"": ""Para encontrar cuántos estudiantes prefieren jugar fútbol, primero calculamos el número de estudiantes que representan el 25% de 100. Esto se hace multiplicando 100 por 0.25. 100 * 0.25 = 25. Por lo tanto, 25 estudiantes prefieren jugar fútbol."", ""answer"": ""25""}",
MA06-OA-04-03,6° básico,Números y operaciones,MA06 OA 04,"Demostrar que comprenden el concepto de porcentaje de manera concreta, pictórica y simbólica, de forma manual y/o usando software educativo.",hallar la parte correspondiente a un porcentaje,Usar porcentajes y cantidades apropiadas para 6° básico; priorizar valores que permitan cálculo claro.,avance de tareas,HuggingFaceTB/SmolLM3-3B,"Genera un problema matemático verbal para un estudiante de 6° básico.
Debe estar alineado con el siguiente Objetivo de Aprendizaje: Demostrar que comprenden el concepto de porcentaje de manera concreta, pictórica y simbólica, de forma manual y/o usando software educativo.
Habilidad a evaluar: hallar la parte correspondiente a un porcentaje.
Condiciones curriculares: Usar porcentajes y cantidades apropiadas para 6° básico; priorizar valores que permitan cálculo claro..
Contexto: avance de tareas.
Entrega el problema, su solución y la respuesta final.
Responde únicamente con un objeto JSON válido con esta estructura: {""problem"": ""..."", ""solution"": ""..."", ""answer"": ""...""}","En una clase de 25 estudiantes, 10 son varones y el resto son mujeres. ¿Qué porcentaje de la clase son varones y qué porcentaje son mujeres? Resuelve el problema de manera manual y luego usando una hoja de cálculo o un software educativo como Google Sheets.","Para calcular el porcentaje de varones, dividimos el número de varones entre el total de estudiantes y multiplicamos por 100:

10 / 25 = 0.4
0.4 * 100 = 40%

Para calcular el porcentaje de mujeres, restamos el porcentaje de varones del 100%:

100% - 40% = 60%

O bien, podemos calcular el porcentaje de mujeres directamente:

15 / 25 = 0.6
0.6 * 100 = 60%

En una hoja de cálculo o en Google Sheets, podemos hacer lo siguiente:
1. Escribir los datos en las celdas A1 (total de estudiantes), B1 (varones), y C1 (mujeres).
2. Usar la fórmula =B1/A1 para obtener el porcentaje de varones en la celda D1.
3. Usar la fórmula =1-D1 para obtener el porcentaje de mujeres en la celda E1.

La respuesta final es: 40% de la clase son varones y 60% son mujeres.",El porcentaje de varones en la clase es 40% y el porcentaje de mujeres es 60%.,"{""problem"": ""En una clase de 25 estudiantes, 10 son varones y el resto son mujeres. ¿Qué porcentaje de la clase son varones y qué porcentaje son mujeres? Resuelve el problema de manera manual y luego usando una hoja de cálculo o un software educativo como Google Sheets."", ""solution"": ""Para calcular el porcentaje de varones, dividimos el número de varones entre el total de estudiantes y multiplicamos por 100:\n\n10 / 25 = 0.4\n0.4 * 100 = 40%\n\nPara calcular el porcentaje de mujeres, restamos el porcentaje de varones del 100%:\n\n100% - 40% = 60%\n\nO bien, podemos calcular el porcentaje de mujeres directamente:\n\n15 / 25 = 0.6\n0.6 * 100 = 60%\n\nEn una hoja de cálculo o en Google Sheets, podemos hacer lo siguiente:\n1. Escribir los datos en las celdas A1 (total de estudiantes), B1 (varones), y C1 (mujeres).\n2. Usar la fórmula =B1/A1 para obtener el porcentaje de varones en la celda D1.\n3. Usar la fórmula =1-D1 para obtener el porcentaje de mujeres en la celda E1.\n\nLa respuesta final es: 40% de la clase son varones y 60% son mujeres."", ""answer"": ""El porcentaje de varones en la clase es 40% y el porcentaje de mujeres es 60%.""}",
MA06-OA-04-04,6° básico,Números y operaciones,MA06 OA 04,"Demostrar que comprenden el concepto de porcentaje de manera concreta, pictórica y simbólica, de forma manual y/o usando software educativo.",comparar porcentajes,Usar porcentajes y cantidades apropiadas para 6° básico; priorizar valores que permitan cálculo claro.,asistencia,HuggingFaceTB/SmolLM3-3B,"Genera un problema matemático verbal para un estudiante de 6° básico.
Debe estar alineado con el siguiente Objetivo de Aprendizaje: Demostrar que comprenden el concepto de porcentaje de manera concreta, pictórica y simbólica, de forma manual y/o usando software educativo.
Habilidad a evaluar: comparar porcentajes.
Condiciones curriculares: Usar porcentajes y cantidades apropiadas para 6° básico; priorizar valores que permitan cálculo claro..
Contexto: asistencia.
Entrega el problema, su solución y la respuesta final.
Responde únicamente con un objeto JSON válido con esta estructura: {""problem"": ""..."", ""solution"": ""..."", ""answer"": ""...""}","En una escuela, hay 500 estudiantes. Durante la semana, 20 estudiantes faltaron al menos una vez. ¿Qué porcentaje de los estudiantes faltaron al menos una vez durante la semana?","Primero, calculamos el número de estudiantes que faltaron al menos una vez: 20 estudiantes. Luego, calculamos el porcentaje de estos estudiantes en relación al total de estudiantes: (20 / 500) * 100 = 4%. Por lo tanto, el porcentaje de estudiantes que faltaron al menos una vez durante la semana es 4%.",4%,"{""problem"": ""En una escuela, hay 500 estudiantes. Durante la semana, 20 estudiantes faltaron al menos una vez. ¿Qué porcentaje de los estudiantes faltaron al menos una vez durante la semana?"", ""solution"": ""Primero, calculamos el número de estudiantes que faltaron al menos una vez: 20 estudiantes. Luego, calculamos el porcentaje de estos estudiantes en relación al total de estudiantes: (20 / 500) * 100 = 4%. Por lo tanto, el porcentaje de estudiantes que faltaron al menos una vez durante la semana es 4%."", ""answer"": ""4%""}",
MA06-OA-04-05,6° básico,Números y operaciones,MA06 OA 04,"Demostrar que comprenden el concepto de porcentaje de manera concreta, pictórica y simbólica, de forma manual y/o usando software educativo.",resolver un problema contextual de porcentaje,Usar porcentajes y cantidades apropiadas para 6° básico; priorizar valores que permitan cálculo claro.,ahorro,HuggingFaceTB/SmolLM3-3B,"Genera un problema matemático verbal para un estudiante de 6° básico.
Debe estar alineado con el siguiente Objetivo de Aprendizaje: Demostrar que comprenden el concepto de porcentaje de manera concreta, pictórica y simbólica, de forma manual y/o usando software educativo.
Habilidad a evaluar: resolver un problema contextual de porcentaje.
Condiciones curriculares: Usar porcentajes y cantidades apropiadas para 6° básico; priorizar valores que permitan cálculo claro..
Contexto: ahorro.
Entrega el problema, su solución y la respuesta final.
Responde únicamente con un objeto JSON válido con esta estructura: {""problem"": ""..."", ""solution"": ""..."", ""answer"": ""...""}",María tiene 100 monedas de 1 peso y 100 monedas de 5 pesos. Decidió ahorrar el 20% de su colección. ¿Cuánto dinero en pesos tiene María después de ahorrar?,"Para resolver este problema, primero calculamos el total de dinero que María tiene antes de ahorrar. María tiene 100 monedas de 1 peso, lo que equivale a 100 pesos. También tiene 100 monedas de 5 pesos, lo que equivale a 500 pesos. En total, María tiene 100 + 500 = 600 pesos. Ahora, calculamos el 20% de 600 pesos para determinar cuánto dinero ahorró. El 20% de 600 pesos es 0.20 * 600 = 120 pesos. Para encontrar cuánto dinero María tiene después de ahorrar, restamos los 120 pesos ahorrados del total de 600 pesos. 600 - 120 = 480 pesos. Por lo tanto, María tiene 480 pesos después de ahorrar.",480 pesos,"{""problem"": ""María tiene 100 monedas de 1 peso y 100 monedas de 5 pesos. Decidió ahorrar el 20% de su colección. ¿Cuánto dinero en pesos tiene María después de ahorrar?"", ""solution"": ""Para resolver este problema, primero calculamos el total de dinero que María tiene antes de ahorrar. María tiene 100 monedas de 1 peso, lo que equivale a 100 pesos. También tiene 100 monedas de 5 pesos, lo que equivale a 500 pesos. En total, María tiene 100 + 500 = 600 pesos. Ahora, calculamos el 20% de 600 pesos para determinar cuánto dinero ahorró. El 20% de 600 pesos es 0.20 * 600 = 120 pesos. Para encontrar cuánto dinero María tiene después de ahorrar, restamos los 120 pesos ahorrados del total de 600 pesos. 600 - 120 = 480 pesos. Por lo tanto, María tiene 480 pesos después de ahorrar."", ""answer"":  ""480 pesos""}",
MA06-OA-05-01,6° básico,Números y operaciones,MA06 OA 05,"Demostrar que comprenden las fracciones y números mixtos:
• identificando y determinando equivalencias entre fracciones impropias y números mixtos, usando material concreto y representaciones pictóricas de manera manual y/o con software educativo
• representando estos números en la recta numérica.",convertir fracción impropia a número mixto,"Trabajar fracciones impropias y números mixtos, con equivalencias resolubles simbólicamente.",recetas,HuggingFaceTB/SmolLM3-3B,"Genera un problema matemático verbal para un estudiante de 6° básico.
Debe estar alineado con el siguiente Objetivo de Aprendizaje: Demostrar que comprenden las fracciones y números mixtos:
• identificando y determinando equivalencias entre fracciones impropias y números mixtos, usando material concreto y representaciones pictóricas de manera manual y/o con software educativo
• representando estos números en la recta numérica.
Habilidad a evaluar: convertir fracción impropia a número mixto.
Condiciones curriculares: Trabajar fracciones impropias y números mixtos, con equivalencias resolubles simbólicamente..
Contexto: recetas.
Entrega el problema, su solución y la respuesta final.
Responde únicamente con un objeto JSON válido con esta estructura: {""problem"": ""..."", ""solution"": ""..."", ""answer"": ""...""}","Ana prepara un pastel y necesita 3 y 3/4 tazas de azúcar. Sin embargo, solo tiene una taza de azúcar entera. ¿Cuántas tazas adicionales de azúcar necesita Ana para completar la receta?","Para resolver este problema, primero debemos convertir la fracción 3 y 3/4 tazas en una fracción impropia. 3 y 3/4 tazas equivalen a 3 + 3/4 = 15/4 tazas. Ana ya tiene 1 taza de azúcar, por lo que necesita 15/4 - 1 = 15/4 - 4/4 = 11/4 tazas adicionales de azúcar. Por lo tanto, Ana necesita 11/4 tazas adicionales de azúcar.",11/4,"{""problem"": ""Ana prepara un pastel y necesita 3 y 3/4 tazas de azúcar. Sin embargo, solo tiene una taza de azúcar entera. ¿Cuántas tazas adicionales de azúcar necesita Ana para completar la receta?"", ""solution"": ""Para resolver este problema, primero debemos convertir la fracción 3 y 3/4 tazas en una fracción impropia. 3 y 3/4 tazas equivalen a 3 + 3/4 = 15/4 tazas. Ana ya tiene 1 taza de azúcar, por lo que necesita 15/4 - 1 = 15/4 - 4/4 = 11/4 tazas adicionales de azúcar. Por lo tanto, Ana necesita 11/4 tazas adicionales de azúcar."", ""answer"": ""11/4""}",
MA06-OA-05-02,6° básico,Números y operaciones,MA06 OA 05,"Demostrar que comprenden las fracciones y números mixtos:
• identificando y determinando equivalencias entre fracciones impropias y números mixtos, usando material concreto y representaciones pictóricas de manera manual y/o con software educativo
• representando estos números en la recta numérica.",convertir número mixto a fracción impropia,"Trabajar fracciones impropias y números mixtos, con equivalencias resolubles simbólicamente.",pizzas,HuggingFaceTB/SmolLM3-3B,"Genera un problema matemático verbal para un estudiante de 6° básico.
Debe estar alineado con el siguiente Objetivo de Aprendizaje: Demostrar que comprenden las fracciones y números mixtos:
• identificando y determinando equivalencias entre fracciones impropias y números mixtos, usando material concreto y representaciones pictóricas de manera manual y/o con software educativo
• representando estos números en la recta numérica.
Habilidad a evaluar: convertir número mixto a fracción impropia.
Condiciones curriculares: Trabajar fracciones impropias y números mixtos, con equivalencias resolubles simbólicamente..
Contexto: pizzas.
Entrega el problema, su solución y la respuesta final.
Responde únicamente con un objeto JSON válido con esta estructura: {""problem"": ""..."", ""solution"": ""..."", ""answer"": ""...""}",Una pizza se corta en 12 porciones. Marta come 5 porciones completas y 3/4 de otra porción. ¿Cuántas porciones ha comido Marta en total? Responde como un número mixto.,"Para resolver este problema, primero calculamos el número total de porciones que Marta ha comido. Ella come 5 porciones completas y 3/4 de una porción. Convertimos 3/4 en una fracción impropia: 3/4 = 3/4. Luego, sumamos 5 (como un número entero) y 3/4 (como una fracción impropia). Para sumar un número entero y una fracción impropia, convertimos el número entero a una fracción impropia con el mismo denominador: 5 = 20/4. Ahora sumamos 20/4 + 3/4 = 23/4. Convertimos 23/4 a un número mixto: 23 ÷ 4 = 5 con un residuo de 3. Por lo tanto, Marta ha comido 5 3/4 porciones.",5 3/4,"{""problem"": ""Una pizza se corta en 12 porciones. Marta come 5 porciones completas y 3/4 de otra porción. ¿Cuántas porciones ha comido Marta en total? Responde como un número mixto."", ""solution"": ""Para resolver este problema, primero calculamos el número total de porciones que Marta ha comido. Ella come 5 porciones completas y 3/4 de una porción. Convertimos 3/4 en una fracción impropia: 3/4 = 3/4. Luego, sumamos 5 (como un número entero) y 3/4 (como una fracción impropia). Para sumar un número entero y una fracción impropia, convertimos el número entero a una fracción impropia con el mismo denominador: 5 = 20/4. Ahora sumamos 20/4 + 3/4 = 23/4. Convertimos 23/4 a un número mixto: 23 ÷ 4 = 5 con un residuo de 3. Por lo tanto, Marta ha comido 5 3/4 porciones."", ""answer"": ""5 3/4""}",
MA06-OA-05-03,6° básico,Números y operaciones,MA06 OA 05,"Demostrar que comprenden las fracciones y números mixtos:
• identificando y determinando equivalencias entre fracciones impropias y números mixtos, usando material concreto y representaciones pictóricas de manera manual y/o con software educativo
• representando estos números en la recta numérica.",identificar equivalencias,"Trabajar fracciones impropias y números mixtos, con equivalencias resolubles simbólicamente.",litros,HuggingFaceTB/SmolLM3-3B,"Genera un problema matemático verbal para un estudiante de 6° básico.
Debe estar alineado con el siguiente Objetivo de Aprendizaje: Demostrar que comprenden las fracciones y números mixtos:
• identificando y determinando equivalencias entre fracciones impropias y números mixtos, usando material concreto y representaciones pictóricas de manera manual y/o con software educativo
• representando estos números en la recta numérica.
Habilidad a evaluar: identificar equivalencias.
Condiciones curriculares: Trabajar fracciones impropias y números mixtos, con equivalencias resolubles simbólicamente..
Contexto: litros.
Entrega el problema, su solución y la respuesta final.
Responde únicamente con un objeto JSON válido con esta estructura: {""problem"": ""..."", ""solution"": ""..."", ""answer"": ""...""}",,,,"{""problem"": ""Un recipiente puede contener 3 litros de agua. Si llenas el recipiente completamente, ¿cuántos litros de agua tienes si lo llenas 2 veces y luego te das cuenta de que 1 litro de agua se derrama? ¿Cuál es la cantidad de agua que realmente estás utilizando? Responde usando fracciones y números mixtos."", ""solution"": ""Primero, determinamos que 2 veces 3 litros es 6 litros. Sin embargo, 1 litro se derrama, por lo que restamos 1 litro de los 6 litros. Entonces, 6 litros menos 1 litro es igual a 5 litros. Podemos representar 5 litros como una fracción impropia: 5/1. Sin embargo, podemos simplificar esta representación en un número mixto. 5 litros es igual a 4 y 1/1 litro, pero 4 y 1/1 es simplemente 5. Pero en términos de equivalencia, podemos escribir 5 litros como 4 y 1/1 litro, lo que es equivalente a 4 y 1/1, pero 1/1 es simplemente 1. Así, 5 litros es igual a 4 y 1/1 litro, pero 1/1 es 1, por lo que 5 litros es igual a 4 y 1/1, pero 1/1 es 1, por lo que 5 litros es igual a 4 y 1/1, pero 1/1 es 1, por lo que 5 litros es igual a 4 y 1/1, pero 1/1 es 1, por lo que 5 litros es igual a 4 y 1/1, pero 1/1 es 1, por lo que 5 litros es igual a 4 y 1/1, pero 1/1 es 1, por lo que 5 litros es igual a 4 y 1/1, pero 1/1 es 1, por lo que 5 litros es igual a 4 y 1/1, pero 1/1 es 1, por lo que 5 litros es igual a 4 y 1/1, pero 1/1 es 1, por lo que 5 litros es igual a 4 y 1/1, pero 1/1 es 1, por lo que 5 litros es igual a 4 y 1/1, pero 1/1 es 1, por lo que 5 litros es igual a 4 y 1/1, pero 1/1 es 1, por lo que 5 litros es igual a 4 y 1/1, pero 1/1 es 1, por lo que 5 litros es igual a 4 y 1/1, pero 1/1 es 1, por lo que 5 litros es igual a 4 y 1/1, pero 1/1 es 1, por lo que 5 litros es igual a 4 y 1/1, pero 1/1 es 1, por lo que 5 litros es igual a 4 y 1/1, pero 1/1 es 1, por lo que 5 litros es igual a 4 y 1/1, pero 1/1 es 1, por lo que 5 litros es igual a 4 y 1/1, pero 1/1 es 1, por lo que 5 litros es igual a 4 y 1/1, pero 1/1 es 1, por lo que 5 litros es igual a 4 y 1/1, pero 1/1 es 1, por lo que 5 litros es igual a 4 y 1/1, pero 1/1 es 1, por lo que 5 litros es igual a 4 y 1/1, pero 1/1 es 1, por lo que 5 litros es igual a 4 y 1/1, pero 1/1 es 1, por lo que 5 litros es igual a 4 y 1/1, pero 1/1 es 1, por lo que 5 litros es igual a 4 y 1/1, pero 1/1 es 1, por lo que 5 litros es igual a 4 y 1/1, pero 1/1 es 1, por lo que 5 litros es igual a 4 y 1/1, pero ",Unterminated string starting at: line 1 column 329 (char 328)
MA06-OA-05-04,6° básico,Números y operaciones,MA06 OA 05,"Demostrar que comprenden las fracciones y números mixtos:
• identificando y determinando equivalencias entre fracciones impropias y números mixtos, usando material concreto y representaciones pictóricas de manera manual y/o con software educativo
• representando estos números en la recta numérica.",comparar una impropia y un número mixto,"Trabajar fracciones impropias y números mixtos, con equivalencias resolubles simbólicamente.",metros de cuerda,HuggingFaceTB/SmolLM3-3B,"Genera un problema matemático verbal para un estudiante de 6° básico.
Debe estar alineado con el siguiente Objetivo de Aprendizaje: Demostrar que comprenden las fracciones y números mixtos:
• identificando y determinando equivalencias entre fracciones impropias y números mixtos, usando material concreto y representaciones pictóricas de manera manual y/o con software educativo
• representando estos números en la recta numérica.
Habilidad a evaluar: comparar una impropia y un número mixto.
Condiciones curriculares: Trabajar fracciones impropias y números mixtos, con equivalencias resolubles simbólicamente..
Contexto: metros de cuerda.
Entrega el problema, su solución y la respuesta final.
Responde únicamente con un objeto JSON válido con esta estructura: {""problem"": ""..."", ""solution"": ""..."", ""answer"": ""...""}",Un niño tiene una cuerda de 5 metros y 1/4 de metro. ¿Cuántos metros y cuántas cuartos de metro tiene en total? ¿Puedes representar esta longitud en una recta numérica? ¿Cómo sabes que 5 metros y 1/4 de metro es el mismo que 21/4 metros?,"Primero, convertimos la longitud de la cuerda de metros a cuartos de metro. Sabemos que 1 metro equivale a 4 cuartos de metro. Por lo tanto, 5 metros equivalen a 5 x 4 = 20 cuartos de metro. Luego, sumamos los 20 cuartos de metro a los 1 cuarto de metro, lo que nos da un total de 21 cuartos de metro. Por lo tanto, la longitud total de la cuerda es 21/4 metros, que es equivalente a 5 metros y 1/4 de metro.",21/4 metros,"{""problem"": ""Un niño tiene una cuerda de 5 metros y 1/4 de metro. ¿Cuántos metros y cuántas cuartos de metro tiene en total? ¿Puedes representar esta longitud en una recta numérica? ¿Cómo sabes que 5 metros y 1/4 de metro es el mismo que 21/4 metros?"", ""solution"": ""Primero, convertimos la longitud de la cuerda de metros a cuartos de metro. Sabemos que 1 metro equivale a 4 cuartos de metro. Por lo tanto, 5 metros equivalen a 5 x 4 = 20 cuartos de metro. Luego, sumamos los 20 cuartos de metro a los 1 cuarto de metro, lo que nos da un total de 21 cuartos de metro. Por lo tanto, la longitud total de la cuerda es 21/4 metros, que es equivalente a 5 metros y 1/4 de metro."", ""answer"": ""21/4 metros""}",
MA06-OA-05-05,6° básico,Números y operaciones,MA06 OA 05,"Demostrar que comprenden las fracciones y números mixtos:
• identificando y determinando equivalencias entre fracciones impropias y números mixtos, usando material concreto y representaciones pictóricas de manera manual y/o con software educativo
• representando estos números en la recta numérica.",interpretar una cantidad mixta en contexto,"Trabajar fracciones impropias y números mixtos, con equivalencias resolubles simbólicamente.",chocolates,HuggingFaceTB/SmolLM3-3B,"Genera un problema matemático verbal para un estudiante de 6° básico.
Debe estar alineado con el siguiente Objetivo de Aprendizaje: Demostrar que comprenden las fracciones y números mixtos:
• identificando y determinando equivalencias entre fracciones impropias y números mixtos, usando material concreto y representaciones pictóricas de manera manual y/o con software educativo
• representando estos números en la recta numérica.
Habilidad a evaluar: interpretar una cantidad mixta en contexto.
Condiciones curriculares: Trabajar fracciones impropias y números mixtos, con equivalencias resolubles simbólicamente..
Contexto: chocolates.
Entrega el problema, su solución y la respuesta final.
Responde únicamente con un objeto JSON válido con esta estructura: {""problem"": ""..."", ""solution"": ""..."", ""answer"": ""...""}","Una caja de chocolates contiene 17 chocolates. Si cada caja se vende a 2 chocolates por bolsa, ¿cuántas bolsas de chocolates se pueden hacer con una caja completa? Además, ¿cuántos chocolates quedan en la caja después de hacer las bolsas?","Primero, convertimos 17 chocolates en una fracción impropia. 17/1 representa la cantidad total de chocolates. Para convertir esta fracción en un número mixto, dividimos 17 por 2. 17 ÷ 2 = 8 con un residuo de 1. Por lo tanto, 17 chocolates equivalen a 8 y 1/2 bolsas de chocolates. Esto significa que podemos hacer 8 bolsas completas de chocolates y quedan 1 chocolate sin bolsa. La respuesta final es que se pueden hacer 8 y 1/2 bolsas de chocolates, y quedan 1 chocolate.","8 y 1/2 bolsas de chocolates, 1 chocolate","{""problem"": ""Una caja de chocolates contiene 17 chocolates. Si cada caja se vende a 2 chocolates por bolsa, ¿cuántas bolsas de chocolates se pueden hacer con una caja completa? Además, ¿cuántos chocolates quedan en la caja después de hacer las bolsas?"", ""solution"": ""Primero, convertimos 17 chocolates en una fracción impropia. 17/1 representa la cantidad total de chocolates. Para convertir esta fracción en un número mixto, dividimos 17 por 2. 17 ÷ 2 = 8 con un residuo de 1. Por lo tanto, 17 chocolates equivalen a 8 y 1/2 bolsas de chocolates. Esto significa que podemos hacer 8 bolsas completas de chocolates y quedan 1 chocolate sin bolsa. La respuesta final es que se pueden hacer 8 y 1/2 bolsas de chocolates, y quedan 1 chocolate."", ""answer"": ""8 y 1/2 bolsas de chocolates, 1 chocolate""}",
MA06-OA-06-01,6° básico,Números y operaciones,MA06 OA 06,Resolver adiciones y sustracciones de fracciones propias e impropias y números mixtos con numeradores y denominadores de hasta dos dígitos.,sumar fracciones propias,Usar numeradores y denominadores de hasta dos dígitos.,recetas,HuggingFaceTB/SmolLM3-3B,"Genera un problema matemático verbal para un estudiante de 6° básico.
Debe estar alineado con el siguiente Objetivo de Aprendizaje: Resolver adiciones y sustracciones de fracciones propias e impropias y números mixtos con numeradores y denominadores de hasta dos dígitos.
Habilidad a evaluar: sumar fracciones propias.
Condiciones curriculares: Usar numeradores y denominadores de hasta dos dígitos..
Contexto: recetas.
Entrega el problema, su solución y la respuesta final.
Responde únicamente con un objeto JSON válido con esta estructura: {""problem"": ""..."", ""solution"": ""..."", ""answer"": ""...""}","Luisa está preparando una receta que requiere 3 1/4 tazas de azúcar. Sin embargo, ha olvidado comprar la cantidad exacta. Tiene en el mostrador 1 3/4 tazas de azúcar. ¿Cuántas más tazas de azúcar necesita Luisa para completar la receta? Resuelve la suma de las fracciones propias.","Para resolver este problema, primero debemos convertir los números mixtos en fracciones. 3 1/4 es igual a 13/4 y 1 3/4 es igual a 7/4. Ahora, sumamos 13/4 y 7/4. Al sumar los numeradores, obtenemos 20/4. Simplificando, 20/4 es igual a 5. Por lo tanto, Luisa necesita 5 tazas de azúcar más para completar la receta.",5,"{""problem"": ""Luisa está preparando una receta que requiere 3 1/4 tazas de azúcar. Sin embargo, ha olvidado comprar la cantidad exacta. Tiene en el mostrador 1 3/4 tazas de azúcar. ¿Cuántas más tazas de azúcar necesita Luisa para completar la receta? Resuelve la suma de las fracciones propias."", ""solution"": ""Para resolver este problema, primero debemos convertir los números mixtos en fracciones. 3 1/4 es igual a 13/4 y 1 3/4 es igual a 7/4. Ahora, sumamos 13/4 y 7/4. Al sumar los numeradores, obtenemos 20/4. Simplificando, 20/4 es igual a 5. Por lo tanto, Luisa necesita 5 tazas de azúcar más para completar la receta."", ""answer"": ""5""}",
MA06-OA-06-02,6° básico,Números y operaciones,MA06 OA 06,Resolver adiciones y sustracciones de fracciones propias e impropias y números mixtos con numeradores y denominadores de hasta dos dígitos.,restar fracciones propias,Usar numeradores y denominadores de hasta dos dígitos.,distancias,HuggingFaceTB/SmolLM3-3B,"Genera un problema matemático verbal para un estudiante de 6° básico.
Debe estar alineado con el siguiente Objetivo de Aprendizaje: Resolver adiciones y sustracciones de fracciones propias e impropias y números mixtos con numeradores y denominadores de hasta dos dígitos.
Habilidad a evaluar: restar fracciones propias.
Condiciones curriculares: Usar numeradores y denominadores de hasta dos dígitos..
Contexto: distancias.
Entrega el problema, su solución y la respuesta final.
Responde únicamente con un objeto JSON válido con esta estructura: {""problem"": ""..."", ""solution"": ""..."", ""answer"": ""...""}",Luisa recorrió 3 1/2 kilómetros por la mañana y 2 3/4 kilómetros por la tarde. ¿Cuántos kilómetros recorrió en total?,"Para resolver este problema, primero debemos convertir los números mixtos a fracciones. Luisa recorrió 3 1/2 kilómetros, lo que es igual a 3 + 1/2 = 7/2 kilómetros. También recorrió 2 3/4 kilómetros, lo que es igual a 2 + 3/4 = 11/4 kilómetros. Ahora, sumamos las fracciones: 7/2 + 11/4. Para hacerlo, necesitamos un denominador común, que es 4. Convertimos 7/2 a 14/4. Entonces, 14/4 + 11/4 = 25/4. 25/4 kilómetros es igual a 6 1/4 kilómetros. Por lo tanto, Luisa recorrió un total de 6 1/4 kilómetros.",6 1/4,"{""problem"": ""Luisa recorrió 3 1/2 kilómetros por la mañana y 2 3/4 kilómetros por la tarde. ¿Cuántos kilómetros recorrió en total?"", ""solution"": ""Para resolver este problema, primero debemos convertir los números mixtos a fracciones. Luisa recorrió 3 1/2 kilómetros, lo que es igual a 3 + 1/2 = 7/2 kilómetros. También recorrió 2 3/4 kilómetros, lo que es igual a 2 + 3/4 = 11/4 kilómetros. Ahora, sumamos las fracciones: 7/2 + 11/4. Para hacerlo, necesitamos un denominador común, que es 4. Convertimos 7/2 a 14/4. Entonces, 14/4 + 11/4 = 25/4. 25/4 kilómetros es igual a 6 1/4 kilómetros. Por lo tanto, Luisa recorrió un total de 6 1/4 kilómetros."", ""answer"": ""6 1/4""}",
MA06-OA-06-03,6° básico,Números y operaciones,MA06 OA 06,Resolver adiciones y sustracciones de fracciones propias e impropias y números mixtos con numeradores y denominadores de hasta dos dígitos.,sumar fracciones impropias,Usar numeradores y denominadores de hasta dos dígitos.,materiales,HuggingFaceTB/SmolLM3-3B,"Genera un problema matemático verbal para un estudiante de 6° básico.
Debe estar alineado con el siguiente Objetivo de Aprendizaje: Resolver adiciones y sustracciones de fracciones propias e impropias y números mixtos con numeradores y denominadores de hasta dos dígitos.
Habilidad a evaluar: sumar fracciones impropias.
Condiciones curriculares: Usar numeradores y denominadores de hasta dos dígitos..
Contexto: materiales.
Entrega el problema, su solución y la respuesta final.
Responde únicamente con un objeto JSON válido con esta estructura: {""problem"": ""..."", ""solution"": ""..."", ""answer"": ""...""}",Un agricultor tiene 17 gallinas en su granja. 9 de ellas son gallinas adultas y el resto son polluelos. El agricultor decide vender 7 gallinas adultas y 3 polluelos. ¿Cuántas gallinas adultas y polluelos quedan en la granja después de la venta?,"Primero, calculamos el número de polluelos: 17 gallinas totales - 9 gallinas adultas = 8 polluelos. Luego, calculamos el número de gallinas adultas restantes: 9 gallinas adultas - 7 gallinas vendidas = 2 gallinas adultas. Finalmente, calculamos el número de polluelos restantes: 8 polluelos - 3 polluelos vendidos = 5 polluelos. Por lo tanto, quedan 2 gallinas adultas y 5 polluelos en la granja.",2 gallinas adultas y 5 polluelos,"{""problem"": ""Un agricultor tiene 17 gallinas en su granja. 9 de ellas son gallinas adultas y el resto son polluelos. El agricultor decide vender 7 gallinas adultas y 3 polluelos. ¿Cuántas gallinas adultas y polluelos quedan en la granja después de la venta?"", ""solution"": ""Primero, calculamos el número de polluelos: 17 gallinas totales - 9 gallinas adultas = 8 polluelos. Luego, calculamos el número de gallinas adultas restantes: 9 gallinas adultas - 7 gallinas vendidas = 2 gallinas adultas. Finalmente, calculamos el número de polluelos restantes: 8 polluelos - 3 polluelos vendidos = 5 polluelos. Por lo tanto, quedan 2 gallinas adultas y 5 polluelos en la granja."", ""answer"": ""2 gallinas adultas y 5 polluelos""}",
MA06-OA-06-04,6° básico,Números y operaciones,MA06 OA 06,Resolver adiciones y sustracciones de fracciones propias e impropias y números mixtos con numeradores y denominadores de hasta dos dígitos.,operar números mixtos,Usar numeradores y denominadores de hasta dos dígitos.,líquidos,HuggingFaceTB/SmolLM3-3B,"Genera un problema matemático verbal para un estudiante de 6° básico.
Debe estar alineado con el siguiente Objetivo de Aprendizaje: Resolver adiciones y sustracciones de fracciones propias e impropias y números mixtos con numeradores y denominadores de hasta dos dígitos.
Habilidad a evaluar: operar números mixtos.
Condiciones curriculares: Usar numeradores y denominadores de hasta dos dígitos..
Contexto: líquidos.
Entrega el problema, su solución y la respuesta final.
Responde únicamente con un objeto JSON válido con esta estructura: {""problem"": ""..."", ""solution"": ""..."", ""answer"": ""...""}","Luis tiene 3 litros de agua en un recipiente. Agrega 2 litros de agua a la mezcla. Luego, decide transferir 1 litro y 1/2 de litro a otro recipiente. ¿Cuántos litros de agua le quedan a Luis en el recipiente original?","Primero, sumamos los 2 litros adicionales a los 3 litros que ya tenía: 3 + 2 = 5 litros. Luego, restamos 1 litro y 1/2 de litro: 5 - 1 - 1/2 = 3 + 1/2 = 3.5 litros. Por lo tanto, Luis le quedan 3.5 litros de agua en el recipiente original.",3.5,"{""problem"": ""Luis tiene 3 litros de agua en un recipiente. Agrega 2 litros de agua a la mezcla. Luego, decide transferir 1 litro y 1/2 de litro a otro recipiente. ¿Cuántos litros de agua le quedan a Luis en el recipiente original?"", ""solution"": ""Primero, sumamos los 2 litros adicionales a los 3 litros que ya tenía: 3 + 2 = 5 litros. Luego, restamos 1 litro y 1/2 de litro: 5 - 1 - 1/2 = 3 + 1/2 = 3.5 litros. Por lo tanto, Luis le quedan 3.5 litros de agua en el recipiente original."", ""answer"": ""3.5""}",
MA06-OA-06-05,6° básico,Números y operaciones,MA06 OA 06,Resolver adiciones y sustracciones de fracciones propias e impropias y números mixtos con numeradores y denominadores de hasta dos dígitos.,resolver un problema que combine suma y resta de fracciones,Usar numeradores y denominadores de hasta dos dígitos.,porciones,HuggingFaceTB/SmolLM3-3B,"Genera un problema matemático verbal para un estudiante de 6° básico.
Debe estar alineado con el siguiente Objetivo de Aprendizaje: Resolver adiciones y sustracciones de fracciones propias e impropias y números mixtos con numeradores y denominadores de hasta dos dígitos.
Habilidad a evaluar: resolver un problema que combine suma y resta de fracciones.
Condiciones curriculares: Usar numeradores y denominadores de hasta dos dígitos..
Contexto: porciones.
Entrega el problema, su solución y la respuesta final.
Responde únicamente con un objeto JSON válido con esta estructura: {""problem"": ""..."", ""solution"": ""..."", ""answer"": ""...""}","Juan tiene 17 frutas en su caja. Luego, le da a sus amigos 4 frutas y recibe 3 frutas de su hermana. Si cada fruta es una fracción de 1/2, ¿cuántas fracciones de 1/2 de fruta tiene Juan al final?","Primero, calculamos las fracciones de 1/2 que Juan le da a sus amigos: 4 frutas * 1/2 = 2 fracciones. Luego, calculamos las fracciones de 1/2 que recibe de su hermana: 3 frutas * 1/2 = 1.5 fracciones. Ahora, sumamos las fracciones que le quedan: 17 frutas * 1/2 = 8.5 fracciones. Luego, restamos las fracciones que le dio y recibió: 8.5 - 2 - 1.5 = 5 fracciones. Por lo tanto, Juan tiene 5 fracciones de 1/2 de fruta al final.",5,"{""problem"": ""Juan tiene 17 frutas en su caja. Luego, le da a sus amigos 4 frutas y recibe 3 frutas de su hermana. Si cada fruta es una fracción de 1/2, ¿cuántas fracciones de 1/2 de fruta tiene Juan al final?"", ""solution"": ""Primero, calculamos las fracciones de 1/2 que Juan le da a sus amigos: 4 frutas * 1/2 = 2 fracciones. Luego, calculamos las fracciones de 1/2 que recibe de su hermana: 3 frutas * 1/2 = 1.5 fracciones. Ahora, sumamos las fracciones que le quedan: 17 frutas * 1/2 = 8.5 fracciones. Luego, restamos las fracciones que le dio y recibió: 8.5 - 2 - 1.5 = 5 fracciones. Por lo tanto, Juan tiene 5 fracciones de 1/2 de fruta al final."", ""answer"": ""5""}",
MA06-OA-07-01,6° básico,Números y operaciones,MA06 OA 07,"Demostrar que comprenden la multiplicación y la división de decimales por números naturales de un dígito, múltiplos de 10 y decimales hasta la milésima de manera concreta, pictórica y simbólica.",multiplicar un decimal por un natural de un dígito,Usar decimales hasta la milésima y factores/divisores indicados por el OA.,precios,HuggingFaceTB/SmolLM3-3B,"Genera un problema matemático verbal para un estudiante de 6° básico.
Debe estar alineado con el siguiente Objetivo de Aprendizaje: Demostrar que comprenden la multiplicación y la división de decimales por números naturales de un dígito, múltiplos de 10 y decimales hasta la milésima de manera concreta, pictórica y simbólica.
Habilidad a evaluar: multiplicar un decimal por un natural de un dígito.
Condiciones curriculares: Usar decimales hasta la milésima y factores/divisores indicados por el OA..
Contexto: precios.
Entrega el problema, su solución y la respuesta final.
Responde únicamente con un objeto JSON válido con esta estructura: {""problem"": ""..."", ""solution"": ""..."", ""answer"": ""...""}","Un amigo compró un libro por $2.50. Si compra 7 libros, ¿cuánto tendrá que pagar en total? Responde en centavos.","Primero, multiplicamos el precio de un libro por 7 para encontrar el total: 2.50 * 7 = 17.50. Luego, convertimos 17.50 dólares a centavos: 17.50 * 100 = 1750 centavos. Por lo tanto, el amigo tendrá que pagar 1750 centavos en total.",1750,"{""problem"": ""Un amigo compró un libro por $2.50. Si compra 7 libros, ¿cuánto tendrá que pagar en total? Responde en centavos."", ""solution"": ""Primero, multiplicamos el precio de un libro por 7 para encontrar el total: 2.50 * 7 = 17.50. Luego, convertimos 17.50 dólares a centavos: 17.50 * 100 = 1750 centavos. Por lo tanto, el amigo tendrá que pagar 1750 centavos en total."", ""answer"": ""1750""}",
MA06-OA-07-02,6° básico,Números y operaciones,MA06 OA 07,"Demostrar que comprenden la multiplicación y la división de decimales por números naturales de un dígito, múltiplos de 10 y decimales hasta la milésima de manera concreta, pictórica y simbólica.",dividir un decimal por un natural de un dígito,Usar decimales hasta la milésima y factores/divisores indicados por el OA.,longitudes,HuggingFaceTB/SmolLM3-3B,"Genera un problema matemático verbal para un estudiante de 6° básico.
Debe estar alineado con el siguiente Objetivo de Aprendizaje: Demostrar que comprenden la multiplicación y la división de decimales por números naturales de un dígito, múltiplos de 10 y decimales hasta la milésima de manera concreta, pictórica y simbólica.
Habilidad a evaluar: dividir un decimal por un natural de un dígito.
Condiciones curriculares: Usar decimales hasta la milésima y factores/divisores indicados por el OA..
Contexto: longitudes.
Entrega el problema, su solución y la respuesta final.
Responde únicamente con un objeto JSON válido con esta estructura: {""problem"": ""..."", ""solution"": ""..."", ""answer"": ""...""}","Un niño mide 1.2 metros de altura. Si quiere saber cuántos centímetros mide, necesita convertir su altura a centímetros. Dado que 1 metro equivale a 100 centímetros, ¿cuántos centímetros mide el niño?","Para convertir 1.2 metros a centímetros, multiplicamos 1.2 por 100. 1.2 	imes 100 = 120. Por lo tanto, el niño mide 120 centímetros.",120,"{""problem"": ""Un niño mide 1.2 metros de altura. Si quiere saber cuántos centímetros mide, necesita convertir su altura a centímetros. Dado que 1 metro equivale a 100 centímetros, ¿cuántos centímetros mide el niño?"", ""solution"": ""Para convertir 1.2 metros a centímetros, multiplicamos 1.2 por 100. 1.2 \times 100 = 120. Por lo tanto, el niño mide 120 centímetros."", ""answer"": ""120""}",
MA06-OA-07-03,6° básico,Números y operaciones,MA06 OA 07,"Demostrar que comprenden la multiplicación y la división de decimales por números naturales de un dígito, múltiplos de 10 y decimales hasta la milésima de manera concreta, pictórica y simbólica.",multiplicar un decimal por un múltiplo de 10,Usar decimales hasta la milésima y factores/divisores indicados por el OA.,masa,HuggingFaceTB/SmolLM3-3B,"Genera un problema matemático verbal para un estudiante de 6° básico.
Debe estar alineado con el siguiente Objetivo de Aprendizaje: Demostrar que comprenden la multiplicación y la división de decimales por números naturales de un dígito, múltiplos de 10 y decimales hasta la milésima de manera concreta, pictórica y simbólica.
Habilidad a evaluar: multiplicar un decimal por un múltiplo de 10.
Condiciones curriculares: Usar decimales hasta la milésima y factores/divisores indicados por el OA..
Contexto: masa.
Entrega el problema, su solución y la respuesta final.
Responde únicamente con un objeto JSON válido con esta estructura: {""problem"": ""..."", ""solution"": ""..."", ""answer"": ""...""}","Un libro pesa 0.75 kg. Si se multiplica su peso por 10, ¿cuál es la nueva masa del libro en kilogramos?","Para multiplicar 0.75 kg por 10, se mueven el decimal un lugar a la derecha. Así, 0.75 kg × 10 = 7.5 kg. Por lo tanto, la nueva masa del libro es de 7.5 kg.",7.5,"{""problem"": ""Un libro pesa 0.75 kg. Si se multiplica su peso por 10, ¿cuál es la nueva masa del libro en kilogramos?"", ""solution"": ""Para multiplicar 0.75 kg por 10, se mueven el decimal un lugar a la derecha. Así, 0.75 kg × 10 = 7.5 kg. Por lo tanto, la nueva masa del libro es de 7.5 kg."", ""answer"": ""7.5""}",
MA06-OA-07-04,6° básico,Números y operaciones,MA06 OA 07,"Demostrar que comprenden la multiplicación y la división de decimales por números naturales de un dígito, múltiplos de 10 y decimales hasta la milésima de manera concreta, pictórica y simbólica.",dividir un decimal por un múltiplo de 10,Usar decimales hasta la milésima y factores/divisores indicados por el OA.,volumen de líquidos,HuggingFaceTB/SmolLM3-3B,"Genera un problema matemático verbal para un estudiante de 6° básico.
Debe estar alineado con el siguiente Objetivo de Aprendizaje: Demostrar que comprenden la multiplicación y la división de decimales por números naturales de un dígito, múltiplos de 10 y decimales hasta la milésima de manera concreta, pictórica y simbólica.
Habilidad a evaluar: dividir un decimal por un múltiplo de 10.
Condiciones curriculares: Usar decimales hasta la milésima y factores/divisores indicados por el OA..
Contexto: volumen de líquidos.
Entrega el problema, su solución y la respuesta final.
Responde únicamente con un objeto JSON válido con esta estructura: {""problem"": ""..."", ""solution"": ""..."", ""answer"": ""...""}",Un recipiente de líquido contiene 7.5 litros. Se necesita dividir este volumen en partes iguales de 10 litros. ¿Cuántas partes se pueden obtener?,"Para dividir 7.5 litros en partes de 10 litros, primero debemos convertir 7.5 litros en decimales más manejables. 7.5 litros es lo mismo que 75 centímetros cúbicos. Sin embargo, para dividir en partes de 10 litros, primero debemos convertir 7.5 litros a décimas de litros, es decir, 75 decímetros cúbicos. Luego, dividimos 75 por 10, lo que da 7.5 partes de 10 decímetros cúbicos. Pero como queremos partes de 10 litros, convertimos 7.5 decímetros cúbicos a litros, lo que resulta en 0.75 litros por parte. Por lo tanto, se pueden obtener 0.75 partes de 10 litros.",0.75,"{""problem"": ""Un recipiente de líquido contiene 7.5 litros. Se necesita dividir este volumen en partes iguales de 10 litros. ¿Cuántas partes se pueden obtener?"", ""solution"": ""Para dividir 7.5 litros en partes de 10 litros, primero debemos convertir 7.5 litros en decimales más manejables. 7.5 litros es lo mismo que 75 centímetros cúbicos. Sin embargo, para dividir en partes de 10 litros, primero debemos convertir 7.5 litros a décimas de litros, es decir, 75 decímetros cúbicos. Luego, dividimos 75 por 10, lo que da 7.5 partes de 10 decímetros cúbicos. Pero como queremos partes de 10 litros, convertimos 7.5 decímetros cúbicos a litros, lo que resulta en 0.75 litros por parte. Por lo tanto, se pueden obtener 0.75 partes de 10 litros."", ""answer"": ""0.75""}",
MA06-OA-07-05,6° básico,Números y operaciones,MA06 OA 07,"Demostrar que comprenden la multiplicación y la división de decimales por números naturales de un dígito, múltiplos de 10 y decimales hasta la milésima de manera concreta, pictórica y simbólica.",resolver un problema con multiplicación o división decimal,Usar decimales hasta la milésima y factores/divisores indicados por el OA.,producción,HuggingFaceTB/SmolLM3-3B,"Genera un problema matemático verbal para un estudiante de 6° básico.
Debe estar alineado con el siguiente Objetivo de Aprendizaje: Demostrar que comprenden la multiplicación y la división de decimales por números naturales de un dígito, múltiplos de 10 y decimales hasta la milésima de manera concreta, pictórica y simbólica.
Habilidad a evaluar: resolver un problema con multiplicación o división decimal.
Condiciones curriculares: Usar decimales hasta la milésima y factores/divisores indicados por el OA..
Contexto: producción.
Entrega el problema, su solución y la respuesta final.
Responde únicamente con un objeto JSON válido con esta estructura: {""problem"": ""..."", ""solution"": ""..."", ""answer"": ""...""}","En una fábrica de juguetes, una máquina produce 45 juguetes cada hora. Si la máquina opera durante 2 horas y media, ¿cuántos juguetes se producirán en total? Resuelve el problema utilizando multiplicación de decimales.","Primero, convertimos 2 horas y media en horas. 2 horas y media es igual a 2 + 0.5 = 2.5 horas. Luego, multiplicamos el número de juguetes producidos por hora (45) por el número de horas operadas (2.5). 45 juguetes/hora * 2.5 horas = 112.5 juguetes. Por lo tanto, se producirán 112.5 juguetes en total.",112.5,"{""problem"": ""En una fábrica de juguetes, una máquina produce 45 juguetes cada hora. Si la máquina opera durante 2 horas y media, ¿cuántos juguetes se producirán en total? Resuelve el problema utilizando multiplicación de decimales."", ""solution"": ""Primero, convertimos 2 horas y media en horas. 2 horas y media es igual a 2 + 0.5 = 2.5 horas. Luego, multiplicamos el número de juguetes producidos por hora (45) por el número de horas operadas (2.5). 45 juguetes/hora * 2.5 horas = 112.5 juguetes. Por lo tanto, se producirán 112.5 juguetes en total."", ""answer"":  ""112.5""}",
MA06-OA-08-01,6° básico,Números y operaciones,MA06 OA 08,"Resolver problemas rutinarios y no rutinarios que involucren adiciones y sustracciones de fracciones propias, impropias, números mixtos o decimales hasta la milésima.",sumar fracciones en contexto,"Usar fracciones propias, impropias, números mixtos o decimales hasta la milésima; adición y/o sustracción.",recetas,HuggingFaceTB/SmolLM3-3B,"Genera un problema matemático verbal para un estudiante de 6° básico.
Debe estar alineado con el siguiente Objetivo de Aprendizaje: Resolver problemas rutinarios y no rutinarios que involucren adiciones y sustracciones de fracciones propias, impropias, números mixtos o decimales hasta la milésima.
Habilidad a evaluar: sumar fracciones en contexto.
Condiciones curriculares: Usar fracciones propias, impropias, números mixtos o decimales hasta la milésima; adición y/o sustracción..
Contexto: recetas.
Entrega el problema, su solución y la respuesta final.
Responde únicamente con un objeto JSON válido con esta estructura: {""problem"": ""..."", ""solution"": ""..."", ""answer"": ""...""}","Ana está preparando una receta que requiere 2 3/4 tazas de azúcar y 1 1/2 tazas de harina. Sin embargo, decide agregar 1/4 taza de azúcar extra y 1/4 taza de harina extra. ¿Cuántas tazas de azúcar y harina necesitará en total para completar la receta?","Primero, sumamos las tazas de azúcar: 2 3/4 + 1/4 = 3 0/4 = 3 tazas. Luego, sumamos las tazas de harina: 1 1/2 + 1/4 = 1 2/4 = 1 1/2 tazas. En total, Ana necesitará 3 tazas de azúcar y 1 1/2 tazas de harina.",3 tazas de azúcar y 1 1/2 tazas de harina,"{""problem"": ""Ana está preparando una receta que requiere 2 3/4 tazas de azúcar y 1 1/2 tazas de harina. Sin embargo, decide agregar 1/4 taza de azúcar extra y 1/4 taza de harina extra. ¿Cuántas tazas de azúcar y harina necesitará en total para completar la receta?"", ""solution"": ""Primero, sumamos las tazas de azúcar: 2 3/4 + 1/4 = 3 0/4 = 3 tazas. Luego, sumamos las tazas de harina: 1 1/2 + 1/4 = 1 2/4 = 1 1/2 tazas. En total, Ana necesitará 3 tazas de azúcar y 1 1/2 tazas de harina."", ""answer"": ""3 tazas de azúcar y 1 1/2 tazas de harina""}",
MA06-OA-08-02,6° básico,Números y operaciones,MA06 OA 08,"Resolver problemas rutinarios y no rutinarios que involucren adiciones y sustracciones de fracciones propias, impropias, números mixtos o decimales hasta la milésima.",restar fracciones en contexto,"Usar fracciones propias, impropias, números mixtos o decimales hasta la milésima; adición y/o sustracción.",distancias,HuggingFaceTB/SmolLM3-3B,"Genera un problema matemático verbal para un estudiante de 6° básico.
Debe estar alineado con el siguiente Objetivo de Aprendizaje: Resolver problemas rutinarios y no rutinarios que involucren adiciones y sustracciones de fracciones propias, impropias, números mixtos o decimales hasta la milésima.
Habilidad a evaluar: restar fracciones en contexto.
Condiciones curriculares: Usar fracciones propias, impropias, números mixtos o decimales hasta la milésima; adición y/o sustracción..
Contexto: distancias.
Entrega el problema, su solución y la respuesta final.
Responde únicamente con un objeto JSON válido con esta estructura: {""problem"": ""..."", ""solution"": ""..."", ""answer"": ""...""}","Un estudiante de 6° básico está caminando por un parque. En el primer camino, recorre 1 y 3/10 de kilómetro. Luego, decide seguir por un segundo camino que es 2 y 1/5 de kilómetro más largo. ¿Cuánto total ha caminado el estudiante? Resuelve el problema utilizando fracciones propias, impropias, números mixtos o decimales hasta la milésima.","Primero, convertimos las fracciones a decimales para facilitar la suma. 1 y 3/10 es igual a 1.3 kilómetros, y 2 y 1/5 es igual a 2.2 kilómetros. Luego, sumamos 1.3 + 2.2 = 3.5 kilómetros. La respuesta final es 3.5 kilómetros.",3.5 kilómetros,"{""problem"": ""Un estudiante de 6° básico está caminando por un parque. En el primer camino, recorre 1 y 3/10 de kilómetro. Luego, decide seguir por un segundo camino que es 2 y 1/5 de kilómetro más largo. ¿Cuánto total ha caminado el estudiante? Resuelve el problema utilizando fracciones propias, impropias, números mixtos o decimales hasta la milésima."", ""solution"": ""Primero, convertimos las fracciones a decimales para facilitar la suma. 1 y 3/10 es igual a 1.3 kilómetros, y 2 y 1/5 es igual a 2.2 kilómetros. Luego, sumamos 1.3 + 2.2 = 3.5 kilómetros. La respuesta final es 3.5 kilómetros."", ""answer"": ""3.5 kilómetros""}",
MA06-OA-08-03,6° básico,Números y operaciones,MA06 OA 08,"Resolver problemas rutinarios y no rutinarios que involucren adiciones y sustracciones de fracciones propias, impropias, números mixtos o decimales hasta la milésima.",sumar números mixtos en contexto,"Usar fracciones propias, impropias, números mixtos o decimales hasta la milésima; adición y/o sustracción.",dinero,HuggingFaceTB/SmolLM3-3B,"Genera un problema matemático verbal para un estudiante de 6° básico.
Debe estar alineado con el siguiente Objetivo de Aprendizaje: Resolver problemas rutinarios y no rutinarios que involucren adiciones y sustracciones de fracciones propias, impropias, números mixtos o decimales hasta la milésima.
Habilidad a evaluar: sumar números mixtos en contexto.
Condiciones curriculares: Usar fracciones propias, impropias, números mixtos o decimales hasta la milésima; adición y/o sustracción..
Contexto: dinero.
Entrega el problema, su solución y la respuesta final.
Responde únicamente con un objeto JSON válido con esta estructura: {""problem"": ""..."", ""solution"": ""..."", ""answer"": ""...""}",Un estudiante quiere comprar una bicicleta que cuesta $15.50. Tiene $4.25 de su dinero y necesita comprar una batería de $1.75 para usarla. ¿Cuánto más dinero necesita el estudiante para comprar la bicicleta y la batería?,"Primero, sumamos el dinero que el estudiante ya tiene y el costo de la batería: $4.25 + $1.75 = $6.00. Luego, restamos este total del costo de la bicicleta: $15.50 - $6.00 = $9.50. Por lo tanto, el estudiante necesita $9.50 más para comprar la bicicleta y la batería.",9.50,"{""problem"": ""Un estudiante quiere comprar una bicicleta que cuesta $15.50. Tiene $4.25 de su dinero y necesita comprar una batería de $1.75 para usarla. ¿Cuánto más dinero necesita el estudiante para comprar la bicicleta y la batería?"", ""solution"": ""Primero, sumamos el dinero que el estudiante ya tiene y el costo de la batería: $4.25 + $1.75 = $6.00. Luego, restamos este total del costo de la bicicleta: $15.50 - $6.00 = $9.50. Por lo tanto, el estudiante necesita $9.50 más para comprar la bicicleta y la batería."", ""answer"": ""9.50""}",
MA06-OA-08-04,6° básico,Números y operaciones,MA06 OA 08,"Resolver problemas rutinarios y no rutinarios que involucren adiciones y sustracciones de fracciones propias, impropias, números mixtos o decimales hasta la milésima.",sumar o restar decimales en contexto,"Usar fracciones propias, impropias, números mixtos o decimales hasta la milésima; adición y/o sustracción.",materiales,HuggingFaceTB/SmolLM3-3B,"Genera un problema matemático verbal para un estudiante de 6° básico.
Debe estar alineado con el siguiente Objetivo de Aprendizaje: Resolver problemas rutinarios y no rutinarios que involucren adiciones y sustracciones de fracciones propias, impropias, números mixtos o decimales hasta la milésima.
Habilidad a evaluar: sumar o restar decimales en contexto.
Condiciones curriculares: Usar fracciones propias, impropias, números mixtos o decimales hasta la milésima; adición y/o sustracción..
Contexto: materiales.
Entrega el problema, su solución y la respuesta final.
Responde únicamente con un objeto JSON válido con esta estructura: {""problem"": ""..."", ""solution"": ""..."", ""answer"": ""...""}","María tiene 4,25 metros de cuerda. Quería cortarla en dos partes iguales. ¿Cuánto de la cuerda le quedará si corta una de las partes y luego usa esa parte para hacer un lazo en su mochila?","Primero, calculamos la mitad de la cuerda original. 4,25 metros divididos por 2 son 2,125 metros. Si María corta una de las partes, le quedará la otra parte, que también es 2,125 metros. Luego, si usa 2,125 metros para hacer un lazo, le quedará 4,25 metros - 2,125 metros = 2,125 metros de cuerda.","2,125 metros","{""problem"": ""María tiene 4,25 metros de cuerda. Quería cortarla en dos partes iguales. ¿Cuánto de la cuerda le quedará si corta una de las partes y luego usa esa parte para hacer un lazo en su mochila?"", ""solution"": ""Primero, calculamos la mitad de la cuerda original. 4,25 metros divididos por 2 son 2,125 metros. Si María corta una de las partes, le quedará la otra parte, que también es 2,125 metros. Luego, si usa 2,125 metros para hacer un lazo, le quedará 4,25 metros - 2,125 metros = 2,125 metros de cuerda."", ""answer"": ""2,125 metros""}",
MA06-OA-08-05,6° básico,Números y operaciones,MA06 OA 08,"Resolver problemas rutinarios y no rutinarios que involucren adiciones y sustracciones de fracciones propias, impropias, números mixtos o decimales hasta la milésima.",resolver un problema no rutinario con fracciones o decimales,"Usar fracciones propias, impropias, números mixtos o decimales hasta la milésima; adición y/o sustracción.",líquidos,HuggingFaceTB/SmolLM3-3B,"Genera un problema matemático verbal para un estudiante de 6° básico.
Debe estar alineado con el siguiente Objetivo de Aprendizaje: Resolver problemas rutinarios y no rutinarios que involucren adiciones y sustracciones de fracciones propias, impropias, números mixtos o decimales hasta la milésima.
Habilidad a evaluar: resolver un problema no rutinario con fracciones o decimales.
Condiciones curriculares: Usar fracciones propias, impropias, números mixtos o decimales hasta la milésima; adición y/o sustracción..
Contexto: líquidos.
Entrega el problema, su solución y la respuesta final.
Responde únicamente con un objeto JSON válido con esta estructura: {""problem"": ""..."", ""solution"": ""..."", ""answer"": ""...""}",Un recipiente de líquidos tiene 3 litros y 7 decimales de agua. Se le añade 1 litro y 5 decimales de más. ¿Cuánto líquido contiene el recipiente después de la adición?,"Primero, convertimos los números mixtos a fracciones. 3 litros y 7 decimales es igual a 3 + 7/10 = 37/10 litros. Luego, 1 litro y 5 decimales es igual a 1 + 5/10 = 15/10 litros. Ahora, sumamos 37/10 y 15/10, lo que nos da 52/10 litros. Simplificamos 52/10 a 5 y 2/10, o 5 y 1/5 litros. Por lo tanto, el recipiente contiene 5 y 1/5 litros de agua después de la adición.",5 y 1/5 litros,"{""problem"": ""Un recipiente de líquidos tiene 3 litros y 7 decimales de agua. Se le añade 1 litro y 5 decimales de más. ¿Cuánto líquido contiene el recipiente después de la adición?"", ""solution"": ""Primero, convertimos los números mixtos a fracciones. 3 litros y 7 decimales es igual a 3 + 7/10 = 37/10 litros. Luego, 1 litro y 5 decimales es igual a 1 + 5/10 = 15/10 litros. Ahora, sumamos 37/10 y 15/10, lo que nos da 52/10 litros. Simplificamos 52/10 a 5 y 2/10, o 5 y 1/5 litros. Por lo tanto, el recipiente contiene 5 y 1/5 litros de agua después de la adición."", ""answer"": ""5 y 1/5 litros""}",
MA06-OA-11-01,6° básico,Patrones y álgebra,MA06 OA 11,"Resolver ecuaciones de primer grado con una incógnita, utilizando estrategias como:
• usando una balanza
• usar la descomposición y la correspondencia 1 a 1 entre los términos en cada lado de la ecuación y aplicando procedimientos formales de resolución.",resolver una ecuación con suma,Usar ecuaciones de primer grado con una incógnita y valores apropiados para 6° básico.,ahorro,HuggingFaceTB/SmolLM3-3B,"Genera un problema matemático verbal para un estudiante de 6° básico.
Debe estar alineado con el siguiente Objetivo de Aprendizaje: Resolver ecuaciones de primer grado con una incógnita, utilizando estrategias como:
• usando una balanza
• usar la descomposición y la correspondencia 1 a 1 entre los términos en cada lado de la ecuación y aplicando procedimientos formales de resolución.
Habilidad a evaluar: resolver una ecuación con suma.
Condiciones curriculares: Usar ecuaciones de primer grado con una incógnita y valores apropiados para 6° básico..
Contexto: ahorro.
Entrega el problema, su solución y la respuesta final.
Responde únicamente con un objeto JSON válido con esta estructura: {""problem"": ""..."", ""solution"": ""..."", ""answer"": ""...""}",María tiene 15 monedas de 5 centavos y 10 monedas de 1 centavo. ¿Cuántos centavos tiene en total?,"Primero, calculamos el valor de las monedas de 5 centavos: 15 monedas * 5 centavos = 75 centavos. Luego, calculamos el valor de las monedas de 1 centavo: 10 monedas * 1 centavo = 10 centavos. Sumamos los valores de ambas cantidades: 75 centavos + 10 centavos = 85 centavos.",85,"{""problem"": ""María tiene 15 monedas de 5 centavos y 10 monedas de 1 centavo. ¿Cuántos centavos tiene en total?"", ""solution"": ""Primero, calculamos el valor de las monedas de 5 centavos: 15 monedas * 5 centavos = 75 centavos. Luego, calculamos el valor de las monedas de 1 centavo: 10 monedas * 1 centavo = 10 centavos. Sumamos los valores de ambas cantidades: 75 centavos + 10 centavos = 85 centavos."", ""answer"": ""85""}",
MA06-OA-11-02,6° básico,Patrones y álgebra,MA06 OA 11,"Resolver ecuaciones de primer grado con una incógnita, utilizando estrategias como:
• usando una balanza
• usar la descomposición y la correspondencia 1 a 1 entre los términos en cada lado de la ecuación y aplicando procedimientos formales de resolución.",resolver una ecuación con resta,Usar ecuaciones de primer grado con una incógnita y valores apropiados para 6° básico.,edades,HuggingFaceTB/SmolLM3-3B,"Genera un problema matemático verbal para un estudiante de 6° básico.
Debe estar alineado con el siguiente Objetivo de Aprendizaje: Resolver ecuaciones de primer grado con una incógnita, utilizando estrategias como:
• usando una balanza
• usar la descomposición y la correspondencia 1 a 1 entre los términos en cada lado de la ecuación y aplicando procedimientos formales de resolución.
Habilidad a evaluar: resolver una ecuación con resta.
Condiciones curriculares: Usar ecuaciones de primer grado con una incógnita y valores apropiados para 6° básico..
Contexto: edades.
Entrega el problema, su solución y la respuesta final.
Responde únicamente con un objeto JSON válido con esta estructura: {""problem"": ""..."", ""solution"": ""..."", ""answer"": ""...""}","En un mercado, se venden 12 manzanas y 8 naranjas. Si se venden 4 manzanas, ¿cuántas naranjas quedan si se venden el mismo número de naranjas que manzanas?","Primero, calculamos cuántas manzanas quedan después de vender 4: 12 - 4 = 8 manzanas. Luego, venderemos el mismo número de naranjas, es decir, 4 naranjas. Para encontrar cuántas naranjas quedan, restamos las naranjas vendidas de las naranjas iniciales: 8 - 4 = 4 naranjas. Por lo tanto, quedan 4 naranjas.",4,"{""problem"": ""En un mercado, se venden 12 manzanas y 8 naranjas. Si se venden 4 manzanas, ¿cuántas naranjas quedan si se venden el mismo número de naranjas que manzanas?"", ""solution"": ""Primero, calculamos cuántas manzanas quedan después de vender 4: 12 - 4 = 8 manzanas. Luego, venderemos el mismo número de naranjas, es decir, 4 naranjas. Para encontrar cuántas naranjas quedan, restamos las naranjas vendidas de las naranjas iniciales: 8 - 4 = 4 naranjas. Por lo tanto, quedan 4 naranjas."", ""answer"":  ""4""}",
MA06-OA-11-03,6° básico,Patrones y álgebra,MA06 OA 11,"Resolver ecuaciones de primer grado con una incógnita, utilizando estrategias como:
• usando una balanza
• usar la descomposición y la correspondencia 1 a 1 entre los términos en cada lado de la ecuación y aplicando procedimientos formales de resolución.",resolver una ecuación con multiplicación sencilla,Usar ecuaciones de primer grado con una incógnita y valores apropiados para 6° básico.,entradas,HuggingFaceTB/SmolLM3-3B,"Genera un problema matemático verbal para un estudiante de 6° básico.
Debe estar alineado con el siguiente Objetivo de Aprendizaje: Resolver ecuaciones de primer grado con una incógnita, utilizando estrategias como:
• usando una balanza
• usar la descomposición y la correspondencia 1 a 1 entre los términos en cada lado de la ecuación y aplicando procedimientos formales de resolución.
Habilidad a evaluar: resolver una ecuación con multiplicación sencilla.
Condiciones curriculares: Usar ecuaciones de primer grado con una incógnita y valores apropiados para 6° básico..
Contexto: entradas.
Entrega el problema, su solución y la respuesta final.
Responde únicamente con un objeto JSON válido con esta estructura: {""problem"": ""..."", ""solution"": ""..."", ""answer"": ""...""}","Había 15 manzanas en una caja. Si se sacaron 7 manzanas, ¿cuántas manzanas quedaron en la caja? Resuelve la ecuación: 15 - 7 = x.","Primero, restamos 7 manzanas de 15 manzanas. 15 - 7 = 8. Por lo tanto, hay 8 manzanas en la caja.",8,"{""problem"": ""Había 15 manzanas en una caja. Si se sacaron 7 manzanas, ¿cuántas manzanas quedaron en la caja? Resuelve la ecuación: 15 - 7 = x."", ""solution"": ""Primero, restamos 7 manzanas de 15 manzanas. 15 - 7 = 8. Por lo tanto, hay 8 manzanas en la caja."", ""answer"": ""8""}",
MA06-OA-11-04,6° básico,Patrones y álgebra,MA06 OA 11,"Resolver ecuaciones de primer grado con una incógnita, utilizando estrategias como:
• usando una balanza
• usar la descomposición y la correspondencia 1 a 1 entre los términos en cada lado de la ecuación y aplicando procedimientos formales de resolución.",resolver una ecuación con división sencilla,Usar ecuaciones de primer grado con una incógnita y valores apropiados para 6° básico.,colecciones,HuggingFaceTB/SmolLM3-3B,"Genera un problema matemático verbal para un estudiante de 6° básico.
Debe estar alineado con el siguiente Objetivo de Aprendizaje: Resolver ecuaciones de primer grado con una incógnita, utilizando estrategias como:
• usando una balanza
• usar la descomposición y la correspondencia 1 a 1 entre los términos en cada lado de la ecuación y aplicando procedimientos formales de resolución.
Habilidad a evaluar: resolver una ecuación con división sencilla.
Condiciones curriculares: Usar ecuaciones de primer grado con una incógnita y valores apropiados para 6° básico..
Contexto: colecciones.
Entrega el problema, su solución y la respuesta final.
Responde únicamente con un objeto JSON válido con esta estructura: {""problem"": ""..."", ""solution"": ""..."", ""answer"": ""...""}","Había 15 manzanas en una canasta. Juan sacó 5 manzanas y las repartió entre sus amigos, 3 de ellos recibieron 2 manzanas cada uno. ¿Cuántas manzanas le quedaron a Juan?","Primero, calculamos cuántas manzanas recibieron los 3 amigos. 3 amigos recibieron 2 manzanas cada uno, por lo que en total recibieron 3 * 2 = 6 manzanas. Luego, restamos las 5 manzanas que Juan sacó de la canasta y las 6 manzanas que le dio a sus amigos de la cantidad original de 15 manzanas. 15 - 5 - 6 = 4 manzanas. Por lo tanto, Juan le quedaron 4 manzanas.",Juan le quedaron 4 manzanas.,"{""problem"": ""Había 15 manzanas en una canasta. Juan sacó 5 manzanas y las repartió entre sus amigos, 3 de ellos recibieron 2 manzanas cada uno. ¿Cuántas manzanas le quedaron a Juan?"", ""solution"": ""Primero, calculamos cuántas manzanas recibieron los 3 amigos. 3 amigos recibieron 2 manzanas cada uno, por lo que en total recibieron 3 * 2 = 6 manzanas. Luego, restamos las 5 manzanas que Juan sacó de la canasta y las 6 manzanas que le dio a sus amigos de la cantidad original de 15 manzanas. 15 - 5 - 6 = 4 manzanas. Por lo tanto, Juan le quedaron 4 manzanas."", ""answer"":  ""Juan le quedaron 4 manzanas.""}",
MA06-OA-11-05,6° básico,Patrones y álgebra,MA06 OA 11,"Resolver ecuaciones de primer grado con una incógnita, utilizando estrategias como:
• usando una balanza
• usar la descomposición y la correspondencia 1 a 1 entre los términos en cada lado de la ecuación y aplicando procedimientos formales de resolución.",modelar una situación con una ecuación de primer grado,Usar ecuaciones de primer grado con una incógnita y valores apropiados para 6° básico.,distancias,HuggingFaceTB/SmolLM3-3B,"Genera un problema matemático verbal para un estudiante de 6° básico.
Debe estar alineado con el siguiente Objetivo de Aprendizaje: Resolver ecuaciones de primer grado con una incógnita, utilizando estrategias como:
• usando una balanza
• usar la descomposición y la correspondencia 1 a 1 entre los términos en cada lado de la ecuación y aplicando procedimientos formales de resolución.
Habilidad a evaluar: modelar una situación con una ecuación de primer grado.
Condiciones curriculares: Usar ecuaciones de primer grado con una incógnita y valores apropiados para 6° básico..
Contexto: distancias.
Entrega el problema, su solución y la respuesta final.
Responde únicamente con un objeto JSON válido con esta estructura: {""problem"": ""..."", ""solution"": ""..."", ""answer"": ""...""}","Un grupo de amigos se encuentra en un parque. Ellos deciden hacer una caminata. Cada amigo camina a una velocidad de 3 kilómetros por hora. Si el grupo camina durante 2 horas, ¿cuántos kilómetros recorren en total? Resuelve usando una ecuación de primer grado.","Primero, definimos la ecuación. Cada amigo camina a una velocidad de 3 kilómetros por hora y caminan durante 2 horas. Por lo tanto, la distancia que recorre cada amigo es 3 km/h * 2 h = 6 km. Si hay 4 amigos, el grupo en total recorre 4 * 6 km = 24 km. La ecuación es: 4 * (3 * 2) = x, donde x es la distancia total recorrida. La solución es x = 24 km.",24,"{""problem"": ""Un grupo de amigos se encuentra en un parque. Ellos deciden hacer una caminata. Cada amigo camina a una velocidad de 3 kilómetros por hora. Si el grupo camina durante 2 horas, ¿cuántos kilómetros recorren en total? Resuelve usando una ecuación de primer grado."", ""solution"": ""Primero, definimos la ecuación. Cada amigo camina a una velocidad de 3 kilómetros por hora y caminan durante 2 horas. Por lo tanto, la distancia que recorre cada amigo es 3 km/h * 2 h = 6 km. Si hay 4 amigos, el grupo en total recorre 4 * 6 km = 24 km. La ecuación es: 4 * (3 * 2) = x, donde x es la distancia total recorrida. La solución es x = 24 km."", ""answer"": ""24""}",
MA06-OA-18-01,6° básico,Medición,MA06 OA 18,Calcular la superficie de cubos y paralelepípedos expresando el resultado en cm² y m².,calcular superficie de un cubo,Expresar la superficie en cm² o m² y entregar todas las dimensiones necesarias.,cajas,HuggingFaceTB/SmolLM3-3B,"Genera un problema matemático verbal para un estudiante de 6° básico.
Debe estar alineado con el siguiente Objetivo de Aprendizaje: Calcular la superficie de cubos y paralelepípedos expresando el resultado en cm² y m².
Habilidad a evaluar: calcular superficie de un cubo.
Condiciones curriculares: Expresar la superficie en cm² o m² y entregar todas las dimensiones necesarias..
Contexto: cajas.
Entrega el problema, su solución y la respuesta final.
Responde únicamente con un objeto JSON válido con esta estructura: {""problem"": ""..."", ""solution"": ""..."", ""answer"": ""...""}","Un vendedor de cajas necesita calcular la superficie de una caja que mide 10 cm de largo, 8 cm de ancho y 6 cm de alto. ¿Cuál es la superficie total de la caja en cm²? ","Para calcular la superficie de una caja rectangular, necesitamos sumar las áreas de todas sus caras. La fórmula para la superficie de un cubo es 2(lb + lh + wh), donde l es la longitud, b es el ancho, h es el alto. En este caso, l = 10 cm, b = 8 cm y h = 6 cm. Entonces, la superficie total es: 2(10 	imes 8 + 10 	imes 6 + 8 	imes 6) = 2(80 + 60 + 48) = 2(188) = 376 cm². La superficie total de la caja es 376 cm².",376 cm²,"{""problem"": ""Un vendedor de cajas necesita calcular la superficie de una caja que mide 10 cm de largo, 8 cm de ancho y 6 cm de alto. ¿Cuál es la superficie total de la caja en cm²? "", ""solution"": ""Para calcular la superficie de una caja rectangular, necesitamos sumar las áreas de todas sus caras. La fórmula para la superficie de un cubo es 2(lb + lh + wh), donde l es la longitud, b es el ancho, h es el alto. En este caso, l = 10 cm, b = 8 cm y h = 6 cm. Entonces, la superficie total es: 2(10 \times 8 + 10 \times 6 + 8 \times 6) = 2(80 + 60 + 48) = 2(188) = 376 cm². La superficie total de la caja es 376 cm²."", ""answer"": ""376 cm²""}",
MA06-OA-18-02,6° básico,Medición,MA06 OA 18,Calcular la superficie de cubos y paralelepípedos expresando el resultado en cm² y m².,calcular superficie de un paralelepípedo,Expresar la superficie en cm² o m² y entregar todas las dimensiones necesarias.,envases,HuggingFaceTB/SmolLM3-3B,"Genera un problema matemático verbal para un estudiante de 6° básico.
Debe estar alineado con el siguiente Objetivo de Aprendizaje: Calcular la superficie de cubos y paralelepípedos expresando el resultado en cm² y m².
Habilidad a evaluar: calcular superficie de un paralelepípedo.
Condiciones curriculares: Expresar la superficie en cm² o m² y entregar todas las dimensiones necesarias..
Contexto: envases.
Entrega el problema, su solución y la respuesta final.
Responde únicamente con un objeto JSON válido con esta estructura: {""problem"": ""..."", ""solution"": ""..."", ""answer"": ""...""}","Un fabricante de envases necesita calcular la superficie de un paralelepípedo para determinar cuántas capas de material se necesitarán para cubrirlo. El paralelepípedo tiene una longitud de 20 cm, una anchura de 15 cm y una altura de 10 cm. ¿Cuál es la superficie total del paralelepípedo en cm²? Además, si el fabricante decide usar un material de 50 cm de espesor, ¿cuál será la superficie total del paralelepípedo en m²? Responde con la superficie en cm² y m².","Para calcular la superficie de un paralelepípedo, usamos la fórmula: 2(ab + ac + bc), donde a, b y c son las longitudes de los lados. En este caso, a = 20 cm, b = 15 cm y c = 10 cm. La superficie en cm² es: 2(20*15 + 20*10 + 15*10) = 2(300 + 200 + 150) = 2(650) = 1300 cm². Para convertir a m², dividimos por 10000 (ya que 1 m = 100 cm): 1300 cm² / 10000 = 0.13 m².",La superficie total del paralelepípedo en cm² es 1300 y en m² es 0.13.,"{""problem"": ""Un fabricante de envases necesita calcular la superficie de un paralelepípedo para determinar cuántas capas de material se necesitarán para cubrirlo. El paralelepípedo tiene una longitud de 20 cm, una anchura de 15 cm y una altura de 10 cm. ¿Cuál es la superficie total del paralelepípedo en cm²? Además, si el fabricante decide usar un material de 50 cm de espesor, ¿cuál será la superficie total del paralelepípedo en m²? Responde con la superficie en cm² y m²."", ""solution"": ""Para calcular la superficie de un paralelepípedo, usamos la fórmula: 2(ab + ac + bc), donde a, b y c son las longitudes de los lados. En este caso, a = 20 cm, b = 15 cm y c = 10 cm. La superficie en cm² es: 2(20*15 + 20*10 + 15*10) = 2(300 + 200 + 150) = 2(650) = 1300 cm². Para convertir a m², dividimos por 10000 (ya que 1 m = 100 cm): 1300 cm² / 10000 = 0.13 m²."", ""answer"": ""La superficie total del paralelepípedo en cm² es 1300 y en m² es 0.13.""}",
MA06-OA-18-03,6° básico,Medición,MA06 OA 18,Calcular la superficie de cubos y paralelepípedos expresando el resultado en cm² y m².,comparar superficies,Expresar la superficie en cm² o m² y entregar todas las dimensiones necesarias.,bloques,HuggingFaceTB/SmolLM3-3B,"Genera un problema matemático verbal para un estudiante de 6° básico.
Debe estar alineado con el siguiente Objetivo de Aprendizaje: Calcular la superficie de cubos y paralelepípedos expresando el resultado en cm² y m².
Habilidad a evaluar: comparar superficies.
Condiciones curriculares: Expresar la superficie en cm² o m² y entregar todas las dimensiones necesarias..
Contexto: bloques.
Entrega el problema, su solución y la respuesta final.
Responde únicamente con un objeto JSON válido con esta estructura: {""problem"": ""..."", ""solution"": ""..."", ""answer"": ""...""}","Un niño tiene un cubo de 5 cm de lado y un paralelepípedo rectangular de 3 m de largo, 2 m de ancho y 1 m de alto. ¿Cuál es la superficie total de los dos objetos expresada en cm² y m²? ¿Qué conclusiones se pueden sacar sobre la superficie de los cubos en comparación con los paralelepípedos?","Para calcular la superficie del cubo, usamos la fórmula 6a², donde a es el lado del cubo. Por lo tanto, la superficie del cubo es 6 * (5 cm)² = 150 cm². Para el paralelepípedo, usamos la fórmula 2(ab + bc + ac), donde a, b y c son las longitudes de los lados. Entonces, la superficie del paralelepípedo es 2 * (3 m * 2 m + 2 m * 1 m + 3 m * 1 m) = 2 * (6 m² + 2 m² + 3 m²) = 22 m². La superficie total es 150 cm² + 22 m² = 0.015 m² + 22 m² = 22.015 cm² (convertimos 150 cm² a m²: 150 cm² = 0.015 m²). En comparación, el cubo tiene una superficie mucho menor que el paralelepípedo, lo que indica que los paralelepípedos suelen tener una superficie más extensa.",La superficie total de los dos objetos es 22.015 cm².,"{""problem"": ""Un niño tiene un cubo de 5 cm de lado y un paralelepípedo rectangular de 3 m de largo, 2 m de ancho y 1 m de alto. ¿Cuál es la superficie total de los dos objetos expresada en cm² y m²? ¿Qué conclusiones se pueden sacar sobre la superficie de los cubos en comparación con los paralelepípedos?"", ""solution"": ""Para calcular la superficie del cubo, usamos la fórmula 6a², donde a es el lado del cubo. Por lo tanto, la superficie del cubo es 6 * (5 cm)² = 150 cm². Para el paralelepípedo, usamos la fórmula 2(ab + bc + ac), donde a, b y c son las longitudes de los lados. Entonces, la superficie del paralelepípedo es 2 * (3 m * 2 m + 2 m * 1 m + 3 m * 1 m) = 2 * (6 m² + 2 m² + 3 m²) = 22 m². La superficie total es 150 cm² + 22 m² = 0.015 m² + 22 m² = 22.015 cm² (convertimos 150 cm² a m²: 150 cm² = 0.015 m²). En comparación, el cubo tiene una superficie mucho menor que el paralelepípedo, lo que indica que los paralelepípedos suelen tener una superficie más extensa."", ""answer"": ""La superficie total de los dos objetos es 22.015 cm².""}",
MA06-OA-18-04,6° básico,Medición,MA06 OA 18,Calcular la superficie de cubos y paralelepípedos expresando el resultado en cm² y m².,hallar una medida faltante en un caso sencillo de superficie,Expresar la superficie en cm² o m² y entregar todas las dimensiones necesarias.,maquetas,HuggingFaceTB/SmolLM3-3B,"Genera un problema matemático verbal para un estudiante de 6° básico.
Debe estar alineado con el siguiente Objetivo de Aprendizaje: Calcular la superficie de cubos y paralelepípedos expresando el resultado en cm² y m².
Habilidad a evaluar: hallar una medida faltante en un caso sencillo de superficie.
Condiciones curriculares: Expresar la superficie en cm² o m² y entregar todas las dimensiones necesarias..
Contexto: maquetas.
Entrega el problema, su solución y la respuesta final.
Responde únicamente con un objeto JSON válido con esta estructura: {""problem"": ""..."", ""solution"": ""..."", ""answer"": ""...""}",Un grupo de estudiantes está construyendo maquetas de edificios. Una de las maquetas es un paralelepípedo rectangular con una base de 10 cm de largo y 6 cm de ancho. La altura del paralelepípedo es de 15 cm. ¿Cuál es la superficie total de la maqueta en cm²? ¿Cuántos cm² faltan para alcanzar una superficie de 420 cm²?,"Para calcular la superficie de un paralelepípedo rectangular, utilizamos la fórmula: S = 2(ab + bc + ac), donde a, b y c son las dimensiones del paralelepípedo. En este caso, a = 10 cm, b = 6 cm y c = 15 cm. S = 2(10 	imes 6 + 6 	imes 15 + 10 	imes 15) = 2(60 + 90 + 150) = 2 	imes 300 = 600 cm². Para encontrar cuántos cm² faltan para alcanzar una superficie de 420 cm², restamos 600 cm² - 420 cm² = 180 cm².",La superficie total de la maqueta es 600 cm² y faltan 180 cm² para alcanzar una superficie de 420 cm².,"{""problem"": ""Un grupo de estudiantes está construyendo maquetas de edificios. Una de las maquetas es un paralelepípedo rectangular con una base de 10 cm de largo y 6 cm de ancho. La altura del paralelepípedo es de 15 cm. ¿Cuál es la superficie total de la maqueta en cm²? ¿Cuántos cm² faltan para alcanzar una superficie de 420 cm²?"", ""solution"": ""Para calcular la superficie de un paralelepípedo rectangular, utilizamos la fórmula: S = 2(ab + bc + ac), donde a, b y c son las dimensiones del paralelepípedo. En este caso, a = 10 cm, b = 6 cm y c = 15 cm. S = 2(10 \times 6 + 6 \times 15 + 10 \times 15) = 2(60 + 90 + 150) = 2 \times 300 = 600 cm². Para encontrar cuántos cm² faltan para alcanzar una superficie de 420 cm², restamos 600 cm² - 420 cm² = 180 cm²."", ""answer"": ""La superficie total de la maqueta es 600 cm² y faltan 180 cm² para alcanzar una superficie de 420 cm².""}",
MA06-OA-18-05,6° básico,Medición,MA06 OA 18,Calcular la superficie de cubos y paralelepípedos expresando el resultado en cm² y m².,resolver un problema contextual de superficie,Expresar la superficie en cm² o m² y entregar todas las dimensiones necesarias.,embalajes,HuggingFaceTB/SmolLM3-3B,"Genera un problema matemático verbal para un estudiante de 6° básico.
Debe estar alineado con el siguiente Objetivo de Aprendizaje: Calcular la superficie de cubos y paralelepípedos expresando el resultado en cm² y m².
Habilidad a evaluar: resolver un problema contextual de superficie.
Condiciones curriculares: Expresar la superficie en cm² o m² y entregar todas las dimensiones necesarias..
Contexto: embalajes.
Entrega el problema, su solución y la respuesta final.
Responde únicamente con un objeto JSON válido con esta estructura: {""problem"": ""..."", ""solution"": ""..."", ""answer"": ""...""}","Un fabricante de empaques necesita calcular la superficie de un paquete rectangular para determinar cuánta cinta adhesiva necesitará para envolverlo. El paquete mide 15 cm de largo, 10 cm de ancho y 5 cm de alto. ¿Cuál es la superficie total del paquete en cm²? Además, si el paquete se vende en cajas de 100 unidades, ¿cuánta cinta adhesiva necesitará para 50 cajas? La cinta adhesiva viene en rollos de 500 m². ¿Cuántos rollos se necesitarán para cubrir todas las cajas?","Primero, calculamos la superficie de un lado del paquete. La fórmula para la superficie de un paquete rectangular es: 2(lb + lh + wh), donde l, b, h son las longitudes, ancho y altura del paquete. Sustituyendo los valores dados: 2(15*10 + 15*5 + 10*5) = 2(150 + 75 + 50) = 2(275) = 550 cm². La superficie total del paquete es 550 cm². Para 50 cajas, necesitamos 50 * 550 = 27,500 cm². La cinta adhesiva viene en rollos de 500 m². Convertimos 27,500 cm² a m²: 27,500 cm² = 0.275 m². Dividimos 0.275 m² entre 500 m² por rollo: 0.275 / 500 = 0.00055 rollos. Por lo tanto, se necesitan 0.00055 rollos de cinta adhesiva.",La superficie total del paquete es 550 cm² y se necesitan 0.00055 rollos de cinta adhesiva para 50 cajas.,"{""problem"": ""Un fabricante de empaques necesita calcular la superficie de un paquete rectangular para determinar cuánta cinta adhesiva necesitará para envolverlo. El paquete mide 15 cm de largo, 10 cm de ancho y 5 cm de alto. ¿Cuál es la superficie total del paquete en cm²? Además, si el paquete se vende en cajas de 100 unidades, ¿cuánta cinta adhesiva necesitará para 50 cajas? La cinta adhesiva viene en rollos de 500 m². ¿Cuántos rollos se necesitarán para cubrir todas las cajas?"", ""solution"": ""Primero, calculamos la superficie de un lado del paquete. La fórmula para la superficie de un paquete rectangular es: 2(lb + lh + wh), donde l, b, h son las longitudes, ancho y altura del paquete. Sustituyendo los valores dados: 2(15*10 + 15*5 + 10*5) = 2(150 + 75 + 50) = 2(275) = 550 cm². La superficie total del paquete es 550 cm². Para 50 cajas, necesitamos 50 * 550 = 27,500 cm². La cinta adhesiva viene en rollos de 500 m². Convertimos 27,500 cm² a m²: 27,500 cm² = 0.275 m². Dividimos 0.275 m² entre 500 m² por rollo: 0.275 / 500 = 0.00055 rollos. Por lo tanto, se necesitan 0.00055 rollos de cinta adhesiva."", ""answer"": ""La superficie total del paquete es 550 cm² y se necesitan 0.00055 rollos de cinta adhesiva para 50 cajas.""}",
MA06-OA-19-01,6° básico,Medición,MA06 OA 19,"Calcular el volumen de cubos y paralelepípedos, expresando el resultado en cm³, m³ y mm³.",calcular volumen de un cubo,"Expresar el volumen en cm³, m³ o mm³ y entregar todas las dimensiones necesarias.",cajas,HuggingFaceTB/SmolLM3-3B,"Genera un problema matemático verbal para un estudiante de 6° básico.
Debe estar alineado con el siguiente Objetivo de Aprendizaje: Calcular el volumen de cubos y paralelepípedos, expresando el resultado en cm³, m³ y mm³.
Habilidad a evaluar: calcular volumen de un cubo.
Condiciones curriculares: Expresar el volumen en cm³, m³ o mm³ y entregar todas las dimensiones necesarias..
Contexto: cajas.
Entrega el problema, su solución y la respuesta final.
Responde únicamente con un objeto JSON válido con esta estructura: {""problem"": ""..."", ""solution"": ""..."", ""answer"": ""...""}","Una caja rectangular mide 10 cm de largo, 5 cm de ancho y 8 cm de alto. ¿Cuál es el volumen de la caja en cm³? ¿Cuál es el volumen de la caja en m³? ¿Cuál es el volumen de la caja en mm³?","Para calcular el volumen de un cubo, utilizamos la fórmula V = l 	imes ancho 	imes alto. En este caso, el volumen en cm³ es: 10 cm 	imes 5 cm 	imes 8 cm = 400 cm³. Para convertir a m³, primero convertimos 400 cm³ a metros cúbicos: 400 cm³ = 400 / (100 	imes 100 	imes 100) m³ = 0.004 m³. Finalmente, para convertir a mm³, primero convertimos 400 cm³ a mm³: 400 cm³ = 400 	imes (10 	imes 10 	imes 10) mm³ = 4000000 mm³.","El volumen de la caja es 400 cm³, 0.004 m³ y 4000000 mm³.","{""problem"": ""Una caja rectangular mide 10 cm de largo, 5 cm de ancho y 8 cm de alto. ¿Cuál es el volumen de la caja en cm³? ¿Cuál es el volumen de la caja en m³? ¿Cuál es el volumen de la caja en mm³?"", ""solution"": ""Para calcular el volumen de un cubo, utilizamos la fórmula V = l \times ancho \times alto. En este caso, el volumen en cm³ es: 10 cm \times 5 cm \times 8 cm = 400 cm³. Para convertir a m³, primero convertimos 400 cm³ a metros cúbicos: 400 cm³ = 400 / (100 \times 100 \times 100) m³ = 0.004 m³. Finalmente, para convertir a mm³, primero convertimos 400 cm³ a mm³: 400 cm³ = 400 \times (10 \times 10 \times 10) mm³ = 4000000 mm³."", ""answer"": ""El volumen de la caja es 400 cm³, 0.004 m³ y 4000000 mm³.""}",
MA06-OA-19-02,6° básico,Medición,MA06 OA 19,"Calcular el volumen de cubos y paralelepípedos, expresando el resultado en cm³, m³ y mm³.",calcular volumen de un paralelepípedo,"Expresar el volumen en cm³, m³ o mm³ y entregar todas las dimensiones necesarias.",acuarios,HuggingFaceTB/SmolLM3-3B,"Genera un problema matemático verbal para un estudiante de 6° básico.
Debe estar alineado con el siguiente Objetivo de Aprendizaje: Calcular el volumen de cubos y paralelepípedos, expresando el resultado en cm³, m³ y mm³.
Habilidad a evaluar: calcular volumen de un paralelepípedo.
Condiciones curriculares: Expresar el volumen en cm³, m³ o mm³ y entregar todas las dimensiones necesarias..
Contexto: acuarios.
Entrega el problema, su solución y la respuesta final.
Responde únicamente con un objeto JSON válido con esta estructura: {""problem"": ""..."", ""solution"": ""..."", ""answer"": ""...""}","Un acuario tiene una forma de paralelepípedo con dimensiones de 30 cm de largo, 20 cm de ancho y 15 cm de alto. ¿Cuál es el volumen del acuario en cm³, m³ y mm³? ¿Cómo se calcula el volumen de un paralelepípedo?","Para calcular el volumen de un paralelepípedo, se utiliza la fórmula V = longitud 	imes ancho 	imes alto. En este caso, las dimensiones son 30 cm de largo, 20 cm de ancho y 15 cm de alto. Por lo tanto, el volumen en cm³ es: 30 cm 	imes 20 cm 	imes 15 cm = 9000 cm³. Para convertir a m³, se divide por 1,000,000 (1 m³ = 1,000,000 cm³), por lo que 9000 cm³ = 0.009 m³. Para convertir a mm³, se multiplica por 1,000,000,000 (1 m³ = 1,000,000,000 mm³), por lo que 9000 cm³ = 9,000,000,000 mm³ = 9 	imes 10^9 mm³. El volumen del acuario es 9000 cm³, 0.009 m³ y 9 	imes 10^9 mm³.","El volumen del acuario es 9000 cm³, 0.009 m³ y 9 	imes 10^9 mm³.","{""problem"": ""Un acuario tiene una forma de paralelepípedo con dimensiones de 30 cm de largo, 20 cm de ancho y 15 cm de alto. ¿Cuál es el volumen del acuario en cm³, m³ y mm³? ¿Cómo se calcula el volumen de un paralelepípedo?"", ""solution"": ""Para calcular el volumen de un paralelepípedo, se utiliza la fórmula V = longitud \times ancho \times alto. En este caso, las dimensiones son 30 cm de largo, 20 cm de ancho y 15 cm de alto. Por lo tanto, el volumen en cm³ es: 30 cm \times 20 cm \times 15 cm = 9000 cm³. Para convertir a m³, se divide por 1,000,000 (1 m³ = 1,000,000 cm³), por lo que 9000 cm³ = 0.009 m³. Para convertir a mm³, se multiplica por 1,000,000,000 (1 m³ = 1,000,000,000 mm³), por lo que 9000 cm³ = 9,000,000,000 mm³ = 9 \times 10^9 mm³. El volumen del acuario es 9000 cm³, 0.009 m³ y 9 \times 10^9 mm³."", ""answer"": ""El volumen del acuario es 9000 cm³, 0.009 m³ y 9 \times 10^9 mm³.""}",
MA06-OA-19-03,6° básico,Medición,MA06 OA 19,"Calcular el volumen de cubos y paralelepípedos, expresando el resultado en cm³, m³ y mm³.",comparar volúmenes,"Expresar el volumen en cm³, m³ o mm³ y entregar todas las dimensiones necesarias.",contenedores,HuggingFaceTB/SmolLM3-3B,"Genera un problema matemático verbal para un estudiante de 6° básico.
Debe estar alineado con el siguiente Objetivo de Aprendizaje: Calcular el volumen de cubos y paralelepípedos, expresando el resultado en cm³, m³ y mm³.
Habilidad a evaluar: comparar volúmenes.
Condiciones curriculares: Expresar el volumen en cm³, m³ o mm³ y entregar todas las dimensiones necesarias..
Contexto: contenedores.
Entrega el problema, su solución y la respuesta final.
Responde únicamente con un objeto JSON válido con esta estructura: {""problem"": ""..."", ""solution"": ""..."", ""answer"": ""...""}","Un contenedor rectangular tiene una longitud de 10 cm, una anchura de 5 cm y una altura de 2 cm. Otro contenedor similar tiene una longitud de 2 m, una anchura de 0.5 m y una altura de 1 m. ¿Cuál es el volumen de cada contenedor en cm³, m³ y mm³? ¿Cuál es el volumen de los contenedores en comparación entre sí? ","Para calcular el volumen de un contenedor rectangular, se utiliza la fórmula V = longitud × anchura × altura. 

**Contenedor 1:** 
Volumen en cm³: 10 cm × 5 cm × 2 cm = 100 cm³ 
Volumen en m³: 100 cm³ ÷ 1,000,000 cm³/m³ = 0.0001 m³ 
Volumen en mm³: 100 cm³ × 1,000,000 mm³/cm³ = 100,000,000 mm³ 

**Contenedor 2:** 
Volumen en cm³: 200 cm × 50 cm × 100 cm = 100,000 cm³ 
Volumen en m³: 100,000 cm³ ÷ 1,000,000 cm³/m³ = 0.1 m³ 
Volumen en mm³: 100,000 cm³ × 1,000,000 mm³/cm³ = 100,000,000,000 mm³ 

Comparación de volúmenes: El contenedor 2 tiene 10 veces más volumen que el contenedor 1.","Contenedor 1: 100 cm³, 0.0001 m³, 100,000,000 mm³ 
Contenedor 2: 100,000 cm³, 0.1 m³, 100,000,000,000 mm³ 
El contenedor 2 tiene 10 veces más volumen que el contenedor 1.","{""problem"": ""Un contenedor rectangular tiene una longitud de 10 cm, una anchura de 5 cm y una altura de 2 cm. Otro contenedor similar tiene una longitud de 2 m, una anchura de 0.5 m y una altura de 1 m. ¿Cuál es el volumen de cada contenedor en cm³, m³ y mm³? ¿Cuál es el volumen de los contenedores en comparación entre sí? "", ""solution"": ""Para calcular el volumen de un contenedor rectangular, se utiliza la fórmula V = longitud × anchura × altura. \n\n**Contenedor 1:** \nVolumen en cm³: 10 cm × 5 cm × 2 cm = 100 cm³ \nVolumen en m³: 100 cm³ ÷ 1,000,000 cm³/m³ = 0.0001 m³ \nVolumen en mm³: 100 cm³ × 1,000,000 mm³/cm³ = 100,000,000 mm³ \n\n**Contenedor 2:** \nVolumen en cm³: 200 cm × 50 cm × 100 cm = 100,000 cm³ \nVolumen en m³: 100,000 cm³ ÷ 1,000,000 cm³/m³ = 0.1 m³ \nVolumen en mm³: 100,000 cm³ × 1,000,000 mm³/cm³ = 100,000,000,000 mm³ \n\nComparación de volúmenes: El contenedor 2 tiene 10 veces más volumen que el contenedor 1."", ""answer"": ""Contenedor 1: 100 cm³, 0.0001 m³, 100,000,000 mm³ \nContenedor 2: 100,000 cm³, 0.1 m³, 100,000,000,000 mm³ \nEl contenedor 2 tiene 10 veces más volumen que el contenedor 1.""}",
MA06-OA-19-04,6° básico,Medición,MA06 OA 19,"Calcular el volumen de cubos y paralelepípedos, expresando el resultado en cm³, m³ y mm³.",hallar una dimensión faltante en un caso sencillo de volumen,"Expresar el volumen en cm³, m³ o mm³ y entregar todas las dimensiones necesarias.",bloques,HuggingFaceTB/SmolLM3-3B,"Genera un problema matemático verbal para un estudiante de 6° básico.
Debe estar alineado con el siguiente Objetivo de Aprendizaje: Calcular el volumen de cubos y paralelepípedos, expresando el resultado en cm³, m³ y mm³.
Habilidad a evaluar: hallar una dimensión faltante en un caso sencillo de volumen.
Condiciones curriculares: Expresar el volumen en cm³, m³ o mm³ y entregar todas las dimensiones necesarias..
Contexto: bloques.
Entrega el problema, su solución y la respuesta final.
Responde únicamente con un objeto JSON válido con esta estructura: {""problem"": ""..."", ""solution"": ""..."", ""answer"": ""...""}","Un niño tiene un bloque de madera rectangular con dimensiones de 8 cm de largo, 4 cm de ancho y 3 cm de alto. Si el bloque se corta en cubos de 1 cm de lado, ¿cuántos cubos se formarán? ¿Cuál es el volumen de cada cubo en cm³, mm³ y m³?","Para calcular el número de cubos, primero calculamos el volumen del bloque original. El volumen del bloque es: 8 cm * 4 cm * 3 cm = 96 cm³. Cada cubo tiene un volumen de 1 cm * 1 cm * 1 cm = 1 cm³. Por lo tanto, el número de cubos es 96 cm³ / 1 cm³ = 96 cubos. Para el volumen en mm³, recordemos que 1 cm³ = 1000 mm³, por lo tanto, 96 cm³ = 96 * 1000 mm³ = 96,000 mm³. Para el volumen en m³, recordemos que 1 m³ = 1,000,000 cm³, por lo tanto, 96 cm³ = 96 / 1,000,000 m³ = 0.000096 m³.","El número de cubos es 96, el volumen de cada cubo es 96 cm³, 96,000 mm³ y 0.000096 m³.","{""problem"": ""Un niño tiene un bloque de madera rectangular con dimensiones de 8 cm de largo, 4 cm de ancho y 3 cm de alto. Si el bloque se corta en cubos de 1 cm de lado, ¿cuántos cubos se formarán? ¿Cuál es el volumen de cada cubo en cm³, mm³ y m³?"", ""solution"": ""Para calcular el número de cubos, primero calculamos el volumen del bloque original. El volumen del bloque es: 8 cm * 4 cm * 3 cm = 96 cm³. Cada cubo tiene un volumen de 1 cm * 1 cm * 1 cm = 1 cm³. Por lo tanto, el número de cubos es 96 cm³ / 1 cm³ = 96 cubos. Para el volumen en mm³, recordemos que 1 cm³ = 1000 mm³, por lo tanto, 96 cm³ = 96 * 1000 mm³ = 96,000 mm³. Para el volumen en m³, recordemos que 1 m³ = 1,000,000 cm³, por lo tanto, 96 cm³ = 96 / 1,000,000 m³ = 0.000096 m³."", ""answer"": ""El número de cubos es 96, el volumen de cada cubo es 96 cm³, 96,000 mm³ y 0.000096 m³.""}",
MA06-OA-19-05,6° básico,Medición,MA06 OA 19,"Calcular el volumen de cubos y paralelepípedos, expresando el resultado en cm³, m³ y mm³.",resolver un problema contextual de volumen,"Expresar el volumen en cm³, m³ o mm³ y entregar todas las dimensiones necesarias.",bodegas,HuggingFaceTB/SmolLM3-3B,"Genera un problema matemático verbal para un estudiante de 6° básico.
Debe estar alineado con el siguiente Objetivo de Aprendizaje: Calcular el volumen de cubos y paralelepípedos, expresando el resultado en cm³, m³ y mm³.
Habilidad a evaluar: resolver un problema contextual de volumen.
Condiciones curriculares: Expresar el volumen en cm³, m³ o mm³ y entregar todas las dimensiones necesarias..
Contexto: bodegas.
Entrega el problema, su solución y la respuesta final.
Responde únicamente con un objeto JSON válido con esta estructura: {""problem"": ""..."", ""solution"": ""..."", ""answer"": ""...""}","En una bodega de 10 metros de largo, 5 metros de ancho y 3 metros de alto, se desea calcular el volumen total de almacenamiento. Si se deciden construir 4 bodegas más con dimensiones idénticas, ¿cuál es el volumen total de todas las bodegas en metros cúbicos (m³), centímetros cúbicos (cm³) y milímetros cúbicos (mm³)?","Para calcular el volumen de una bodega, se utiliza la fórmula del volumen de un paralelepípedo: V = L 	imes A 	imes H, donde L es la longitud, A es el ancho y H es la altura. Para una bodega, L = 10 m, A = 5 m y H = 3 m. Por lo tanto, el volumen de una bodega es V = 10 	imes 5 	imes 3 = 150 m³. Para calcular el volumen total de las 5 bodegas, se multiplica el volumen de una bodega por 5: 150 m³ 	imes 5 = 750 m³. Para convertir el volumen a cm³, se multiplica por 1,000,000 (1 m³ = 1,000,000 cm³): 750 m³ 	imes 1,000,000 = 750,000,000 cm³. Para convertir el volumen a mm³, se multiplica por 1,000,000,000 (1 m³ = 1,000,000,000 mm³): 750 m³ 	imes 1,000,000,000 = 750,000,000,000 mm³. Por lo tanto, el volumen total de todas las bodegas es 750 m³, 750,000,000 cm³ y 750,000,000,000 mm³.","750 m³, 750,000,000 cm³ y 750,000,000,000 mm³","{""problem"": ""En una bodega de 10 metros de largo, 5 metros de ancho y 3 metros de alto, se desea calcular el volumen total de almacenamiento. Si se deciden construir 4 bodegas más con dimensiones idénticas, ¿cuál es el volumen total de todas las bodegas en metros cúbicos (m³), centímetros cúbicos (cm³) y milímetros cúbicos (mm³)?"", ""solution"": ""Para calcular el volumen de una bodega, se utiliza la fórmula del volumen de un paralelepípedo: V = L \times A \times H, donde L es la longitud, A es el ancho y H es la altura. Para una bodega, L = 10 m, A = 5 m y H = 3 m. Por lo tanto, el volumen de una bodega es V = 10 \times 5 \times 3 = 150 m³. Para calcular el volumen total de las 5 bodegas, se multiplica el volumen de una bodega por 5: 150 m³ \times 5 = 750 m³. Para convertir el volumen a cm³, se multiplica por 1,000,000 (1 m³ = 1,000,000 cm³): 750 m³ \times 1,000,000 = 750,000,000 cm³. Para convertir el volumen a mm³, se multiplica por 1,000,000,000 (1 m³ = 1,000,000,000 mm³): 750 m³ \times 1,000,000,000 = 750,000,000,000 mm³. Por lo tanto, el volumen total de todas las bodegas es 750 m³, 750,000,000 cm³ y 750,000,000,000 mm³."", ""answer"": ""750 m³, 750,000,000 cm³ y 750,000,000,000 mm³""}",
